-- phpMyAdmin SQL Dump
-- version 4.2.9.1
-- http://www.phpmyadmin.net
--
-- Хост: localhost
-- Время создания: Май 02 2016 г., 11:16
-- Версия сервера: 5.5.48-cll-lve
-- Версия PHP: 5.5.34

SET SQL_MODE = "NO_AUTO_VALUE_ON_ZERO";
SET time_zone = "+00:00";


/*!40101 SET @OLD_CHARACTER_SET_CLIENT=@@CHARACTER_SET_CLIENT */;
/*!40101 SET @OLD_CHARACTER_SET_RESULTS=@@CHARACTER_SET_RESULTS */;
/*!40101 SET @OLD_COLLATION_CONNECTION=@@COLLATION_CONNECTION */;
/*!40101 SET NAMES utf8 */;

--
-- База данных: `v_13389_biostat`
--

-- --------------------------------------------------------

--
-- Структура таблицы `bibl_author`
--

CREATE TABLE IF NOT EXISTS `bibl_author` (
`id` int(11) NOT NULL,
  `publication_id` int(11) DEFAULT '-1' COMMENT 'Код публикации',
  `last_name` varchar(50) DEFAULT NULL,
  `first_name` varchar(50) DEFAULT NULL,
  `patronymic_name` varchar(50) DEFAULT NULL,
  `organization_name` varchar(250) DEFAULT NULL COMMENT 'Место работы автора (полное название  организации)',
  `organization_id` int(11) DEFAULT NULL COMMENT 'Место работы автора (полное название  организации)',
  `user` varchar(25) DEFAULT NULL,
  `insert_date` timestamp NOT NULL DEFAULT CURRENT_TIMESTAMP
) ENGINE=InnoDB AUTO_INCREMENT=126 DEFAULT CHARSET=utf8;

--
-- Дамп данных таблицы `bibl_author`
--

INSERT INTO `bibl_author` (`id`, `publication_id`, `last_name`, `first_name`, `patronymic_name`, `organization_name`, `organization_id`, `user`, `insert_date`) VALUES
(1, 1, 'Исмаилов', 'С', 'Б', 'Казахский научно-исследовательский институт онкологии и радиологии МЗ РК', NULL, 'sanzhar73@mail.ru', '2014-05-21 07:58:56'),
(3, 3, 'Исмаилов', 'С', 'Б', 'Казахский научно-исследовательский институт онкологии и радиологии МЗ РК', NULL, 'goncharova.2004@mail.ru', '2014-05-23 06:06:40'),
(4, 4, 'Есентаева', 'С', 'Е', 'Казахский научно-исследовательский институт онкологии и радиологии МЗ РК', NULL, 'goncharova.2004@mail.ru', '2014-05-23 06:17:31'),
(5, 4, 'Серикбаев', 'Г', 'А', 'Казахский научно-исследовательский институт онкологии и радиологии МЗ РК', NULL, 'goncharova.2004@mail.ru', '2014-05-23 06:17:31'),
(6, 4, 'Тулеуова', 'Д', 'А', 'Казахский научно-исследовательский институт онкологии и радиологии МЗ РК', NULL, 'goncharova.2004@mail.ru', '2014-05-23 06:17:31'),
(7, 4, 'Абдрахманова', 'А', 'Ж', 'Казахский научно-исследовательский институт онкологии и радиологии МЗ РК', NULL, 'goncharova.2004@mail.ru', '2014-05-23 06:17:31'),
(8, 4, 'Нургалиев', 'Н', 'С', 'Казахский научно-исследовательский институт онкологии и радиологии МЗ РК', NULL, 'goncharova.2004@mail.ru', '2014-05-23 06:17:31'),
(9, 4, 'Аяпбергенова', 'Г', 'О', 'Казахский научно-исследовательский институт онкологии и радиологии МЗ РК', NULL, 'goncharova.2004@mail.ru', '2014-05-23 06:17:31'),
(10, 4, 'Ильянова', 'З', 'Т', 'Казахский научно-исследовательский институт онкологии и радиологии МЗ РК', NULL, 'goncharova.2004@mail.ru', '2014-05-23 06:17:31'),
(11, 5, 'Ажмагамбетова', 'А', 'Е', 'Казахский научно-исследовательский институт онкологии и радиологии МЗ РК', NULL, 'goncharova.2004@mail.ru', '2014-05-23 06:29:24'),
(12, 5, 'Чингисова', 'Ж', 'К', 'Казахский научно-исследовательский институт онкологии и радиологии МЗ РК', NULL, 'goncharova.2004@mail.ru', '2014-05-23 06:29:24'),
(13, 5, 'Ижанов', 'Е', 'Б', 'Казахский научно-исследовательский институт онкологии и радиологии МЗ РК', NULL, 'goncharova.2004@mail.ru', '2014-05-23 06:29:24'),
(14, 5, 'Манжуева', 'А', 'Д', 'Казахский научно-исследовательский институт онкологии и радиологии МЗ РК', NULL, 'goncharova.2004@mail.ru', '2014-05-23 06:29:24'),
(15, 5, 'Аширова', 'С', 'С', 'Казахский научно-исследовательский институт онкологии и радиологии МЗ РК', NULL, 'goncharova.2004@mail.ru', '2014-05-23 06:29:24'),
(16, 6, 'Шалбаева', 'Р', 'Ш', 'Казахский научно-исследовательский институт онкологии и радиологии МЗ РК', NULL, 'goncharova.2004@mail.ru', '2014-05-23 06:45:59'),
(17, 6, 'Кайрбаев', 'М', 'Р', 'Казахский научно-исследовательский институт онкологии и радиологии МЗ РК', NULL, 'goncharova.2004@mail.ru', '2014-05-23 06:45:59'),
(18, 6, 'Макимбетов', 'Э', 'К', 'Киргизский НИИ онкологии', NULL, 'goncharova.2004@mail.ru', '2014-05-23 06:45:59'),
(19, 7, 'Жолдыбай', 'Ж', 'Ж', 'Казахский научно-исследовательский институт онкологии и радиологии МЗ РК', NULL, 'goncharova.2004@mail.ru', '2014-05-23 06:52:28'),
(20, 8, 'Елеубаева', 'Ж', 'Б', 'Казахский научно-исследовательский институт онкологии и радиологии МЗ РК', NULL, 'goncharova.2004@mail.ru', '2014-05-23 07:08:44'),
(21, 8, 'Шибанова', 'А', 'И', 'Казахский научно-исследовательский институт онкологии и радиологии МЗ РК', NULL, 'goncharova.2004@mail.ru', '2014-05-23 07:08:44'),
(22, 8, 'Кусаинова', 'Н', 'Ж', 'Казахский научно-исследовательский институт онкологии и радиологии МЗ РК', NULL, 'goncharova.2004@mail.ru', '2014-05-23 07:08:44'),
(23, 8, 'Турмуханов', 'Т', 'Ж', 'Казахский научно-исследовательский институт онкологии и радиологии МЗ РК', NULL, 'goncharova.2004@mail.ru', '2014-05-23 07:08:44'),
(24, 8, 'Мухаметкалиев', 'Н', 'А', 'Казахский научно-исследовательский институт онкологии и радиологии МЗ РК', NULL, 'goncharova.2004@mail.ru', '2014-05-23 07:08:44'),
(25, 9, 'Нургазиев', 'К', 'Ш', 'Казахский научно-исследовательский институт онкологии и радиологии МЗ РК', NULL, 'goncharova.2004@mail.ru', '2014-05-23 07:22:03'),
(26, 9, 'Талаева', 'Ш', 'Ж', 'Казахский научно-исследовательский институт онкологии и радиологии МЗ РК', NULL, 'goncharova.2004@mail.ru', '2014-05-23 07:22:03'),
(27, 9, 'Чичуа', 'Н', 'А', 'Казахский научно-исследовательский институт онкологии и радиологии МЗ РК', NULL, 'goncharova.2004@mail.ru', '2014-05-23 07:22:03'),
(28, 9, 'Баймахашева', 'А', 'Н', 'Казахский научно-исследовательский институт онкологии и радиологии МЗ РК', NULL, 'goncharova.2004@mail.ru', '2014-05-23 07:22:03'),
(29, 9, 'Тогузбаева', 'А', 'Я', 'Казахский научно-исследовательский институт онкологии и радиологии МЗ РК', NULL, 'goncharova.2004@mail.ru', '2014-05-23 07:22:03'),
(30, 9, 'Манашева', 'А', 'С', 'Казахский научно-исследовательский институт онкологии и радиологии МЗ РК', NULL, 'goncharova.2004@mail.ru', '2014-05-23 07:22:03'),
(31, 9, 'Байжигитов', 'А', 'Б', 'Казахский научно-исследовательский институт онкологии и радиологии МЗ РК', NULL, 'goncharova.2004@mail.ru', '2014-05-23 07:22:03'),
(32, 9, 'Султансеитов', 'Ш', 'С', 'Казахский научно-исследовательский институт онкологии и радиологии МЗ РК', NULL, 'goncharova.2004@mail.ru', '2014-05-23 07:22:03'),
(33, 9, 'Омарбаева', 'Н', 'А', 'Казахский научно-исследовательский институт онкологии и радиологии МЗ РК', NULL, 'goncharova.2004@mail.ru', '2014-05-23 07:22:03'),
(34, 10, 'Косанов', 'М', 'С', 'Казахский научно-исследовательский институт онкологии и радиологии МЗ РК', NULL, 'goncharova.2004@mail.ru', '2014-05-23 07:29:24'),
(35, 10, 'Нургалиев', 'Н', 'С', 'Казахский научно-исследовательский институт онкологии и радиологии МЗ РК', NULL, 'goncharova.2004@mail.ru', '2014-05-23 07:29:24'),
(36, 10, 'Нургалиев', 'Б', 'Т', 'Казахский научно-исследовательский институт онкологии и радиологии МЗ РК', NULL, 'goncharova.2004@mail.ru', '2014-05-23 07:29:24'),
(37, 10, 'Кенжебаев', 'Б', 'Ж', 'Казахский научно-исследовательский институт онкологии и радиологии МЗ РК', NULL, 'goncharova.2004@mail.ru', '2014-05-23 07:29:24'),
(38, 10, 'Гасанов', 'З', 'Б', 'Казахский научно-исследовательский институт онкологии и радиологии МЗ РК', NULL, 'goncharova.2004@mail.ru', '2014-05-23 07:29:24'),
(39, 11, 'Кузикеев', 'М', 'А', 'Казахский научно-исследовательский институт онкологии и радиологии МЗ РК', NULL, 'goncharova.2004@mail.ru', '2014-05-23 07:42:42'),
(40, 11, 'Лашкул', 'С', 'В', 'Казахский научно-исследовательский институт онкологии и радиологии МЗ РК', NULL, 'goncharova.2004@mail.ru', '2014-05-23 07:42:42'),
(41, 11, 'Джуманов', 'А', 'Н', 'Казахский научно-исследовательский институт онкологии и радиологии МЗ РК', NULL, 'goncharova.2004@mail.ru', '2014-05-23 07:42:42'),
(42, 11, 'Насрытдинов', 'Т', 'С', 'Казахский научно-исследовательский институт онкологии и радиологии МЗ РК', NULL, 'goncharova.2004@mail.ru', '2014-05-23 07:42:42'),
(43, 12, 'Жылкайдарова', 'А', 'Ж', 'Казахский научно-исследовательский институт онкологии и радиологии МЗ РК', NULL, 'goncharova.2004@mail.ru', '2014-05-23 08:04:13'),
(44, 12, 'Нургалиев', 'Н', 'С', 'Казахский научно-исследовательский институт онкологии и радиологии МЗ РК', NULL, 'goncharova.2004@mail.ru', '2014-05-23 08:04:13'),
(45, 12, 'Ишкинин', 'Е', 'И', 'Казахский научно-исследовательский институт онкологии и радиологии МЗ РК', NULL, 'goncharova.2004@mail.ru', '2014-05-23 08:04:13'),
(46, 13, 'Гончарова', 'Т', 'Г', 'Казахский научно-исследовательский институт онкологии и радиологии МЗ РК', NULL, 'goncharova.2004@mail.ru', '2014-06-01 13:56:15'),
(47, 14, 'Гончарова', 'Т', 'Г', 'Казахский научно-исследовательский институт онкологии и радиологии МЗ РК, Алматы', NULL, 'goncharova.2004@mail.ru', '2014-06-01 14:19:15'),
(48, 14, 'Яковлева', 'Н', 'А', 'ТОО «ЭКОСЕРВИС-С», Алматы', NULL, 'goncharova.2004@mail.ru', '2014-06-01 14:19:15'),
(49, 14, 'Ибрагимова', 'Б', 'Ы', 'ГУ «Управление природных ресурсов и регулирования природопользования Южно-Казахстанской области», г. Шымкент', NULL, 'goncharova.2004@mail.ru', '2014-06-01 14:19:15'),
(50, 14, 'Избакиев', 'А', 'М', 'ГУ «Управление природных ресурсов и регулирования природопользования Южно-Казахстанской области», г. Шымкент', NULL, 'goncharova.2004@mail.ru', '2014-06-01 14:19:15'),
(51, 15, 'Гончарова', 'Т', 'Г', 'Казахский научно-исследовательский институт онкологии и радиологии МЗ РК', NULL, 'goncharova.2004@mail.ru', '2014-06-01 14:29:53'),
(52, 15, 'Яковлева', 'Н', 'А', 'ТОО «ЭКОСЕРВИС-С», г.Алматы', NULL, 'goncharova.2004@mail.ru', '2014-06-01 14:29:53'),
(53, 15, 'Ибрагимова', 'Б', 'Ы', 'ГУ «Управление природных ресурсов и регулирования природопользования Южно-Казахстанской области», г.Шымкент', NULL, 'goncharova.2004@mail.ru', '2014-06-01 14:29:53'),
(54, 15, 'Избакиев', 'А', 'М', 'ТОО \\"Центр охраны здоровья и экопроектирования\\", г.Алматы', NULL, 'goncharova.2004@mail.ru', '2014-06-01 14:29:53'),
(55, 16, 'Гончарова', 'Т', 'Г', 'ТОО «Ecology Expert»', NULL, 'goncharova.2004@mail.ru', '2014-06-01 14:54:19'),
(56, 16, 'Васильева', 'Г', 'С', 'ТОО «Ecology Expert»', NULL, 'goncharova.2004@mail.ru', '2014-06-01 14:54:19'),
(57, 16, 'Омирбек', 'А', 'Ж', 'ТОО «Ecology Expert»', NULL, 'goncharova.2004@mail.ru', '2014-06-01 14:54:19'),
(58, 17, 'Гончарова', 'Т', 'Г', 'ТОО \\"Центр охраны здоровья и экопроектирования\\", г.Алматы', NULL, 'goncharova.2004@mail.ru', '2014-06-01 15:11:02'),
(59, 17, 'Яковлева', 'Н', 'А', 'ТОО \\"Центр охраны здоровья и экопроектирования\\", г.Алматы', NULL, 'goncharova.2004@mail.ru', '2014-06-01 15:11:02'),
(60, 17, 'Мельник', 'О', 'Н', 'ТОО \\"Центр охраны здоровья и экопроектирования\\", г.Алматы', NULL, 'goncharova.2004@mail.ru', '2014-06-01 15:11:02'),
(61, 17, 'Лимешкина', 'Е', 'С', 'Управление природных ресурсов и регулирования природопользования Актюбинской области, г.Актобе', NULL, 'goncharova.2004@mail.ru', '2014-06-01 15:11:02'),
(62, 17, 'Альмурзаева', 'С', 'И', 'Управление природных ресурсов и регулирования природопользования Актюбинской области, г.Актобе', NULL, 'goncharova.2004@mail.ru', '2014-06-01 15:11:02'),
(63, 18, 'Слажнева', 'Т', 'И', 'Национальный Центр проблем Формирования здорового образа жизни Министерства Здравоохранения РК', NULL, 'goncharova.2004@mail.ru', '2014-06-01 15:58:48'),
(64, 18, 'Брагин', 'А', 'Г', 'Министерство охраны окружающей среды Республики Казахстан', NULL, 'goncharova.2004@mail.ru', '2014-06-01 15:58:48'),
(65, 18, 'Большаков', 'Б', 'Е', 'Международный университет природы, общества и человека \\"Дубна\\"', NULL, 'goncharova.2004@mail.ru', '2014-06-01 15:58:48'),
(66, 18, 'Бекнияз', 'Б', 'К', 'АО \\"Евразийский центр воды\\"', NULL, 'goncharova.2004@mail.ru', '2014-06-01 15:58:48'),
(67, 18, 'Есекин', 'Б', 'К', 'Министерство охраны окружающей среды Республики Казахстан', NULL, 'goncharova.2004@mail.ru', '2014-06-01 15:58:48'),
(68, 18, 'Яковлева', 'Н', 'А', 'ТОО \\"Центр охраны здоровья и экопроектирования\\"', NULL, 'goncharova.2004@mail.ru', '2014-06-01 15:58:48'),
(69, 18, 'Гончарова', 'Т', 'Г', 'ТОО \\"Центр охраны здоровья и экопроектирования\\"', NULL, 'goncharova.2004@mail.ru', '2014-06-01 15:58:48'),
(70, 18, 'Мельник', 'О', 'Н', 'ТОО \\"Центр охраны здоровья и экопроектирования\\"', NULL, 'goncharova.2004@mail.ru', '2014-06-01 15:58:48'),
(71, 19, 'Гончарова', 'Т', 'Г', 'Лаборатория Центра коллективного пользования  НИИ ФПМ им. Б.Атчабарова КаНМУ им. С.Д.Асфендиярова, Алматы', NULL, 'goncharova.2004@mail.ru', '2014-06-01 16:29:17'),
(72, 19, 'Шокаманов', 'Ю', 'К', 'Департамент статистики Евразийской экономической комиссии, Агентство РК по статистике Казахстан', NULL, 'goncharova.2004@mail.ru', '2014-06-01 16:29:17'),
(73, 19, 'Яковлева', 'Н', 'А', 'ТОО «Экосервис-С», Алматы', NULL, 'goncharova.2004@mail.ru', '2014-06-01 16:29:17'),
(74, 19, 'Дауренбеков', 'А', 'К', 'Эксперт по статистическим показателям устойчивого развития, Астана, Казахстан', NULL, 'goncharova.2004@mail.ru', '2014-06-01 16:29:17'),
(75, 19, 'Омирбек', 'А', 'Ж', 'ТОО «Ecology Expert»', NULL, 'goncharova.2004@mail.ru', '2014-06-01 16:29:17'),
(76, 20, 'Баймахашева', 'А', 'Н', 'Казахский научно-исследовательский институт онкологии и радиологии МЗ РК', NULL, 'bannelia@mail.ru', '2014-06-02 04:51:19'),
(77, 20, 'Аюпов', 'Ф', 'Т', 'Казахский научно-исследовательский институт онкологии и радиологии МЗ РК', NULL, 'bannelia@mail.ru', '2014-06-02 04:51:19'),
(78, 20, 'Сарсенбаева', 'Г', 'Е', 'Казахский научно-исследовательский институт онкологии и радиологии МЗ РК', NULL, 'bannelia@mail.ru', '2014-06-02 04:51:19'),
(79, 20, 'Ержанова', 'Т', 'З', 'Казахский научно-исследовательский институт онкологии и радиологии МЗ РК', NULL, 'bannelia@mail.ru', '2014-06-02 04:51:19'),
(80, 21, 'Баймахашева', 'А', 'Н', 'Казахский научно-исследовательский институт онкологии и радиологии МЗ РК', NULL, 'bannelia@mail.ru', '2014-06-02 10:28:49'),
(81, 21, 'Филиппенко', 'В', 'И', 'Казахский научно-исследовательский институт онкологии и радиологии МЗ РК', NULL, 'bannelia@mail.ru', '2014-06-02 10:28:49'),
(82, 21, 'Тельгузиева', 'Ж', 'А', 'Казахский научно-исследовательский институт онкологии и радиологии МЗ РК', NULL, 'bannelia@mail.ru', '2014-06-02 10:28:49'),
(83, 21, 'Аюпов', 'Ф', 'Т', 'Казахский научно-исследовательский институт онкологии и радиологии МЗ РК', NULL, 'bannelia@mail.ru', '2014-06-02 10:28:49'),
(84, 21, 'Курманова', 'А', 'А', 'Казахский научно-исследовательский институт онкологии и радиологии МЗ РК', NULL, 'bannelia@mail.ru', '2014-06-02 10:28:49'),
(85, 22, 'Баймахашева', 'А', 'Н', 'Казахский научно-исследовательский институт онкологии и радиологии МЗ РК', NULL, 'bannelia@mail.ru', '2014-06-02 10:52:02'),
(86, 23, 'Есентаева', 'С', 'Е', 'Казахский научно-исследовательский институт онкологии и радиологии МЗ РК', NULL, 'bannelia@mail.ru', '2014-06-02 11:00:39'),
(87, 23, 'Чичуа', 'Н', 'А', 'Казахский научно-исследовательский институт онкологии и радиологии МЗ РК', NULL, 'bannelia@mail.ru', '2014-06-02 11:00:39'),
(88, 23, 'Талаева', 'Ш', 'Ж', 'Казахский научно-исследовательский институт онкологии и радиологии МЗ РК', NULL, 'bannelia@mail.ru', '2014-06-02 11:00:39'),
(89, 23, 'Смагулова', 'К', 'К', 'Казахский научно-исследовательский институт онкологии и радиологии МЗ РК', NULL, 'bannelia@mail.ru', '2014-06-02 11:00:39'),
(90, 23, 'Баймахашева', 'А', 'Н', 'Казахский научно-исследовательский институт онкологии и радиологии МЗ РК', NULL, 'bannelia@mail.ru', '2014-06-02 11:00:39'),
(91, 23, 'Жандосова', 'Э', 'У', 'Казахский научно-исследовательский институт онкологии и радиологии МЗ РК', NULL, 'bannelia@mail.ru', '2014-06-02 11:00:39'),
(92, 24, 'Есентаева', 'С', 'Е', 'Казахский научно-исследовательский институт онкологии и радиологии МЗ РК', NULL, 'bannelia@mail.ru', '2014-06-02 11:05:36'),
(93, 24, 'Чичуа', 'Н', 'А', 'Казахский научно-исследовательский институт онкологии и радиологии МЗ РК', NULL, 'bannelia@mail.ru', '2014-06-02 11:05:36'),
(94, 24, 'Смагулова', 'К', 'К', 'Казахский научно-исследовательский институт онкологии и радиологии МЗ РК', NULL, 'bannelia@mail.ru', '2014-06-02 11:05:36'),
(95, 24, 'Баймахашева', 'А', 'Н', 'Казахский научно-исследовательский институт онкологии и радиологии МЗ РК', NULL, 'bannelia@mail.ru', '2014-06-02 11:05:36'),
(96, 24, 'Туманова', 'А', 'К', 'Казахский научно-исследовательский институт онкологии и радиологии МЗ РК', NULL, 'bannelia@mail.ru', '2014-06-02 11:05:36'),
(97, 25, 'Есентаева', 'С', 'Е', 'Казахский научно-исследовательский институт онкологии и радиологии МЗ РК', NULL, 'bannelia@mail.ru', '2014-06-02 11:12:33'),
(98, 25, 'Чичуа', 'Н', 'А', 'Казахский научно-исследовательский институт онкологии и радиологии МЗ РК', NULL, 'bannelia@mail.ru', '2014-06-02 11:12:33'),
(99, 25, 'Смагулова', 'К', 'К', 'Казахский научно-исследовательский институт онкологии и радиологии МЗ РК', NULL, 'bannelia@mail.ru', '2014-06-02 11:12:33'),
(100, 25, 'Баймахашева', 'А', 'Н', 'Казахский научно-исследовательский институт онкологии и радиологии МЗ РК', NULL, 'bannelia@mail.ru', '2014-06-02 11:12:33'),
(101, 25, 'Туманова', 'А', 'К', 'Казахский научно-исследовательский институт онкологии и радиологии МЗ РК', NULL, 'bannelia@mail.ru', '2014-06-02 11:12:33'),
(102, 26, 'Баймахашева', 'А', 'Н', 'Казахский научно-исследовательский институт онкологии и радиологии МЗ РК', NULL, 'bannelia@mail.ru', '2014-06-02 11:19:03'),
(103, 26, 'Есентаева', 'С', 'Е', 'Казахский научно-исследовательский институт онкологии и радиологии МЗ РК', NULL, 'bannelia@mail.ru', '2014-06-02 11:19:03'),
(104, 26, 'Смагулова', 'К', 'К', 'Казахский научно-исследовательский институт онкологии и радиологии МЗ РК', NULL, 'bannelia@mail.ru', '2014-06-02 11:19:03'),
(105, 26, 'Жапаев', 'К', 'Х', 'Казахский научно-исследовательский институт онкологии и радиологии МЗ РК', NULL, 'bannelia@mail.ru', '2014-06-02 11:19:03'),
(106, 27, 'Нургазиев', 'К', 'Ш', 'Казахский научно-исследовательский институт онкологии и радиологии МЗ РК', NULL, 'bannelia@mail.ru', '2014-06-02 11:27:15'),
(107, 27, 'Талаева', 'Ш', 'Ж', 'Казахский научно-исследовательский институт онкологии и радиологии МЗ РК', NULL, 'bannelia@mail.ru', '2014-06-02 11:27:15'),
(108, 27, 'Чичуа', 'Н', 'А', 'Казахский научно-исследовательский институт онкологии и радиологии МЗ РК', NULL, 'bannelia@mail.ru', '2014-06-02 11:27:15'),
(109, 27, 'Баймахашева', 'А', 'Н', 'Казахский научно-исследовательский институт онкологии и радиологии МЗ РК', NULL, 'bannelia@mail.ru', '2014-06-02 11:27:15'),
(110, 27, 'Тогузбаева', 'А', 'Я', 'Казахский научно-исследовательский институт онкологии и радиологии МЗ РК', NULL, 'bannelia@mail.ru', '2014-06-02 11:27:15'),
(111, 27, 'Омарбаева', 'Н', 'А', 'Казахский научно-исследовательский институт онкологии и радиологии МЗ РК', NULL, 'bannelia@mail.ru', '2014-06-02 11:27:15'),
(112, 28, 'Баймахашева', 'А', 'Н', 'Казахский научно-исследовательский институт онкологии и радиологии МЗ РК', NULL, 'bannelia@mail.ru', '2014-06-02 11:36:11'),
(113, 28, 'Есентаева', 'С', 'Е', 'Казахский научно-исследовательский институт онкологии и радиологии МЗ РК', NULL, 'bannelia@mail.ru', '2014-06-02 11:36:11'),
(114, 28, 'Смагулова', 'К', 'К', 'Казахский научно-исследовательский институт онкологии и радиологии МЗ РК', NULL, 'bannelia@mail.ru', '2014-06-02 11:36:11'),
(115, 28, 'Талаева', 'Ш', 'Ж', 'Казахский научно-исследовательский институт онкологии и радиологии МЗ РК', NULL, 'bannelia@mail.ru', '2014-06-02 11:36:11'),
(116, 29, 'Есентаева', 'С', 'Е', 'Казахский научно-исследовательский институт онкологии и радиологии МЗ РК', NULL, 'bannelia@mail.ru', '2014-06-02 11:46:46'),
(117, 29, 'Чичуа', 'Н', 'А', 'Казахский научно-исследовательский институт онкологии и радиологии МЗ РК', NULL, 'bannelia@mail.ru', '2014-06-02 11:46:46'),
(118, 29, 'Смагулова', 'К', 'К', 'Казахский научно-исследовательский институт онкологии и радиологии МЗ РК', NULL, 'bannelia@mail.ru', '2014-06-02 11:46:46'),
(119, 29, 'Баймахашева', 'А', 'Н', 'Казахский научно-исследовательский институт онкологии и радиологии МЗ РК', NULL, 'bannelia@mail.ru', '2014-06-02 11:46:46'),
(120, 30, 'Нургазиев', 'К', 'Ш', 'Казахский научно-исследовательский институт онкологии и радиологии МЗ РК', NULL, 'bannelia@mail.ru', '2014-06-02 11:52:03'),
(121, 30, 'Талаева', 'Ш', 'Ж', 'Казахский научно-исследовательский институт онкологии и радиологии МЗ РК', NULL, 'bannelia@mail.ru', '2014-06-02 11:52:03'),
(122, 30, 'Чичуа', 'Н', 'А', 'Казахский научно-исследовательский институт онкологии и радиологии МЗ РК', NULL, 'bannelia@mail.ru', '2014-06-02 11:52:03'),
(123, 30, 'Баймахашева', 'А', 'Н', 'Казахский научно-исследовательский институт онкологии и радиологии МЗ РК', NULL, 'bannelia@mail.ru', '2014-06-02 11:52:03'),
(124, 30, 'Тогузбаева', 'А', 'Я', 'Казахский научно-исследовательский институт онкологии и радиологии МЗ РК', NULL, 'bannelia@mail.ru', '2014-06-02 11:52:03'),
(125, 30, 'Омарбаева', 'Н', 'А', 'Казахский научно-исследовательский институт онкологии и радиологии МЗ РК', NULL, 'bannelia@mail.ru', '2014-06-02 11:52:03');

-- --------------------------------------------------------

--
-- Структура таблицы `bibl_conference`
--

CREATE TABLE IF NOT EXISTS `bibl_conference` (
`id` int(11) NOT NULL,
  `name` varchar(250) DEFAULT NULL COMMENT 'Название конференции',
  `sbornik_name` varchar(250) DEFAULT NULL COMMENT 'Название сборника (материалов)',
  `city` varchar(50) DEFAULT NULL COMMENT 'Город проведения конференции',
  `country` varchar(50) DEFAULT NULL COMMENT 'Страна проведения конференции',
  `type_id` int(11) DEFAULT NULL COMMENT 'Вид мероприятия',
  `level_id` int(11) DEFAULT NULL COMMENT 'Уроверь конференции',
  `date_start` date DEFAULT NULL COMMENT 'дата начала',
  `date_finish` date DEFAULT NULL COMMENT 'дата окончания',
  `add_info` varchar(250) DEFAULT NULL COMMENT 'Дополнительная информация',
  `user` varchar(25) DEFAULT NULL,
  `insert_date` timestamp NOT NULL DEFAULT CURRENT_TIMESTAMP
) ENGINE=InnoDB AUTO_INCREMENT=7 DEFAULT CHARSET=utf8;

--
-- Дамп данных таблицы `bibl_conference`
--

INSERT INTO `bibl_conference` (`id`, `name`, `sbornik_name`, `city`, `country`, `type_id`, `level_id`, `date_start`, `date_finish`, `add_info`, `user`, `insert_date`) VALUES
(1, 'Международная научно-практической конференции «Устойчивое развитие территорий природными, техногенными, пожарными, биолого-социальными и экологическими рисками»', 'Материалы международной научно-практической конференции «Устойчивое развитие территорий природными, техногенными, пожарными, биолого-социальными и экологическими рисками»', 'Оренбург', 'Россия', 1, 2, '2011-10-05', '2011-10-07', NULL, NULL, '2014-06-19 09:41:25'),
(2, '4 съезд онкологов Республики Беларусь', 'Материалы 4 съезд онкологов Республики Беларусь', 'Минск', 'Беларусь', 4, 2, '2011-11-11', '2011-11-12', NULL, NULL, '2014-06-19 09:41:25'),
(3, 'Российская научно-практическая конференция с международным участием «Новые подходы к терапии злокачественных новообразований»', 'Материалы Российской научно-практическая конференция с международным участием «Новые подходы к терапии злокачественных новообразований»', 'Барнаул', 'Россия', 1, 2, '2013-06-19', '2013-06-20', NULL, NULL, '2014-06-19 09:41:25'),
(4, 'Вторая Международная конференция по фундаментальным проблемам устойчивого развития в системе «природа – общество – человек» (29 и 30 октября 2012)', 'Электронное научное издание «Устойчивое инновационное развитие: проектирование и управление» По итогам Второй Международной конференции по фундаментальным проблемам устойчивого развития в системе «природа – общество – человек» (29 и 30 октября 2012)', 'Алматы', 'Казахстан', 1, 2, '2012-10-29', '2012-10-30', NULL, NULL, '2014-06-19 09:41:25'),
(5, 'Международный конгресс «Медицинское образование в условиях глобализации рынка труда» посвященный 50-летию Алматинского государственного института усовершенствования врачей (АГИУВ)', 'Сборник материалов международного конгресса «Медицинское образование в условиях глобализации рынка труда»', 'Алматы', 'Казахстан', 2, 2, '2013-09-12', '2013-09-13', NULL, NULL, '2014-06-19 09:41:25'),
(6, 'Научно-практическая конференции с международным участием, посвященной памяти Казыбаева Н.К.', 'Сборник материалов научно-практической конференции с международным участием, посвященной памяти Казыбаева Н.К.', 'Алматы', 'Казахстан', 1, 2, '2013-10-04', '2013-10-04', NULL, NULL, '2014-06-19 09:41:25');

-- --------------------------------------------------------

--
-- Структура таблицы `bibl_conference_level`
--

CREATE TABLE IF NOT EXISTS `bibl_conference_level` (
`id` int(11) NOT NULL,
  `name` varchar(100) NOT NULL DEFAULT ''
) ENGINE=InnoDB AUTO_INCREMENT=4 DEFAULT CHARSET=utf8;

--
-- Дамп данных таблицы `bibl_conference_level`
--

INSERT INTO `bibl_conference_level` (`id`, `name`) VALUES
(2, 'Международный'),
(1, 'Республиканский'),
(3, 'Стран СНГ');

-- --------------------------------------------------------

--
-- Структура таблицы `bibl_conference_type`
--

CREATE TABLE IF NOT EXISTS `bibl_conference_type` (
`id` int(11) NOT NULL,
  `name` varchar(100) NOT NULL DEFAULT ''
) ENGINE=InnoDB AUTO_INCREMENT=7 DEFAULT CHARSET=utf8;

--
-- Дамп данных таблицы `bibl_conference_type`
--

INSERT INTO `bibl_conference_type` (`id`, `name`) VALUES
(2, 'Конгресс'),
(1, 'Конференция'),
(3, 'Симпозиум'),
(6, 'Совещание'),
(4, 'Съезд'),
(5, 'Форум');

-- --------------------------------------------------------

--
-- Структура таблицы `bibl_conference_type_pub`
--

CREATE TABLE IF NOT EXISTS `bibl_conference_type_pub` (
`id` int(11) NOT NULL,
  `name` varchar(100) NOT NULL DEFAULT ''
) ENGINE=InnoDB AUTO_INCREMENT=5 DEFAULT CHARSET=utf8;

--
-- Дамп данных таблицы `bibl_conference_type_pub`
--

INSERT INTO `bibl_conference_type_pub` (`id`, `name`) VALUES
(1, 'Материалы'),
(2, 'Специальный выпуск журнала'),
(4, 'Стендовый доклад'),
(3, 'Устный доклад');

-- --------------------------------------------------------

--
-- Структура таблицы `bibl_journal`
--

CREATE TABLE IF NOT EXISTS `bibl_journal` (
`id` int(11) NOT NULL,
  `name` varchar(250) DEFAULT NULL COMMENT 'Полное наименование журнала',
  `country` varchar(30) DEFAULT NULL COMMENT 'Страна издания журнала',
  `issn` varchar(50) DEFAULT NULL COMMENT 'ISSN',
  `periodicity` int(11) NOT NULL DEFAULT '-1' COMMENT 'Периодичность выхода журнала',
  `izdatelstvo_mesto_izdaniya` varchar(250) DEFAULT NULL COMMENT 'Издательство, место издания журнала',
  `user` varchar(25) DEFAULT NULL,
  `insert_date` timestamp NOT NULL DEFAULT CURRENT_TIMESTAMP
) ENGINE=InnoDB AUTO_INCREMENT=7 DEFAULT CHARSET=utf8;

--
-- Дамп данных таблицы `bibl_journal`
--

INSERT INTO `bibl_journal` (`id`, `name`, `country`, `issn`, `periodicity`, `izdatelstvo_mesto_izdaniya`, `user`, `insert_date`) VALUES
(1, 'Вестник Казахского национального университета. Серия экологическая	Казахстан', 'Казахстан', '1563-034Х', 4, 'Алматы: Қазақ университеті', NULL, '2014-06-19 09:41:25'),
(2, 'Вестник Казахского национального университета. Серия биологическая	Казахстан', 'Казахстан', '1563-0218', 3, 'Алматы: Қазақ университеті', NULL, '2014-06-19 09:41:25'),
(3, 'Гигиена, эпидемиология және иммунобиология	Казахстан', 'Казахстан', NULL, 4, 'Алматы, ТОО "ИКС press"', NULL, '2014-06-19 09:41:25'),
(4, 'Журнал проблем эволюции открытых систем', 'Казахстан', '9965-01-766-2', 2, 'Copy Land', NULL, '2014-06-19 09:41:25'),
(5, 'Онкология и радиология Казахстана', 'Казахстан', '1684-93X', 4, 'Алматы: тип. «Идан»', NULL, '2014-06-19 09:41:25'),
(6, 'Электронное научное издание «Устойчивое инновационное развитие: проектирование и управление»', 'Россия', '-', 4, 'Электронное научное издание «Устойчивое инновационное развитие: проектирование и управление» www.rypravlenie.ru', NULL, '2014-06-19 09:41:25');

-- --------------------------------------------------------

--
-- Структура таблицы `bibl_patent_type`
--

CREATE TABLE IF NOT EXISTS `bibl_patent_type` (
`id` int(11) NOT NULL,
  `name` varchar(100) NOT NULL DEFAULT ''
) ENGINE=InnoDB AUTO_INCREMENT=8 DEFAULT CHARSET=utf8;

--
-- Дамп данных таблицы `bibl_patent_type`
--

INSERT INTO `bibl_patent_type` (`id`, `name`) VALUES
(3, 'Авторское изобретение'),
(4, 'Заявка на изобретение'),
(1, 'Заявление о выдаче инновационного патента РК на изобретение'),
(6, 'Инновационный патент на изобретение'),
(7, 'Иное (вписать)'),
(5, 'Положительное решение Инновационного патента'),
(2, 'Положительное решение на получения Предпатента');

-- --------------------------------------------------------

--
-- Структура таблицы `bibl_publication`
--

CREATE TABLE IF NOT EXISTS `bibl_publication` (
`id` int(11) NOT NULL,
  `name` varchar(250) DEFAULT NULL COMMENT 'Название статьи (на языке публикации)',
  `electron` int(11) DEFAULT '0' COMMENT 'является ли работа электронной',
  `url` text COMMENT 'URL-адрес электронной публикации',
  `doi` varchar(250) DEFAULT NULL COMMENT 'DOI - digital object identifier, цифровой идентификатор объекта',
  `abstract_original` text COMMENT 'Резюме статьи (на языке публикации)',
  `abstract_rus` text COMMENT 'Резюме статьи (на русском)',
  `abstract_kaz` text COMMENT 'Резюме статьи (на казахском)',
  `abstract_eng` text COMMENT 'Резюме статьи (на английском)',
  `language` varchar(30) DEFAULT NULL COMMENT 'Язык публикации',
  `keywords` varchar(250) DEFAULT NULL COMMENT 'Ключевые слова  на языке публикуемого материала и на русском языке',
  `number_ilustrations` int(11) DEFAULT NULL COMMENT 'Количество иллюстраций',
  `number_tables` int(11) DEFAULT NULL COMMENT 'Количество иллюстраций',
  `number_references` int(11) DEFAULT NULL COMMENT 'Количество иллюстраций',
  `number_references_kaz` int(11) DEFAULT NULL COMMENT 'Количество иллюстраций',
  `code_udk` varchar(50) DEFAULT NULL COMMENT 'Код УДК',
  `type_id` int(11) DEFAULT NULL COMMENT 'Тип публикации',
  `journal_id` int(11) DEFAULT NULL COMMENT 'Журнал - код',
  `year` int(11) DEFAULT NULL COMMENT 'Год публикации',
  `month` int(11) DEFAULT NULL COMMENT 'Месяц публикации',
  `day` int(11) DEFAULT NULL COMMENT 'День публикации',
  `number` int(11) DEFAULT NULL COMMENT 'Номер',
  `volume` int(11) DEFAULT NULL COMMENT 'Том',
  `issue` int(11) DEFAULT NULL COMMENT 'Выпуск',
  `p_first` int(11) DEFAULT NULL COMMENT 'Начальная страница',
  `p_last` int(11) DEFAULT NULL COMMENT 'Конечная страница',
  `pmid` int(11) DEFAULT NULL COMMENT 'Код PubMed',
  `conference_id` int(11) DEFAULT NULL COMMENT 'Конференция (для публикаций с научных собраний)',
  `tezis_type` enum('paper_spec','paper','tezis') DEFAULT NULL,
  `patent_type_id` int(11) DEFAULT NULL COMMENT 'Вид документа (для патентов, изобретений)',
  `patent_type_number` varchar(50) DEFAULT NULL COMMENT 'Номерэ(для патентов, изобретений)',
  `patent_date` date DEFAULT NULL COMMENT 'от какого числа',
  `book_city` varchar(50) DEFAULT NULL COMMENT 'Город (для монографий)',
  `book_pages` int(11) DEFAULT NULL COMMENT 'Кол-во страниц (для монографий)',
  `izdatelstvo` varchar(250) DEFAULT NULL COMMENT 'Издательство (для монографий)',
  `user` varchar(25) DEFAULT NULL,
  `insert_date` timestamp NOT NULL DEFAULT CURRENT_TIMESTAMP,
  `method_recom_bbk` varchar(50) DEFAULT NULL COMMENT 'ББК для метод рекомендаций',
  `isbn` varchar(100) DEFAULT NULL COMMENT 'ISBN для метод рекомендаций и книг',
  `method_recom_edited` varchar(100) DEFAULT NULL COMMENT 'под редакцией для метод рекомендаций',
  `method_recom_stated` varchar(250) DEFAULT NULL COMMENT 'Для метод рекомендаций Утверждены ...(например, утверждены на Ученом Совете Казахского \r\nНИИ онкологии и радиологии, протокол №14 от 6 декабря 2012г.)',
  `method_recom_approved` varchar(250) DEFAULT NULL COMMENT 'Для метод рекомендаций Одобрены ...(например,одобрены Экспертным Советом по вопросам развития здравоохранения МЗ РК, протокол №21 от 14 декабря 2012 года.) ',
  `method_recom_published_with_the_support` varchar(250) DEFAULT NULL COMMENT 'Для метод рекомендаций: при чьей поддержке изданы \r\n(например, распечатано при поддержке ТОО Юмгискор Холдинг или изданы при поддержке Представительства АО Берлин-Хеми АГ в РК)',
  `method_recom_reviewers` varchar(250) DEFAULT NULL COMMENT 'Для метод рекомендаций: рецензенты'
) ENGINE=InnoDB AUTO_INCREMENT=31 DEFAULT CHARSET=utf8;

--
-- Дамп данных таблицы `bibl_publication`
--

INSERT INTO `bibl_publication` (`id`, `name`, `electron`, `url`, `doi`, `abstract_original`, `abstract_rus`, `abstract_kaz`, `abstract_eng`, `language`, `keywords`, `number_ilustrations`, `number_tables`, `number_references`, `number_references_kaz`, `code_udk`, `type_id`, `journal_id`, `year`, `month`, `day`, `number`, `volume`, `issue`, `p_first`, `p_last`, `pmid`, `conference_id`, `tezis_type`, `patent_type_id`, `patent_type_number`, `patent_date`, `book_city`, `book_pages`, `izdatelstvo`, `user`, `insert_date`, `method_recom_bbk`, `isbn`, `method_recom_edited`, `method_recom_stated`, `method_recom_approved`, `method_recom_published_with_the_support`, `method_recom_reviewers`) VALUES
(1, 'Выбор статистического метода для анализа результатов клинических исследований', 0, NULL, NULL, 'При ознакомлении с результатами клинических исследований часто приходится встречаться с не всегда правильным использованием статистических методов, при этом большинство ошибок связано с неправомерным использованием критерия Стьюдента. В данной работе описан алгоритм выбора корректного статистического метода.', 'При ознакомлении с результатами клинических исследований часто приходится встречаться с не всегда правильным использованием статистических методов, при этом большинство ошибок связано с неправомерным использованием критерия Стьюдента. В данной работе описан алгоритм выбора корректного статистического метода.', 'Клиникалық зерттеүде статистикалық талғау тәсiлдерiн\r\nпайдаланұ жолдары\r\nКлиникалық зерттеү жұмыстарында статистикалық талғау тәсiлдерi дұрыс \r\nпайдаланылмайды. Оның себептерi көбiнше Стьюдент көрсеткiшiн орынсыз \r\nқолданұымен байланысты Мына жұмыста статистикалық тәсiлдi дүрыс пайдаланұ \r\nалгоритмi берiледi.', 'Selection of statistical method for analysis of clinical studies results\r\nWhen reading the results of clinical trials often occur with improper use of statistical methods, while most of the errors associated with the misuse of Student\\''s t test. In this paper we describe an algorithm for selecting the correct statistical method.', 'russian', 'статистика, тесть Стьюдента', 1, 1, 1, 0, '616-006', 1, 5, 2013, NULL, NULL, 4, NULL, 30, 3, 4, NULL, NULL, NULL, NULL, NULL, NULL, NULL, NULL, NULL, 'sanzhar73@mail.ru', '2014-05-21 07:58:56', NULL, NULL, NULL, NULL, NULL, NULL, NULL),
(3, 'Практическое использование критерия Стьюдента', 0, NULL, NULL, 'В данной работе описано практическое использование критерия Стьюдента для анализа результатов клинических исследований. Подробно рассматривается использование данного критерия для независимых и парных групп. Для независимых групп показано использование вариантов теста с одинаковой и разной дисперсией. Статья сопровождается наглядными примерами.', 'В данной работе описано практическое использование критерия Стьюдента для анализа результатов клинических исследований. Подробно рассматривается использование данного критерия для независимых и парных групп. Для независимых групп показано использование вариантов теста с одинаковой и разной дисперсией. Статья сопровождается наглядными примерами.', 'In this paper describes the practical use of Student’s test to analyze the results of clinical trials. Detail the use ofthis test for independent and paired groups. For independentgroups shows how to use variants of the test with the sameand different variance. Article is accompanied by illustrativeexamples.', 'Жұмыста  Стьюден  ткөрсеткiшiнiңк  линикалық  зерттеуде  пайдалану  жолдары  баяндалады. Мақалада  қолданылған  көрсеткiштiң  тəүелсiз  жəне  екi  жұпты  топтарға  пайдаланылуы  тереңталданады Тəүелсiз  жұптарға  қолданылған  тесттiң  бiркелкi  жəне  əртүрлiд  исперсиялы түрлерiнiң  пайдаланылұы  көрсетiлген.  Мақалада  нақтылы  дəлелдер  келтiрiлген.', 'russian', 'критерий Стьюдента, тест, дисперсии', 0, 3, 1, 0, '616-006', 1, 5, 2014, NULL, NULL, 1, NULL, 31, 3, 5, NULL, NULL, NULL, NULL, NULL, NULL, NULL, NULL, NULL, 'goncharova.2004@mail.ru', '2014-05-23 06:06:40', NULL, NULL, NULL, NULL, NULL, NULL, NULL),
(4, 'Актуальность оценки здоровья костей у больных раком молочной и предстательной железы', 0, NULL, NULL, 'Остеопороз и риск, связанный с увеличением переломов, является одной из основных проблем здравоохранения для онкологических пациентов. Переломы бедер и позвонков связанным с хронической болью, сниженным качеством жизни и повышенным риском смерти. Большую часть заболеваемости и смертности, связанных с потерей костной массы, можно предотвратить с помощью соответствующего скрининга, изменения образа жизни и терапии.', 'Остеопороз и риск, связанный с увеличением переломов, является одной из основных проблем здравоохранения для онкологических пациентов. Переломы бедер и позвонков связанным с хронической болью, сниженным качеством жизни и повышенным риском смерти. Большую часть заболеваемости и смертности, связанных с потерей костной массы, можно предотвратить с помощью соответствующего скрининга, изменения образа жизни и терапии.', 'Денсаулық сақтау құрылымында онколгиялық\r\nнауқастарда остеопороз жəне көбейіп келетін\r\nсынықтар негізгі сұрақ болып келеді. Остеопо-роз дамуында химияның жəне сəулелік емнің сүйекке тікелей  əсері бар. Сүйек сынығы даму қаупінің клиникалық  факторлары бар: жас, алдындағы болған сынықтар  жəне жанұядағы сынықтар анамнезі, сондай-ақ өмірсалты қауіп факторлары: темекі тарту, алкогольдік  ішім-дікті көп ішу, аз салмақ, кальцийдің аз қолдану жəне  D витаминінің дефициті.\r\nСүт безінің қатерлі ісігі жəне қуық асты безініңқатерлі ісігі остеопороз жəне сынықтар-дың дəрежесімен  байланысты.Мақалада онкологиялық науқастардағы сүйек тіндерінің саулығын сақтаудағы антирезорбтивті  емнің қолдануындағы əдістемесі көрсетілген, өйткенібұл əдіс аз мерзімде сүйек тіндерінің кемуінен алдыналады, сондықтан сүйек саулығын қамтамасыз етеді', 'Osteoporosis and risk associated with an increase in\r\nfractures, is a major health problem for cancer patients. Risk  factors for osteoporosis are unique because of chemo-and radiotherapy have a direct impact on the local bone. There  are clinical fracture risk factors: age, previous history of  fractures, and family history of fracture. As well as the risk  factors associated with lifestyle: smoking, excessive alcohol  burial, under-weight, low calcium intake and defi ciency of  vitamin D. Breast and prostate cancer is associated with increasing levels of osteoporosis and fractures.  This article describes the activities to preserve bonehealth in cancer patients using antiresorptive therapy, as it helps to prevent bone loss in the short term and thus preservethe health of the bone.', 'russian', 'Рак молочной железы, рак предстательной железы, остеопороз, скрининг', 0, 2, 60, 0, '618.19-006+/.65-006.6', 1, 5, 2014, NULL, NULL, 1, NULL, NULL, 6, 12, NULL, NULL, NULL, NULL, NULL, NULL, NULL, NULL, NULL, 'goncharova.2004@mail.ru', '2014-05-23 06:17:31', NULL, NULL, NULL, NULL, NULL, NULL, NULL),
(5, 'Заболеваемость раком желудка населения Республики Казахстан и Западно-Казахстанской области  (2007-2011 гг.)', 0, NULL, NULL, 'Проведен анализ заболеваемости раком желудка (РЖ) населения Республики и Западно-Казахстанской области за 5 лет (2007-2012 годы). В динамике интенсивных показателей заболеваемости РЖ по Республике отмечается тенденция снижения с 18,8%ооо до 16,2%ооо. В структуре онкопатологии РЖ все годы был на четвертой ранговой позиции с удельным весом 10,2-8,8%. Частота РЖ среди мужчин была выше в 1,9 раза. В Западно-Казахстанской области за 5 лет выявлено снижение заболеваемости РЖ с 21,2%ооо до 15,7%ооо. Соотношение ИП мужского - женского населения: 1,4-2,1 (2007-2011гг). Повозрастной анализ заболеваемости РЖ показал высокие ИП у мужчин в возрасте 70+ лет и 60-69 лет; у женщин -70 лет и старше. Все годы исследования заболеваемость РЖ в ЗКО была выше средне-республиканских.', 'Проведен анализ заболеваемости раком желудка (РЖ) населения Республики и Западно-Казахстанской области за 5 лет (2007-2012 годы). В динамике интенсивных показателей заболеваемости РЖ по Республике отмечается тенденция снижения с 18,8%ооо до 16,2%ооо. В структуре онкопатологии РЖ все годы был на четвертой ранговой позиции с удельным весом 10,2-8,8%. Частота РЖ среди мужчин была выше в 1,9 раза. В Западно-Казахстанской области за 5 лет выявлено снижение заболеваемости РЖ с 21,2%ооо до 15,7%ооо. Соотношение ИП мужского - женского населения: 1,4-2,1 (2007-2011гг). Повозрастной анализ заболеваемости РЖ показал высокие ИП у мужчин в возрасте 70+ лет и 60-69 лет; у женщин -70 лет и старше. Все годы исследования заболеваемость РЖ в ЗКО была выше средне-республиканских.', 'Қазақстан  Республикасы  жəне  Батыс –Қазақстан облысы  бойынша  асқазан  қатерлі ісігі  ауруының  таралуының  зерттеуі  жургізілді (2007-2012 жж). Жалпы  Республикада  асқазан  қатерлі  ісігі  ауруының  қарқындык  өрсеткіштернің  төмендеуі  байқалады (18,8%000 –дан 16,2%000 – ға).  Онкопа-тология  жүйесінде  асқазан  қатерлі  ісігі  қашанда 4-ші  орында  болып  келеді. Асқазан  қатерлі  ісігі  жиілік  бойынша  еркек  адамдарда 1,8 есе  жиірек  кездеседі.Батыс – Қазақстаноблысында 5 жылдың  ішінде  асқазан  қатерлі  ісігіна  уруының  төмендеуі  байқалады  (21,2%000 –дан 15,7%000 – ға). Ерадаммен əйел  адамдардың  қарқынды  көрсеткішінің  қарым: 1,4 – 2,1 (2007-2011жж). Асқазан  қатерлі  ісігі  ауруының  жасбойынша  зерттеу  кезінде  ер  адамдарда 70+ жас  жəне 50-69 жасаралығында, əйел  адамдарда -70 жас  жəне  одан  үлкен  жастарда  қарқындык  өрсет-кішінің  жоғарыдеңгейін  көрсетті. Батыс – Қазақстаноблысты Республика  бойыншаа  сқазан  қатерлі  ісігі  ауруы əрдайым  жоғары  болған.', 'Stomach cancer population of the Republic of Kazakh-stanand West Kazakhstan region (2007 to 2011). The analysis of the incidence of gastric cancer (GC)and the Republic of West Kazakhstan region for 5 years(2007-2012). In the dynamics of intense incidence of gastric cancer in the Republic there is a trend declinefrom 18.8 %ooo to 16.2 %ooo. The structure oncopathology of GC all years was at the fourth rank position with a specific gravity 10,2-8,8%. GC frequency among men was 1.9 times higher.In West Kazakhstan region for 5 years showed a reductionin the incidence of GC with 21.2%ooo to 15.7%ooo. The ratio of male - intensive indicator of the female population: 1.4-2.1(2007-2011). Age-specific analysis of the incidence of gastric cancer showed high intensity indicator men aged 70 + year sand 60-64 years for women -70 years and older. All the years ofthe study the incidence of gastric cancer in the West Kazakhstan region was higher than the national average.', 'russian', 'Рак желудка, заболеваемость,  стандартизованные и интенсивные показатели', 5, 3, 5, 0, '616-006', 1, 5, 2014, NULL, NULL, 1, NULL, NULL, 13, 15, NULL, NULL, NULL, NULL, NULL, NULL, NULL, NULL, NULL, 'goncharova.2004@mail.ru', '2014-05-23 06:29:24', NULL, NULL, NULL, NULL, NULL, NULL, NULL),
(6, 'Заболеваемость раком вульвы в Республике Казахстан', 0, NULL, NULL, 'Цель исследования: изучить заболеваемость раком вульвы (РВ) в Республике Казахстан. Изучены 852 случая, зарегистрированных впервые по поводу РВ с 2003 по 2012 гг. Источником информации явились данные полученные из специализированных и неспециализированных учреждений страны. Подсчитаны грубые и стандартизованные (мировой стандарт) показатели заболеваемости РВ по возрасту. Среднегодовой средний возраст пациенток РВ составил 70,8±0,3 лет. Интенсивный или грубый показатель заболеваемости РВ женского населения республики за исследуемый период времени, подсчитанный на 100 тысяч, составил 0,9. При подсчете стандартизованных показателей заболеваемости\r\nпо мировому стандартному населению было выявлено, что данный показатель заболеваемости РВ был равен1,0на 100 тысяч, при 95% ДИ 0,8 – 1,0. При этом темп прироста за 10 лет составил 12,6%.\r\nЗаключение. Полученные данные свидетельствуют\r\nо возрастной вариабельности рака вульвы у женщин.', 'Цель исследования: изучить заболеваемость раком вульвы (РВ) в Республике Казахстан. Изучены 852 случая, зарегистрированных впервые по поводу РВ с 2003 по 2012 гг. Источником информации явились данные полученные из специализированных и неспециализированных учреждений страны. Подсчитаны грубые и стандартизованные (мировой стандарт) показатели заболеваемости РВ по возрасту. Среднегодовой средний возраст пациенток РВ составил 70,8±0,3 лет. Интенсивный или грубый показатель заболеваемости РВ женского населения республики за исследуемый период времени, подсчитанный на 100 тысяч, составил 0,9. При подсчете стандартизованных показателей заболеваемости\r\nпо мировому стандартному населению было выявлено, что данный показатель заболеваемости РВ был равен1,0на 100 тысяч, при 95% ДИ 0,8 – 1,0. При этом темп прироста за 10 лет составил 12,6%.\r\nЗаключение. Полученные данные свидетельствуют\r\nо возрастной вариабельности рака вульвы у женщин.', 'Зерттеу мақсаты - Қазақстан Республикасында\r\nвульваның қатерлі ісік сырқатын аңықтау. 2003 жəне 2012 жылдар арасында вульваның қатерлі ісік сырқатымен852 жағдай алғаш тіркеліп зерттелді. Еліміздінмамандандырылған жəне мамандандырыл-мағанемдік мекемелерінен алынған мəліметтер информация көзі болып табылады. Вульваның қатерлі ісігініңстандарталған (əлемдік стандарт) жəне өрескелкөрсеткіші жас бойынша есептелді. Вульваның қатерлі ісік сырқатынауқастардың орташажылдық жасы 70,8+ 0,3 ортажасты құрайды. Вульваның қатерлі ісік сырқатыныңқарқынды жəне өрескел көрсеткіші Республикалық əйелхалқының зерттеу кезеңі уақытымен есептелген 100мыңға, 0,9 құрайды.Халықтың əлемдік стандарты бойынша стандарталған ауру көрсеткішін есептеу кезінде\r\nвульваның қатерлі ісік ауру көрсеткіші 100 мың халықа1,0 тең болды,95% кезінде сенімді аралық (ДИ) 0,8-1,0тең. Сонымен 10 жыл ішінде сырқаттын өсу қарқыны- 12,6% тең болды.Қортынды:əйелдер-дегі вульва қатерлі ісігінің жасайырмашылық өзгеруін алынған деректер дəлелдейді.', 'Studied 852 cases of VC firstly registered since 2003 to 2012. Source of information data were obtained from specialized and non-specialized institutions in the country. Calculated crude and standardized (world standard) age specific incidence rates of VC. The average annual mean age of patients with VC 70.8 ± 0.3 years. Crude or intensive rate incidence of VC was 0.9 on 100 000 female population during the study period. In calculating the standardized incidence rates for\r\nworld standard population was found that the incidence rate of VC was equal to 1.0 per 100 000 (95% CI 0.8 - 1.0). Agro with rate of VC in 10 years was 12.6 %.\r\nConclusion. The findings suggest that age related\r\nvariability of vulvar cancer in women.', 'russian', 'Рак вульвы, стандартизованные показатели, повозрастная заболеваемость', 3, 0, 9, 1, '618.16-036.22(574)', 1, 5, 2014, NULL, NULL, 1, NULL, NULL, 16, 18, NULL, NULL, NULL, NULL, NULL, NULL, NULL, NULL, NULL, 'goncharova.2004@mail.ru', '2014-05-23 06:45:59', NULL, NULL, NULL, NULL, NULL, NULL, NULL),
(7, 'Лучевая диагностика опухолей желудка', 0, NULL, NULL, 'Статья посвящена лучевой диагностики опухолей желудка. Представлена рентген-анатомия, методика рентгенологического исследования с описанием\r\nхарактерных рентгенологических признаков доброкачественных и злокачественных опухолей желудка.', 'Статья посвящена лучевой диагностики опухолей желудка. Представлена рентген-анатомия, методика рентгенологического исследования с описанием\r\nхарактерных рентгенологических признаков доброкачественных и злокачественных опухолей желудка.', 'Мақала асқазан ісіктерінің сəулелік иагностикасына\r\nарналған. Асқазанның анатомиясы, ентгенологиялық\r\nзерттеудің əдістемелері, қатерлі жəне қатерсіз\r\nісіктердіңсипаттамаларыкелтірілген.', 'The article is devoted for the radiology diagnosis of\r\ngastric tumors. It presents the anatomy, x-ray examination methods with a description of the characteristic radiographic aspects of benign and malignant tumors.', 'russian', 'Рак желудка, лучевая  диагностика,\r\nрентгенологические признаки доброкачественных и злокачественных опухолей желудка', 0, 0, 0, 0, '616.33-006-073.75', 1, 5, 2014, NULL, NULL, 1, NULL, NULL, 19, 20, NULL, NULL, NULL, NULL, NULL, NULL, NULL, NULL, NULL, 'goncharova.2004@mail.ru', '2014-05-23 06:52:28', NULL, NULL, NULL, NULL, NULL, NULL, NULL),
(8, 'Применение иммуногистохимического метода в диагностике рака молочной железы', 0, NULL, NULL, 'В работе приводится предварительные  данные иммуноцитохимических исследований в КазНИИОиР. Результаты определения уровня рецепторов гормонов эстрогена, прогестерона, индекса пролиферативной активности и определения факторов прогноза показали высокую чувствительность и специфичность. ИЦХ исследования является высоко  эффективным уточняющим диагностическим методом также и при цитологическом исследовании и может быть использовано при анализе гормонального статуса злокачественных образовании молочной железы, определении факторов прогноза опухолей, для проведения уточняющей диагностики не дифференцированных новообразовании и для оценки степени распространенности опухолевого процесса.', 'В работе приводится предварительные  данные иммуноцитохимических исследований в КазНИИОиР. Результаты определения уровня рецепторов гормонов эстрогена, прогестерона, индекса пролиферативной активности и определения факторов прогноза показали высокую чувствительность и специфичность. ИЦХ исследования является высоко  эффективным уточняющим диагностическим методом также и при цитологическом исследовании и может быть использовано при анализе гормонального статуса злокачественных образовании молочной железы, определении факторов прогноза опухолей, для проведения уточняющей диагностики не дифференцированных новообразовании и для оценки степени распространенности опухолевого процесса.', 'Сут безінің қатерлі ісігін иммунноцитохимиялык\r\nзерттеуді Қазақ ұлттық онкология жəне радиология\r\nғылыми зерттеу институтында енгізу тəжірибесі\r\nАталған жұмыс деңгейінде иммунноцитохимиялық\r\nзерттеулер деректері келтірілді. Зерттеу ұйғарымы-ныңэстроген, прогестерон гормон рецепторлары деңгейін,пролиферативті белсенділіктің  нəтижелерін жəне  болжам жасау мүмкіндіктерінің цитологиялық  ерекшеліктері ескеріледі. ИЦХ зерттеу клиникалы  цитологияның аса тиімдіəдісі бола отырып, бұл  жұмыста сүт безі қатерлі ісігіне сараптамалық тұрғыдын жəне болжам жасау мүмкіндігі мендиагностикалық тиімділігі жайлы сипатталады.', 'The work is preliminary data immunnocytoсhemistry\r\nstudy in KazNSIOandR. The results determine the level of the hormone estrogen, progesterone receptors, index of proliferative activity and determine the factors fore-cast showed high sensitivity and specificity. The Immunocytochemistry  research is a highly effective diagnostic method to lookup and cytological study of strokes and can be used in the analysis of the hormonal status of malignant breast education, determining factors of prognosis of tumors, diagnosis of  undifferentiated new lookup and to assess the extent of tumour spread.', 'russian', 'Цитологические и иммуногистохимические исследования, метастазирование', 0, 0, 10, 0, '616.19-006.6-07', 1, 5, 2014, NULL, NULL, 1, NULL, NULL, 23, 24, NULL, NULL, NULL, NULL, NULL, NULL, NULL, NULL, NULL, 'goncharova.2004@mail.ru', '2014-05-23 07:08:44', NULL, NULL, NULL, NULL, NULL, NULL, NULL),
(9, 'Разработка алгоритма тактики лечения\r\nдиссеминированных форм рака молочной железы', 0, NULL, NULL, 'В обзоре представлены литературные  данные о предиктивных маркерах химиочувствительности больных диссеминированными формами РМЖ при цитостатическом и хирургическом лечении. Показано что изучение вышеуказанных факторов способствует  повышению эффективности неоадьювантной химиотерапии.', 'В обзоре представлены литературные  данные о предиктивных маркерах химиочувствительности больных диссеминированными формами РМЖ при цитостатическом и хирургическом лечении. Показано что изучение вышеуказанных факторов способствует  повышению эффективности неоадьювантной химиотерапии.', 'Шолу барысында диссемиерленген СБО-ның хирургиялық және цитостатикалық емдеу предиктивті маркерлердің химиосезімталды-ғының  әдеби мәліметтері келтірілген. Жоғарыда көрсетілген  факторларды зерттеу обырға қарсы неадьювантты химиялық емнің тиімділігін арттыратынын көрсетеді.', 'In the  literature over view  the contemporary facts  about using   predictive markers of chemosensitivity  of the  effective therapy  in antitumor neoadiuvant сhemotherapy  treatment  аdvance  breast  cancer  patients are  shown.  It was shown the high clinical effectiveusing  the   different  variants of neoadiuvant сhemotherapy and operation of the advance breast саncer  patients.', 'russian', 'предиктивные маркеры, химиочувствительность, диссеминированные формы, неоадьювантная химиотерапия', 0, 0, 28, 1, '618.19-006.6', 1, 5, 2014, NULL, NULL, 1, NULL, NULL, 27, 29, NULL, NULL, NULL, NULL, NULL, NULL, NULL, NULL, NULL, 'goncharova.2004@mail.ru', '2014-05-23 07:22:03', NULL, NULL, NULL, NULL, NULL, NULL, NULL),
(10, 'Опыт лечения рака предстательной железы в\r\nКазахском НИИ онкологии и радиологии', 0, NULL, NULL, 'В статье отмечается тенденция к росту заболеваемости, высокие показатели смертности от РПЖ, которая обусловлена поздней диагностикой. Надежды сократить число смертей от рака простаты основаны на двух тактиках: ранней диагностике и\r\nэффективном лечении болезни в ее начальной стадии.', 'В статье отмечается тенденция к росту заболеваемости, высокие показатели смертности от РПЖ, которая обусловлена поздней диагностикой. Надежды сократить число смертей от рака простаты основаны на двух тактиках: ранней диагностике и\r\nэффективном лечении болезни в ее начальной стадии.', 'Мақалада  қуық асты безі қатерлі ісігі ауруының кеш диагностиканың салдарынан, аурудың өсуін жəне өлім  көрсеткіштерінің жоғырылығын көресетеді. Қуық астықатерлі ісігі бар науқастардың өлімін азайтуында 2  жолға негізделген: ерте диагностика жəне аурудыңбасты сатысында эффективті ем  жүргізу. Скрининг бағдарламасының енгізілуі қуық асты безі қатерлі ісігін ерте диагностикасын жасауға мүмкін-дікбереді, яғни бұл бағдарлама, сол науқастарға радикальды ем əдістерін қолдану жəне өмір сүруін ұзартуғамүмкіндік береді. Радикальды простатэк-томия  простатоспецификалық антигендердін белсенділігін  тежейді.', 'In the article there is a tendency to increase the incidence  and high mortality rates from prostate cancer, which is due  to late diagnosis. Hopes to reduce the number of deaths from  prostate cancer based on two tactics: early diagnosis and  effective treatment of the disease in its initial stages.\r\nIntroduction of screening improves early diagnosis of prostate cancer in the early stages, which will allow to apply  to these patients radical treatments and thereby increase  life expectancy. Radical prostatectomy reliably suppresses activity of prostate-specific antigen.', 'russian', 'Рак предстательной железы, заболеваемость, смертность: ранняя диагностика', 0, 1, 0, 0, '616.65-006.6-08', 1, 5, 2014, NULL, NULL, 1, NULL, NULL, 30, 31, NULL, NULL, NULL, NULL, NULL, NULL, NULL, NULL, NULL, 'goncharova.2004@mail.ru', '2014-05-23 07:29:24', NULL, NULL, NULL, NULL, NULL, NULL, NULL),
(11, 'Опыт экзентерации малого таза у больных\r\nрецидивным раком прямой кишки', 0, NULL, NULL, 'В данной статье проведен анализ непосредственных и ближайших результатов лечения 14 больных, подвергнутых оперативному вмешательству в объем  экзентерации малого таза по поводу рака прямой  кишки. Тотальная  экзентерация выполнена  6 больным(4 мужчинам и 2 женщинам), задняя экзентерация – 8 женщинам. Послеоперационные осложнения развились у  6 пациентов, что потребовало у 3 из них хирургической  коррекции. Среди 9 прослеженных больных, живы -7.', 'В данной статье проведен анализ непосредственных и ближайших результатов лечения 14 больных, подвергнутых оперативному вмешательству в объем  экзентерации малого таза по поводу рака прямой  кишки. Тотальная  экзентерация выполнена  6 больным(4 мужчинам и 2 женщинам), задняя экзентерация – 8 женщинам. Послеоперационные осложнения развились у  6 пациентов, что потребовало у 3 из них хирургической  коррекции. Среди 9 прослеженных больных, живы -7.', 'В данной статье проведен анализ непосредственных и ближайших результатов лечения 14 больных, подвергнутых оперативному вмешательству в объем  экзентерации малого таза по поводу рака прямой  кишки. Тотальная  экзентерация выполнена  6 больным(4 мужчинам и 2 женщинам), задняя экзентерация – 8 женщинам. Послеоперационные осложнения развились у  6 пациентов, что потребовало у 3 из них хирургической  коррекции. Среди 9 прослеженных больных, живы -7.', 'This article  analyzes the  direct  and  immediate results  of  treatment  of  14 patients undergoing surgery  in the pelvic  exenteration  volume for rectal cancer.  Total exenteration performed  6 patients,  posterior exenteration - 8 women.  Postoperative  complications  occurred  in   6 patients,  which required 3 of them surgical correction.  Among the  nine tracked  patients are alive  7.', 'russian', 'рецидив рака прямой кишки, экзентерация малого таза', 0, 0, 9, 0, '616.351-006.6-089', 1, 5, 2014, NULL, NULL, 1, NULL, NULL, 32, 33, NULL, NULL, NULL, NULL, NULL, NULL, NULL, NULL, NULL, 'goncharova.2004@mail.ru', '2014-05-23 07:42:42', NULL, NULL, NULL, NULL, NULL, NULL, NULL),
(12, 'Ранняя диагностика рака предстательной железы на уровне первичной медико-санитарной помощи.', 0, NULL, NULL, NULL, NULL, NULL, NULL, NULL, NULL, NULL, NULL, NULL, NULL, NULL, 6, NULL, 2014, NULL, NULL, NULL, NULL, NULL, NULL, NULL, NULL, NULL, NULL, NULL, NULL, NULL, 'Алматы', 34, 'ТОО \\"Юмгискор Холдинг\\"', 'goncharova.2004@mail.ru', '2014-05-23 08:04:13', NULL, NULL, NULL, NULL, NULL, NULL, NULL),
(13, 'Хронобиологический подход в терапии злокачественных опухолей', 0, NULL, NULL, 'Нами предложен метод оценки общего функционального состояния внутренних систем органов с учетом десинхронозных нарушений организма на основе показателей электропроводности и температуры биологически активных точек, который  позволяет выбор времени терапевтического воздействия в диурнальном ритме с целью повышения эффективности лечения и снижения побочного действия противоопухолевых средств.', 'Нами предложен метод оценки общего функционального состояния внутренних систем органов с учетом десинхронозных нарушений организма на основе показателей электропроводности и температуры биологически активных точек, который  позволяет выбор времени терапевтического воздействия в диурнальном ритме с целью повышения эффективности лечения и снижения побочного действия противоопухолевых средств.', 'Биологиялық активті нүктелердің электрөкізгіштігі мен температурасына негізделе отырып, ағзаның десинхронозды бұзылуы ескеріліп, ішкі мүшелер жүйелерінің жалпы функциялык күйін бағалау әдістемесі беріледі. Мұндай жұмыстар ісікке карсы заттардың кері әсерлерін төмендету және тиімді емдеуді жоғарылату максатымен диурнальды ырғакта терапевтік әсер етудің уақытын тандауға көмектеседі.', 'CHRONOBIOLOGICAL APPROACH IN CANCER THERAPY \r\nT.G.Goncharova \r\nAlmaty, Kazakhstan\r\nWe propose a method for assessing the general condition of the internal organ systems including desinhronoze disorders of the body on the basis of electro conductivity and temperature indicators of biologically active points, which allows the timing of therapeutic intervention in the diurnal rhythm in order to improve the effectiveness of treatment and reduce the side effects of anti-cancer agents. The most optimal time for therapeutic influence is the period minimal disbalance of electro conductivity and maximal disbalance – temperature of bioactive points and maximal average body temperature.\r\nKeywords: BIOLOGICAL RHYTHMS, chronobiological approach to treatment, electro conductivity and temperature in the biologically active points of organism.', 'russian', 'БИОЛОГИЧЕСКИЕ РИТМЫ, ХРОНОБИОЛОГИЧЕСКИЙ ПОДХОД К ЛЕЧЕНИЮ, ЭЛЕКТРОПРОВОДНОСТЬ И ТЕМПЕРАТУРА В БИОЛОГИЧЕСКИ АКТИВНЫХ ТОЧКАХ ОРГАНИЗМА', 0, 0, 10, 5, '616-57.034:615.8', 1, NULL, 2013, NULL, NULL, 3, 2, 59, 353, 357, NULL, NULL, NULL, NULL, NULL, NULL, NULL, NULL, NULL, 'goncharova.2004@mail.ru', '2014-06-01 13:56:15', NULL, NULL, NULL, NULL, NULL, NULL, NULL),
(14, 'Оценка загрязнения реки Кошкар-Ата в Южно-Казахстанской области', 0, NULL, NULL, 'Представлены данные проведенных исследований на загрязнение проб воды из реки Кошкар-ата Южно-Казахстанской области в августе 2011г. Во всех пробах наблюдалось превышение ПДК сульфидов в 2-4 раз, меди – в 2 - 3 раза, БПК5 – в 1,08 - 2,17 раза, фенолов 1,6 – 6,0 раз, в трех из четырех проб наблюдалось небольшое превышение содержания аммиачных соединений (в 1,14 – 1,36 раз).', 'Представлены данные проведенных исследований на загрязнение проб воды из реки Кошкар-ата Южно-Казахстанской области в августе 2011г. Во всех пробах наблюдалось превышение ПДК сульфидов в 2-4 раз, меди – в 2 - 3 раза, БПК5 – в 1,08 - 2,17 раза, фенолов 1,6 – 6,0 раз, в трех из четырех проб наблюдалось небольшое превышение содержания аммиачных соединений (в 1,14 – 1,36 раз).', 'Гончарова Т.Г., Яковлева Н.А., Ибрагимова Б.Ы., Избакиев А.М.\r\nОҢТҮСТІК-ҚАЗАҚСТАН ОБЛЫСЫ ҚОШҚАР-АТА ӨЗЕНІНІҢ ЛАСТАНУЫН БАҒАЛАУ  \r\nТүсініктеме. 2011ж тамыз айында Оңтүстік-Қазақстан облысы Қошқар-ата өзеніндегі  су үлгісіне  жүргізілген зерттеулердің нәтижелері көрсетілген. Барлық үлгілерде сульфидтердің шектiк мүмкiн  шоғырландыруы (ШМШ) 2-4 есе жоғары, мыс- 2-3 есе ,  оттегінің биологиялық тұтынуы 1,08 – 2,17 есе, фенолдар  1,6-6,0 есе, төрттен үш үлгіде аммиактық қоспалардың мөлшері азғантай нормадан асып түскен (1,14-1,36 есе).', 'Goncharov Т.Г., Jakovleva N.A., Ibragimova B. Y., Izbakiev А.М.\r\nESTIMATION OF POLLUTION OF THE RIVER KOSHKAR-ATA OF THE SOUTH KAZAKHSTAN AREA\r\nThe summary. The data of the spent researches on pollution of tests of water from the river Koshkar-ata of the South Kazakhstan area in August 2011г is presented. In all tests excess of maximum concentration limit of sulfides in 2-4 times, copper – in 2 - 3 times, Biological consumption of oxygen (5) – in 1,08 - 2,17 times, phenols 1,6 – 6,0 times was observed, in three of four tests small excess of the maintenance of ammoniac connections (in 1,14 – 1,36 times) was observed.\r\nKeywords: ESPECIALLY PROTECTED NATURAL TERRITORY (EPNT), POLLUTION, MAXIMUM PERMISSIBLE CONCENTRATION (MPC)', 'russian', 'ОСОБО ОХРАНЯЕМАЯ ПРИРОДНАЯ ТЕРРИТОРИЯ (ООПТ), ЗАГРЯЗНЕНИЕ, ПРЕДЕЛЬНО ДОПУСТИМАЯ КОНЦЕНТРАЦИЯ (ПДК)', 1, 3, 0, 0, '502/504', 1, NULL, 2012, NULL, NULL, 4, NULL, 36, 81, 85, NULL, NULL, NULL, NULL, NULL, NULL, NULL, NULL, NULL, 'goncharova.2004@mail.ru', '2014-06-01 14:19:15', NULL, NULL, NULL, NULL, NULL, NULL, NULL);
INSERT INTO `bibl_publication` (`id`, `name`, `electron`, `url`, `doi`, `abstract_original`, `abstract_rus`, `abstract_kaz`, `abstract_eng`, `language`, `keywords`, `number_ilustrations`, `number_tables`, `number_references`, `number_references_kaz`, `code_udk`, `type_id`, `journal_id`, `year`, `month`, `day`, `number`, `volume`, `issue`, `p_first`, `p_last`, `pmid`, `conference_id`, `tezis_type`, `patent_type_id`, `patent_type_number`, `patent_date`, `book_city`, `book_pages`, `izdatelstvo`, `user`, `insert_date`, `method_recom_bbk`, `isbn`, `method_recom_edited`, `method_recom_stated`, `method_recom_approved`, `method_recom_published_with_the_support`, `method_recom_reviewers`) VALUES
(15, 'Результаты обследования реакционной нагрузки на реке Кошкар-Ата Южно-Казахстанской области', 0, NULL, NULL, 'При использовании территории побережья реки Кошкар-ата Южно-Казахстанской области в рекреационных целях проведена оценка допустимой рекреационной нагрузки с определением количества человек в единицу времени на единицу площади, а также рекреационной емкости обозначенной территории с расчетом общего количества посетителей, которое может находиться на территории, с учетом статуса особо охраняемых природных территорий, устойчивости данной территории к рекреационным воздействиям и психо-физиологической комфортности отдыхающих.', 'При использовании территории побережья реки Кошкар-ата Южно-Казахстанской области в рекреационных целях проведена оценка допустимой рекреационной нагрузки с определением количества человек в единицу времени на единицу площади, а также рекреационной емкости обозначенной территории с расчетом общего количества посетителей, которое может находиться на территории, с учетом статуса особо охраняемых природных территорий, устойчивости данной территории к рекреационным воздействиям и психо-физиологической комфортности отдыхающих.', 'Гончарова Т.Г., Яковлева Н.А., Ибрагимова Б.Ы., Избакиев А.М.\r\nОҢТҮСТІК-ҚАЗАҚСТАН ОБЛЫСЫ ҚОШҚАР-АТА ӨЗЕНІНДЕГІ  РЕКРЕАЦИЯЛЫҚ ЖҮКТЕМЕЛЕР  ЗЕРТТЕУЛЕРІНІҢ  НӘТИЖЕЛЕРІ\r\nТүсініктеме. Оңтүстік Қазақстан облысының Қошқар ата өзенінің жағалауы территориясын рекреациялық мақсаттарында қолдану кезінде, адам санының уақыт бірлігіне, аудан бірлігіне анықтаумен ықтимал рекреациялық жүктемені бағалау, сонымен қатар территориядағы келішулердің жалпы саны есебімен белгіленген территорияның рекреациялық сыйымдылықты, ЕКТА мәртебесі, осы территорияның рекреациялық әсеріне тұрақтылығы және демалушылардың психологиялық-физиологиялық жайлылығы есебімен жүргізілді.', 'Goncharova T.G., Yakovleva N.A., Ibragimova B.Y., Izbakiev A.M.\r\nRESULTS OF INSPECTION OF RECREATIONAL LOADING ON THE RIVER KOSHKAR-ATA OF THE SOUTH KAZAKHSTAN AREA\r\nThe summary. At use of territory of coast of the river Koshkar-ata of the South Kazakhstan area in the recreational purposes the estimation of admissible recreational loading with definition of a number of people in unit of time on area unit, and also recreational capacity of the designated territory with calculation of total of visitors which can be in territory, taking into account status ООПТ, stability of the given territory to recreational influences and to psycho-physiological comfort having a rest is spent.\r\nKeywords: REKREACION POSSIBILITY, INDICATORS OF THE PURPOSE OF QUALITY OF ENVIRONMENT, POSSIBLE CHARGE  FROM REKREACION', 'russian', 'РЕКРЕАЦИОННАЯ ЕМКОСТЬ, ЦЕЛЕВЫЕ ПОКАЗАТЕЛИ КАЧЕСТВА ОКРУЖАЮЩЕЙ СРЕДЫ, ДОПУСТИМАЯ РЕКРЕАЦИОННАЯ НАГРУЗКА', 3, 3, 0, 0, '502/504', 1, NULL, 2012, NULL, NULL, 4, NULL, 36, 86, 91, NULL, NULL, NULL, NULL, NULL, NULL, NULL, NULL, NULL, 'goncharova.2004@mail.ru', '2014-06-01 14:29:53', NULL, NULL, NULL, NULL, NULL, NULL, NULL),
(16, 'Хронобиологический подход в терапии различных заболеваний', 0, NULL, NULL, 'Нами предложен метод оценки общего функционального состояния внутренних систем с помощью «патологических» меридианов, ДК, ТК, ОК и изменения причинно-следственных связей всех меридианов. Оптимальным временем для терапевтического воздействия был период минимального дисбаланса электропроводности и максимального – температуры в биологически активных точках (точки акупунктуры). Предлагаемый подход позволяет диагностировать последствия лучевых повреждений еще  на предклинической стадии и добиться очень хорошей эффективности в лечении ряда хронических болезней и предотвратить возникновение рецидивов заболеваний.', 'Нами предложен метод оценки общего функционального состояния внутренних систем с помощью «патологических» меридианов, ДК, ТК, ОК и изменения причинно-следственных связей всех меридианов. Оптимальным временем для терапевтического воздействия был период минимального дисбаланса электропроводности и максимального – температуры в биологически активных точках (точки акупунктуры). Предлагаемый подход позволяет диагностировать последствия лучевых повреждений еще  на предклинической стадии и добиться очень хорошей эффективности в лечении ряда хронических болезней и предотвратить возникновение рецидивов заболеваний.', 'ХРОНОБИОЛОГИЯ ТІЛ ТАБУ ТЕРАПИЯДА ТҮРЛІ АУРУҒА ШАЛДЫҒУЛАРДЫҢ \r\nТ.Г. Гончарова, Г.С. Васильева, A. Өмiрбек\r\n«Ecology Expert» Almaty,Kazakhstan\r\nБіз усынып отырған әдіс ішкі жүиелердің функционалдық жағданына. “Патологиялық” меридиандардың колигімен дәлелденген диагностикалық, терапеялық және бағамеу коэффициенте және барлық меридиандардың байменыс жүиелерінің өзгеруіне баға беру болып табылады. Терапеялық ем үшін ең бір қолайлы уақыт, дененің элект өткішгіш қаблетінін ең томенгі және акупунктура нүктелеріндегі қызудың ең жоғарғы мезгілі болып тобылады. Бұл усынылған әдістер саулемен зақымдал ғолдығын емханаға денін анықтоп бағлмеп Бере аллоды, және қайтоменатын ауруды емдеуде және оның ақынып кетлеу бағытында нәтижелі көрсеткішке қол жеткізетіндігі джелденді.', 'CHRONOBIOLOGICAL APPROACH IN THERAPY VARIOUS DISEASES\r\nT.G.Goncharova, G.S.Vasilyeva, A.Omirbek\r\n «Ecology Expert» Алматы, Казахстан\r\n We offered a method of an estimation of a general functional condition of internal systems by the help \\"of «pathological\\" meridians, diagnostic, therapeutic and estimated coefficients and change of causative- consecutive relationships of all meridians. The most optimal time for therapeutic influence is the period minimal disbalance of electro conductivity and maximal disbalance – temperature of bioactive points. Suggestive approach has been allowed to diagnose irradiative damages on latent period yet and to achieve very good efficiency in therapy some chronic diseases and to prevent appearing of its relapses.', 'russian', 'БИОЛОГИЧЕСКИЕ РИТМЫ, ХРОНОБИОЛОГИЧЕСКИЙ ПОДХОД К ЛЕЧЕНИЮ, ЭЛЕКТРОПРОВОДНОСТЬ И ТЕМПЕРАТУРА В БИОЛОГИЧЕСКИ АКТИВНЫХ ТОЧКАХ ОРГАНИЗМА', 0, 0, 20, 3, '616-57.034:615.8', 1, 4, 2012, NULL, NULL, 1, 1, 14, 60, 71, NULL, NULL, NULL, NULL, NULL, NULL, NULL, NULL, NULL, 'goncharova.2004@mail.ru', '2014-06-01 14:54:19', NULL, NULL, NULL, NULL, NULL, NULL, NULL),
(17, 'Управление устойчивым развитием регионов в Казахстане', 0, NULL, NULL, NULL, NULL, NULL, NULL, NULL, NULL, NULL, NULL, NULL, NULL, NULL, 3, NULL, NULL, NULL, NULL, NULL, NULL, NULL, 86, 90, NULL, 1, 'tezis', NULL, NULL, NULL, NULL, NULL, NULL, 'goncharova.2004@mail.ru', '2014-06-01 15:11:02', NULL, NULL, NULL, NULL, NULL, NULL, NULL),
(18, 'Показатели и индикаторы устойчивого развития Казахстана. Навстречу Третьему Всемирному Саммиту по Устойчивому развитию.', 0, NULL, NULL, 'В монографии рассмотрены современные представления об устойчивом развитии общества, даны результаты оценки экологических, социальных, экономических, институциональных процессов на территории Республики Казахстан, как базовых компонентов устойчивого развития. \r\nПриведены основные направления реализации установочных параметров и ожидаемых результатов устойчивого развития с учетом нового подхода по внедрению системы государственного планирования, передового международного опыта в сфере устойчивого развития. \r\nДаны предложения по коррекции установочных параметров и межотраслевых целевых показателей перехода к устойчивому развитию, приведены примеры разработки интегральных целевых показателей перехода к устойчивому развитию для регионов и отраслей Республики Казахстан. \r\nРассмотрены основные направления работ по совершенствованию механизмов сбора, учета и контроля статистической информации для расчета целевых показателей перехода к устойчивому развитию - предложения для дополнения перечня статистических показателей республиканского, областного и районного уровней.\r\nПредставлены основные положения и принципы «зеленого роста», Астанинской инициативы «Зеленый мост»\r\nМонография адресована ученым и практическим специалистам, работающим в различных сферах: экологии, социального менеджмента, экономики, статистики и т.д., а также студентам высших учебных заведений.', NULL, NULL, NULL, NULL, NULL, 15, 66, NULL, NULL, '323/324 (574)', 2, NULL, 2011, NULL, NULL, NULL, NULL, NULL, NULL, NULL, NULL, NULL, NULL, NULL, NULL, NULL, 'Астана', 294, '\\"Эстамп Азия\\"', 'goncharova.2004@mail.ru', '2014-06-01 15:58:48', '66.3 (5 Каз)', '978-601-280-251-1', NULL, NULL, NULL, 'Издано при поддержке ТОО \\"Центр охраны здоровья и экопроектирования\\"', 'Заместитель директора Национального Центра проблем Формирования здорового образа жизни Министерства Здравоохранения РК, д.м.н. Каржаубаева Ш.Е. \r\nЗам. директора РГКП «Научный центр гигиены и эпидемиологии» им. Хамзы Жуматова МЗ РК, д.м.н., доцент Ора'),
(19, 'Меры по совершенствованию статистической информации для введения мониторинга показателей устойчивого развития регионов Казахстана', 0, NULL, NULL, 'В статье дана общая характеристика существующей системы мониторинга целевых показателей перехода к устойчивому развитию в Казахстане. Проведен анализ перечня статистических показателей,  предоставляемый для мониторинга, и предложены меры по совершенствованию статистической информации с алгоритмами получения первичных данных, указанием источников и формата представления итоговых данных.', 'В статье дана общая характеристика существующей системы мониторинга целевых показателей перехода к устойчивому развитию в Казахстане. Проведен анализ перечня статистических показателей,  предоставляемый для мониторинга, и предложены меры по совершенствованию статистической информации с алгоритмами получения первичных данных, указанием источников и формата представления итоговых данных.', '-', 'ACTIONS ON PERFECTION OF THE STATISTICAL INFORMATION FOR MONITORING OF SUSTAINABLE DEVELOPMENT INDICATORS FOR REGIONS OF KAZAKHSTAN\r\nTatiana Georgievna Goncharova, Doctor of Biology, laboratory head of Collective access Center Research institute of fundamental and applied medicine named after B.Atchabarov of KaNMU named after S.D.Asfendiyarov\r\nYuri Kamirovich Shokamanov, Doctor of Economics, director of the Department of Statistics of the Eurasian Economic Commission, Agency for Statistics of Kazakhstan\r\nNatalia Albinovna Yakovleva, Doctor of Medicine, LLC \\"Ecoservice-S\\" (Astana, Kazakhstan)\r\nAnvarbek Koimagambetovich Daurenbekov, candidate of economics, an expert on statistical indicators of sustainable development (Astana, Kazakhstan)\r\nAhan Zhaparovich Omirbek, candidate of technical sciences, director of LLP «Ecology Expert» (Almaty, Kazakhstan)\r\nAbstract\r\nThe general characteristic of existing system of monitoring of target indicators of transition to a sustainable development in Kazakhstan is given in the article. The analysis of the list of statistics is carried out for the monitoring. The measures on perfection of the statistical information with algorithms of reception of the primary data, instructions of sources and a format of representation of a total are offered.\r\nKEYWORDS: statistics, sustainable development indicators, monitoring, perfection of the statistical information.', 'russian', 'статистические показатели, индикаторы устойчивого развития, мониторинг, совершенствование статистической информации.', 0, 4, 11, 3, 'УДК 311.31: 304.5', 3, 6, 2012, NULL, NULL, 4, 8, 17, 42, 58, NULL, 4, 'paper_spec', NULL, NULL, NULL, NULL, NULL, NULL, 'goncharova.2004@mail.ru', '2014-06-01 16:29:17', NULL, NULL, NULL, NULL, NULL, NULL, NULL),
(20, 'Современные технологии иммунодиагностики при злокачественных новообразованиях', 0, NULL, NULL, 'В обзоре литературы представлены основные современные методы иммунологической диагностики, используемые при злокачественных новообразованиях. Показана их эффективность, точность и возможность  применения.', 'В обзоре литературы представлены основные современные методы иммунологической диагностики, используемые при злокачественных новообразованиях. Показана их эффективность, точность и возможность  применения.', 'Тужырым: иммунды диагностикасы әдістер ықшамдау. Адам канының сары суындағы Т-лимфоциттерінің субпопуляциялык кұрамы колдану мумкіншлігімен корсетілген.', 'Summary: In the overview of literature there  are difference methods of immunodiagnostic of cancer  of cancer patients were presented. Effective of using the definition subpopulated structure T-cells of blood are shown.', 'russian', 'иммунодиагностика, злокачественные новообразования, рак', 0, 0, 17, 0, '616.24-006:615.37:615.38', 1, NULL, 2011, NULL, NULL, 2, NULL, NULL, 9, 12, NULL, NULL, NULL, NULL, NULL, NULL, NULL, NULL, NULL, 'bannelia@mail.ru', '2014-06-02 04:51:19', NULL, NULL, NULL, NULL, NULL, NULL, NULL),
(21, 'Иммунологические особенности больных местнораспространенными формами рака шейки матки при химиолучевой терапии.', 0, NULL, NULL, NULL, NULL, NULL, NULL, NULL, NULL, NULL, NULL, NULL, NULL, NULL, 3, NULL, NULL, NULL, NULL, NULL, NULL, NULL, 58, 58, NULL, 2, 'tezis', NULL, NULL, NULL, NULL, NULL, NULL, 'bannelia@mail.ru', '2014-06-02 10:28:49', NULL, NULL, NULL, NULL, NULL, NULL, NULL),
(22, 'Иммунологическая эффективность вариантов комбинированной терапии больных раком шейки матки местно-распространенных форм  в связи с прогнозом и  клинической эффективностью лечения.', 0, NULL, NULL, 'В статье представлена иммунологическая эффективность различных вариантов комбинированной химиолучевой терапии при местно-распространенных формах шейки матки.\r\nУстановлен прогноз клинического течения больных раком шейки матки и его связь с состоянием иммунореактивности.', 'В статье представлена иммунологическая эффективность различных вариантов комбинированной химиолучевой терапии при местно-распространенных формах шейки матки.\r\nУстановлен прогноз клинического течения больных раком шейки матки и его связь с состоянием иммунореактивности.', 'Тужырым: Жатыр мойнының  катерлі ісігінді қолданылатын химиялық және сәулелік емдеу турак тәсілдердің әдісіндегі иммундық тиімділігі корсетілгенн. Жатыр мойнының қатерлі ісігінің клиникалық ағымын прогноздау дененің иммундық реактивтілігіне байланысты екені анықталды.', 'Summary: In the article immunological  effective using of different variants of the combine radiochemical therapy patients of cancer cervical are shown. It was prognosis of the clinical course of the cancer cervical patients in the connection with state immune.', 'russian', 'Иммунореактивность, рак шейки матки, прогноз.', 0, 1, 5, 0, '-', 1, 5, 2012, NULL, NULL, 1, NULL, 23, 25, 27, NULL, NULL, NULL, NULL, NULL, NULL, NULL, NULL, NULL, 'bannelia@mail.ru', '2014-06-02 10:52:02', NULL, NULL, NULL, NULL, NULL, NULL, NULL),
(23, 'Эффективность неоадьювантной химиотаргетной терапии больных распространенными формами  рака молочной железы.', 0, NULL, NULL, NULL, NULL, NULL, NULL, NULL, NULL, NULL, NULL, NULL, NULL, NULL, 3, NULL, NULL, NULL, NULL, NULL, NULL, NULL, 13, 14, NULL, 3, 'tezis', NULL, NULL, NULL, NULL, NULL, NULL, 'bannelia@mail.ru', '2014-06-02 11:00:38', NULL, NULL, NULL, NULL, NULL, NULL, NULL),
(24, 'Эффективность вариантов химиотаргетной терапии больных метастатическим колоректальным раком.', 0, NULL, NULL, NULL, NULL, NULL, NULL, NULL, NULL, NULL, NULL, NULL, NULL, NULL, 3, NULL, NULL, NULL, NULL, NULL, NULL, NULL, 13, 14, NULL, 3, 'tezis', NULL, NULL, NULL, NULL, NULL, NULL, 'bannelia@mail.ru', '2014-06-02 11:05:36', NULL, NULL, NULL, NULL, NULL, NULL, NULL),
(25, 'Современные возможности  химиотаргетной  терапии  метастатического   колоректального рака.', 0, NULL, NULL, 'В обзоре представлены литературные данные о применении современных схем цитостатической  химиотаргетной терапии у больных колоректальным раком.  Показано, что включение таргетных препаратов в сочетании с цитостатической  химиотерапией способствует повышению эффективности противоопухолевой терапии.', 'В обзоре представлены литературные данные о применении современных схем цитостатической  химиотаргетной терапии у больных колоректальным раком.  Показано, что включение таргетных препаратов в сочетании с цитостатической  химиотерапией способствует повышению эффективности противоопухолевой терапии.', 'Туйіндеме. Шолуда  қатерлі ісікпен ауыратын науқастардың ісіққе қарсы  терапиясы барысында цитостатикалық химиялык таргеттык терапияның қазіргі кестелерін колдану туралы әдеби мәліметтер ұсынылған. Цитостатикалық химиотаргеттіқ емдеу катерлі метастатикалық турінің ісіқгіңе  емдеу  тиімділін арттырады.', 'Summary. In the  literature overviuw  the contemporary facts  about using  new schems  of the cytostatic   сhemotarget therapy  in antitumor  treatment for metastatic colorectal  cancer  patients are  shown.    It was shown high clinical effective using the different  variants of сhemotarget therapy of the  metastatic colorectal саncer  patients.', 'russian', 'Метастатический колоректальный рак, химиотаргетная терапия', 0, 0, 18, 1, '616.351-006.6:615.277.3', 1, 5, 2013, NULL, NULL, 2, NULL, 28, 7, 11, NULL, NULL, NULL, NULL, NULL, NULL, NULL, NULL, NULL, 'bannelia@mail.ru', '2014-06-02 11:12:33', NULL, NULL, NULL, NULL, NULL, NULL, NULL),
(26, 'Иммунологические критерии оценки эффективности химиотаргетной терапии больных метастатическим  КРР.', 0, NULL, NULL, 'В обзоре представлены литературные данные о иммунологических критериях цитостатической  химиотаргетной терапии у больных колоректальным раком.  Показано, что  мониторинг опухолевых маркеров при цитостатической  химиотаргетной терапии способствует выявлению рецидива  на различных этапах терапии и повышению эффективности противоопухолевой терапии.', 'В обзоре представлены литературные данные о иммунологических критериях цитостатической  химиотаргетной терапии у больных колоректальным раком.  Показано, что  мониторинг опухолевых маркеров при цитостатической  химиотаргетной терапии способствует выявлению рецидива  на различных этапах терапии и повышению эффективности противоопухолевой терапии.', 'Туйіндеме.  Мақалада колоректальды обырмен ауыратын наукастарға колданылатын цитостатикалық химиятаргеттік терапиянің иммунологиялық критериилерінің әдеби деректері келтірілген. Цитостатикалық химиятаргеттік емдеу кезінде ісіктік маркерлерді мониторингтеу, ісіктің әр кезендеғі кайталануын анықтауға    септігін   тигізетінін және ісікке қарсы емнің әсерін кушейтінің корсетеды.', 'Summary. In the  literature overviuw  the contemporary facts  about using  immunological possibilities  of the  effective cytostatic   сhemotarget therapy  in antitumor  treatment for metastatic colorectal  cancer  patients are  shown.    It was shown high clinical effective using the oncological markers   from different  variants of сhemotarget therapy of the  metastatic colorectal саncer  patients.', 'russian', 'Опухолевые маркеры, химиотаргетная терапия', 0, 0, 13, 1, '616.351-006.6:615277.3:576.8.077.3', 1, 5, 2013, NULL, NULL, 2, NULL, 28, 3, 6, NULL, NULL, NULL, NULL, NULL, NULL, NULL, NULL, NULL, 'bannelia@mail.ru', '2014-06-02 11:19:03', NULL, NULL, NULL, NULL, NULL, NULL, NULL),
(27, 'Перспективы и возможности современной терапии  больных диссеминированными формами РМЖ', 0, NULL, NULL, 'В обзоре представлены литературные данные о принципах терапии  больных диссеминированными формами РМЖ. Показано, что    применение современных схем цитостатической  химиотерапии в сочетании с оперативным лечением у больных диссеминированными формами РМЖ способствует повышению эффективности противоопухолевой терапии.', 'В обзоре представлены литературные данные о принципах терапии  больных диссеминированными формами РМЖ. Показано, что    применение современных схем цитостатической  химиотерапии в сочетании с оперативным лечением у больных диссеминированными формами РМЖ способствует повышению эффективности противоопухолевой терапии.', 'Туйіндеме. Шолу барысында сут бездері обырының диссемиерленген турімен ауыратын науқастарды емінің принциптері туралы әдеби мәліметтер келтірілген. Сут бездерімен ауыратын науқастарды цитостатикалық химиотерапияның қазіргі кестелерін қолдану мен оперативті емдеуді сабақтастыру арқылы емдеу тиімділігін арттыруға болатынын көрсетеді.', 'Summary. In the  literature overviuw  the contemporary facts  about using   principles of the  effective therapy  in antitumor  treatment for аdvance  breast  cancer  patients are  shown.  It was shown the high clinical effective using the   different  variants of сhemotherapy and operation of the advance breast саncer  patients.', 'russian', 'Терапия, рак молочной железы', 0, 1, 12, 1, '618.19-006.6-615.277', 1, 5, 2013, NULL, NULL, 2, NULL, 28, 12, 15, NULL, NULL, NULL, NULL, NULL, NULL, NULL, NULL, NULL, 'bannelia@mail.ru', '2014-06-02 11:27:15', NULL, NULL, NULL, NULL, NULL, NULL, NULL),
(28, 'Роль опухолевых маркеров в диагностике и оценке эффективности противоопухолевой терапии больных метастатическим колоректальным раком, диссеминированным раком   молочной железы  и некоторых других.', 0, NULL, NULL, 'В обзоре представлены cовременные данные литературы о эффективности изучения опухолевых маркеров у больных злокачественными новообразованиями при противоопухолевой цитостатической терапии.', 'В обзоре представлены cовременные данные литературы о эффективности изучения опухолевых маркеров у больных злокачественными новообразованиями при противоопухолевой цитостатической терапии.', 'Туйіндеме. Шолу барысында  ңатерлі ісікпен ауырған науқастарды ісіққе қарсы цитостатикалық терапия жасауда ісік  маркерлерінің тиімділігі туралы қазіргі әдебиеттердің мәліметтері ұсынылған.', 'Summary. In the overviuw  the contemporary facts of the literature about effect of the definition of the tumor markers in antitumor cytostatic treatment of the  cancer  patients are  shown.', 'russian', 'Опухолевые маркеры, рак', 0, 0, 11, 0, '616-006.6-07:615-036.8', 3, NULL, 2013, NULL, NULL, 1, NULL, NULL, 64, 69, NULL, 5, 'paper', NULL, NULL, NULL, NULL, NULL, NULL, 'bannelia@mail.ru', '2014-06-02 11:36:11', NULL, NULL, NULL, NULL, NULL, NULL, NULL),
(29, 'Молекулярно-генетические факторы  прогноза  течения  метастатического КРР.', 0, NULL, NULL, 'В обзоре представлены литературные данные о молекулярно-генетических факторах прогноза у больных метастатическим колоректальным раком при противоопухолевой терапии.  Показано, что  идентификация  молекулярно-генетических факторов  способствует выявлению прогноза течения заболевания и повышению эффективности противоопухолевой терапии.', 'В обзоре представлены литературные данные о молекулярно-генетических факторах прогноза у больных метастатическим колоректальным раком при противоопухолевой терапии.  Показано, что  идентификация  молекулярно-генетических факторов  способствует выявлению прогноза течения заболевания и повышению эффективности противоопухолевой терапии.', 'Туйіндеме Әдеби шолуда метастатикалық колоректальды ісікке қарсы ем кезінде наукастардың молекулярлы-генетикалық факторларының болжамы жайлы мәліметтер көрсетілген. Молекулярлы-генетикалық факторының анықталуы дерт барысын болжауға және ісікке қарсы емнің тиімділігін арттыруға септігіні көрсетілген.', 'Summary. In the  literature overviuw  the contemporary facts  about using the molecular- genetic factors of prognosis in the  effective   of antitumor  treatment for metastatic colorectal  cancer  patients are  shown. It was shown the high clinical effective  of identification the  molecular-genetic factors of prognosis  from different  variants of the antitumor therapy of the  metastatic colorectal саncer  patients.', 'russian', 'Рак, молекулярно-генетические факторы', 0, 0, 10, 1, '-', 3, NULL, 2013, NULL, NULL, 1, NULL, NULL, 97, 101, NULL, 6, 'paper', NULL, NULL, NULL, NULL, NULL, NULL, 'bannelia@mail.ru', '2014-06-02 11:46:46', NULL, NULL, NULL, NULL, NULL, NULL, NULL),
(30, 'Прогнозирование течения  диссеминированного РМЖ при   неоадьювантной химиотерапии и хирургическом лечении.', 0, NULL, NULL, 'В обзоре представлены литературные данные о прогностических и предсказательных факторах диссеминированного рака молочной железы при  цитостатическом и хирургическом лечении.  Показано, что  изучение  вышеуказанных факторов прогноза способствует повышению эффективности противоопухолевой терапии на различных этапах терапии', '-', 'Туйіндеме. Шолу барысында диссемиерленген СБО-ның хирургиялық және адьювантты емес химиотерапиялық емдеу кезіндегі болжамдық факторларының әдеби мәліметтері келтірілген. Жоғарыда көрсетілген болжамдық факторларды зерттеу обырға қарсы әркезендегі емнің тиімділігін арттыратынын көрсетеді.', 'В обзоре представлены литературные данные о прогностических и предсказательных факторах диссеминированного рака молочной железы при  цитостатическом и хирургическом лечении.  Показано, что  изучение  вышеуказанных факторов прогноза способствует повышению эффективности противоопухолевой терапии на различных этапах терапии', 'russian', 'Прогноз, рак молочной железы', 0, 0, 7, 0, '-', 3, NULL, 2013, NULL, NULL, 1, NULL, NULL, 93, 97, NULL, 6, 'paper', NULL, NULL, NULL, NULL, NULL, NULL, 'bannelia@mail.ru', '2014-06-02 11:52:03', NULL, NULL, NULL, NULL, NULL, NULL, NULL);

-- --------------------------------------------------------

--
-- Структура таблицы `bibl_publication_user`
--

CREATE TABLE IF NOT EXISTS `bibl_publication_user` (
`id` int(11) NOT NULL,
  `publication_id` int(11) NOT NULL,
  `user_id` int(11) NOT NULL,
  `responsible` int(11) NOT NULL DEFAULT '0' COMMENT 'Ответсвтенный за публикацию 1 - если да,  0 если нет',
  `coauthor` int(11) NOT NULL
) ENGINE=InnoDB AUTO_INCREMENT=32 DEFAULT CHARSET=utf8;

--
-- Дамп данных таблицы `bibl_publication_user`
--

INSERT INTO `bibl_publication_user` (`id`, `publication_id`, `user_id`, `responsible`, `coauthor`) VALUES
(1, 1, 1, 1, 1),
(3, 3, 3, 1, 0),
(4, 4, 3, 1, 0),
(5, 5, 3, 1, 0),
(6, 6, 3, 1, 0),
(7, 7, 3, 1, 0),
(8, 8, 3, 1, 0),
(9, 9, 3, 1, 1),
(10, 10, 3, 1, 0),
(11, 11, 3, 1, 0),
(12, 12, 3, 1, 0),
(13, 13, 3, 1, 1),
(14, 14, 3, 1, 1),
(15, 15, 3, 1, 1),
(16, 16, 3, 1, 1),
(17, 17, 3, 1, 1),
(18, 18, 3, 1, 1),
(19, 19, 3, 1, 1),
(20, 20, 4, 1, 1),
(21, 21, 4, 1, 1),
(22, 22, 4, 1, 1),
(23, 23, 4, 1, 1),
(24, 24, 4, 1, 1),
(25, 25, 4, 1, 1),
(26, 26, 4, 1, 1),
(27, 27, 4, 1, 1),
(28, 28, 4, 1, 1),
(29, 29, 4, 1, 1),
(30, 30, 4, 1, 1),
(31, 3, 1, 0, 1);

-- --------------------------------------------------------

--
-- Структура таблицы `bibl_reference`
--

CREATE TABLE IF NOT EXISTS `bibl_reference` (
`id` int(11) NOT NULL,
  `publication_id` int(11) DEFAULT '-1' COMMENT 'Код публикации',
  `type_id` int(11) DEFAULT NULL COMMENT 'Тип публикации',
  `name` text COMMENT 'Название статьи',
  `user` varchar(25) DEFAULT NULL,
  `insert_date` timestamp NOT NULL DEFAULT CURRENT_TIMESTAMP
) ENGINE=InnoDB AUTO_INCREMENT=18 DEFAULT CHARSET=utf8;

--
-- Дамп данных таблицы `bibl_reference`
--

INSERT INTO `bibl_reference` (`id`, `publication_id`, `type_id`, `name`, `user`, `insert_date`) VALUES
(1, 6, 1, 'Арзыкулов Ж.А., Сейтказина Г.Д., Игисинов С.И. и др.Показатели онкологической службы Республики Казахстан (статистические материалы).–Алматы, 2003- 2010.', 'goncharova.2004@mail.ru', '2014-05-23 06:45:59'),
(2, 9, 1, 'Нургазиев К.Ш.,Сейтказина Г.Д., БайпеисовД.и др.Показатели онкологической службы Республики Казахстанза 2012 год (статистические материалы).–Алматы, 2013.-103 с.', 'goncharova.2004@mail.ru', '2014-05-23 07:22:03'),
(3, 13, 2, 'Ефимов М.Л. Биологические ритмы в норме и патологии. - Алма-Ата: Казахстан, 1981.- 152 с.', 'goncharova.2004@mail.ru', '2014-06-01 13:56:15'),
(4, 13, 3, 'Гончарова Т.Г., Васильева Г.С. Роль коррекции десинхронозных нарушений в противоопухолевой терапии //Современные проблемы экологической физиологии /Международная научно-практическая конференция, Алматы, 2008. – С.48.', 'goncharova.2004@mail.ru', '2014-06-01 13:56:15'),
(5, 13, 1, 'Гончарова Т.Г. Десинхронозные показатели организма как лимитирующие факторы гомеостаза и пути его нормализации в противоопухолевой терапии //Проблемы эволюции открытых систем / X Международная научная конференция, Алматы, 2008.- С.35-36.', 'goncharova.2004@mail.ru', '2014-06-01 13:56:15'),
(6, 13, 3, '9	Васильева Г.С., Гончарова Т.Г. Использование десинхронозных показателей для получения количественных характеристик устойчивости хроноструктуры акупунктурных точек Ryodoraku в терапии опухолей// Проблемы эволюции открытых систем / X Международная научная конференция, Алматы, 2008.- С.34-35.', 'goncharova.2004@mail.ru', '2014-06-01 13:56:15'),
(7, 13, 1, '10	Т.Г. Гончарова, Г.С. Васильева, А.Ж.Омирбек Хронобиологический подход в терапии различных заболеваний. /Журнал проблем эволюции открытых систем. – Алматы, 2012, том 1, выпуск 14. -  С.60-71', 'goncharova.2004@mail.ru', '2014-06-01 13:56:15'),
(8, 16, 3, 'Сейтказина, Г.Д., Копосова Р.П., Васильева Г.С. Временная организация некоторых показателей энергетики опухолей на протяжении суток // Мат.  IV симпозиума по хронобиологии и хрономедицине, СССР – ГДР – Астрахань, 1988. - С.64-65.', 'goncharova.2004@mail.ru', '2014-06-01 14:54:19'),
(9, 16, 2, 'Сейтказина Г.Д. Радиосенсибилизация опухолей: автореф. … докт. биол. наук, Алматы, 1995. -  45 с.', 'goncharova.2004@mail.ru', '2014-06-01 14:54:19'),
(10, 16, 2, 'Тулеуханов С.Т., Ефимов М.Л. Ритм, здоровье, жизнь (Книга о биоритмах человека). -  Алматы, 1998. -  245 с.', 'goncharova.2004@mail.ru', '2014-06-01 14:54:19'),
(11, 19, 2, 'Индикаторы мониторинга бедности в Республике Казахстан: издано в рамках совместного проекта ПРООН и Агентства Республики Казахстан по статистике «Система мониторинга бедности». – Алматы, 2003. – 186 с.', 'goncharova.2004@mail.ru', '2014-06-01 16:29:17'),
(12, 19, 3, 'Охрана окружающей среды и устойчивое развитие Казахстана: статистический сборник; под реакцией К.Абдиева. – Алматы, 2004. – 104 с.', 'goncharova.2004@mail.ru', '2014-06-01 16:29:17'),
(13, 19, 3, 'Топливно-энергетический баланс Республики Казахстан (2004-2008 гг.): статистический сборник; под. ред. Ю.К.Шокаманова. – Астана, 2009. – 161 с.', 'goncharova.2004@mail.ru', '2014-06-01 16:29:17'),
(14, 25, 3, 'Нургазиев К.Ш. и  соавт.  Показатели онкологической службы Республики Казахстан  за  2012 год. (Статистические материалы).- Алматы, 2012 - 108с.', 'bannelia@mail.ru', '2014-06-02 11:12:33'),
(15, 26, 3, 'Нургазиев К.Ш. и  соавт.  Показатели онкологической службы Республики Казахстан  за  2012 год. Статистические материалы .- Алматы, 2012 - 108с.', 'bannelia@mail.ru', '2014-06-02 11:19:03'),
(16, 27, 3, 'Нургазиев К.Ш. и  соавт.  Показатели онкологической службы Республики Казахстан  за  2012 год. Статистические материалы .- Алматы, 2012 - 108с.', 'bannelia@mail.ru', '2014-06-02 11:27:15'),
(17, 29, 3, 'Нургазиев К.Ш. и  соавт.  Показатели онкологической службы Республики Казахстан  за  2012 год. Статистические материалы .- Алматы, 2012 - 108с.', 'bannelia@mail.ru', '2014-06-02 11:46:46');

-- --------------------------------------------------------

--
-- Структура таблицы `bibl_type`
--

CREATE TABLE IF NOT EXISTS `bibl_type` (
`id` int(11) NOT NULL,
  `name` varchar(100) NOT NULL DEFAULT '',
  `user` varchar(25) DEFAULT NULL,
  `insert_date` timestamp NOT NULL DEFAULT CURRENT_TIMESTAMP
) ENGINE=InnoDB AUTO_INCREMENT=9 DEFAULT CHARSET=utf8;

--
-- Дамп данных таблицы `bibl_type`
--

INSERT INTO `bibl_type` (`id`, `name`, `user`, `insert_date`) VALUES
(1, 'Статья из периодического издания', NULL, '2014-05-21 07:44:54'),
(2, 'Книга', NULL, '2014-05-21 07:44:54'),
(3, 'Публикация из материалов конференции(семинара,	симпозиума), сборников трудов', NULL, '2014-05-21 07:44:54'),
(4, 'Электронный ресурс', NULL, '2014-05-21 07:44:54'),
(5, 'Авторское изобретение (патент, предпатент и т.д.)', NULL, '2014-05-21 07:44:54'),
(6, 'Методические рекомендации', NULL, '2014-05-21 07:44:54'),
(7, 'Автореферат', NULL, '2014-06-02 03:20:30'),
(8, 'Диссертация', NULL, '2014-06-02 03:20:30');

-- --------------------------------------------------------

--
-- Структура таблицы `bibl_user`
--

CREATE TABLE IF NOT EXISTS `bibl_user` (
`id` int(11) NOT NULL,
  `username_email` varchar(50) DEFAULT NULL,
  `password` varchar(50) DEFAULT NULL,
  `active` int(11) DEFAULT '0',
  `last_name` varchar(50) DEFAULT NULL,
  `first_name` varchar(50) DEFAULT NULL,
  `patronymic_name` varchar(50) DEFAULT NULL,
  `last_name_en` varchar(50) DEFAULT NULL,
  `first_name_en` varchar(50) DEFAULT NULL,
  `patronymic_name_en` varchar(50) DEFAULT NULL,
  `departament` varchar(250) DEFAULT NULL COMMENT 'Отделение',
  `status` varchar(250) DEFAULT NULL COMMENT 'Должность',
  `sex_id` int(11) DEFAULT '-1' COMMENT 'Пол',
  `date_birth` date DEFAULT NULL COMMENT 'Дата рождения',
  `project` varchar(50) DEFAULT NULL,
  `comments` varchar(100) DEFAULT NULL COMMENT 'Примечание',
  `role` varchar(20) DEFAULT 'user',
  `user` varchar(25) DEFAULT NULL,
  `insert_date` timestamp NOT NULL DEFAULT CURRENT_TIMESTAMP
) ENGINE=InnoDB AUTO_INCREMENT=5 DEFAULT CHARSET=utf8;

--
-- Дамп данных таблицы `bibl_user`
--

INSERT INTO `bibl_user` (`id`, `username_email`, `password`, `active`, `last_name`, `first_name`, `patronymic_name`, `last_name_en`, `first_name_en`, `patronymic_name_en`, `departament`, `status`, `sex_id`, `date_birth`, `project`, `comments`, `role`, `user`, `insert_date`) VALUES
(1, 'sanzhar73@mail.ru', 'd8578edf8458ce06fbc5bb76a58c5ca4', 1, 'Исмаилов', 'Санжар', 'Булатович', 'Ismailov', 'Sanzhar', 'Bulatovich', 'Биостатистики', 'биостатистик', 1, NULL, NULL, NULL, 'secretary', NULL, '2014-05-21 07:46:48'),
(3, 'goncharova.2004@mail.ru', 'a61424d411c006e2233b7aef14bd6893', 1, 'Гончарова', 'Татьяна', 'Георгиевна', 'Goncharova', 'Tatiyana', 'Georgievna', 'Ученая часть', 'ученый секретарь КазНИИ онкологии и радиологии', 2, NULL, NULL, NULL, 'secretary', NULL, '2014-05-23 05:43:52'),
(4, 'bannelia@mail.ru', '0b52e60eefb3f03ca0662e6f98c5f782', 1, 'Баймахашева', 'Аннель', 'Ниязбековна', 'Baimakhasheva', 'Annel', 'Niyazbekovna', 'патомоморфологии, цитологии и молекулярной патологии опухолей', 'снс', 2, NULL, NULL, NULL, 'user', NULL, '2014-06-02 04:23:58');

-- --------------------------------------------------------

--
-- Структура таблицы `bibl_user_visit`
--

CREATE TABLE IF NOT EXISTS `bibl_user_visit` (
`id` int(11) NOT NULL,
  `username` varchar(40) NOT NULL DEFAULT '',
  `date_time` timestamp NOT NULL DEFAULT CURRENT_TIMESTAMP
) ENGINE=InnoDB AUTO_INCREMENT=48 DEFAULT CHARSET=utf8;

--
-- Дамп данных таблицы `bibl_user_visit`
--

INSERT INTO `bibl_user_visit` (`id`, `username`, `date_time`) VALUES
(1, 'sanzhar73@mail.ru', '2014-05-21 07:52:21'),
(2, 'sanzhar73@mail.ru', '2014-05-21 08:28:02'),
(3, 'sanzhar73@gmail.com', '2014-05-21 09:09:56'),
(4, 'sanzhar73@mail.ru', '2014-05-21 09:58:00'),
(5, 'sanzhar73@mail.ru', '2014-05-21 17:38:09'),
(6, 'sanzhar73@mail.ru', '2014-05-21 18:10:33'),
(7, 'goncharova.2004@mail.ru', '2014-05-23 05:53:31'),
(8, 'sanzhar73@mail.ru', '2014-05-26 09:01:07'),
(9, 'sanzhar73@mail.ru', '2014-05-27 09:07:00'),
(10, 'sanzhar73@mail.ru', '2014-05-27 09:07:07'),
(11, 'sanzhar73@mail.ru', '2014-05-27 09:07:38'),
(12, 'goncharova.2004@mail.ru', '2014-06-01 13:12:16'),
(13, 'sanzhar73@mail.ru', '2014-06-02 02:45:20'),
(14, 'goncharova.2004@mail.ru', '2014-06-02 04:14:45'),
(15, 'bannelia@mail.ru', '2014-06-02 04:27:46'),
(16, 'goncharova.2004@mail.ru', '2014-06-02 11:54:11'),
(17, 'sanzhar73@mail.ru', '2014-06-02 14:52:07'),
(18, 'goncharova.2004@mail.ru', '2014-06-06 04:43:45'),
(19, 'bannelia@mail.ru', '2014-06-06 04:45:47'),
(20, 'goncharova.2004@mail.ru', '2014-06-06 04:46:40'),
(21, 'sanzhar73@mail.ru', '2014-06-06 04:55:53'),
(22, 'goncharova.2004@mail.ru', '2014-06-06 08:28:15'),
(23, 'sanzhar73@mail.ru', '2014-06-19 09:51:07'),
(24, 'sanzhar73@mail.ru', '2014-06-19 11:03:05'),
(25, 'sanzhar73@mail.ru', '2014-06-19 13:15:52'),
(26, 'sanzhar73@mail.ru', '2014-06-20 03:46:40'),
(27, 'sanzhar73@mail.ru', '2014-06-21 15:20:57'),
(28, 'goncharova.2004@mail.ru', '2014-07-10 07:54:06'),
(29, 'sanzhar73@mail.ru', '2014-07-15 17:30:28'),
(30, 'sanzhar73@mail.ru', '2014-07-29 00:59:04'),
(31, 'sanzhar73@mail.ru', '2014-09-04 11:10:10'),
(32, 'sanzhar73@mail.ru', '2014-09-23 11:40:48'),
(33, 'sanzhar73@mail.ru', '2014-10-12 02:57:20'),
(34, 'sanzhar73@mail.ru', '2014-11-18 10:35:18'),
(35, 'sanzhar73@mail.ru', '2014-12-03 22:52:57'),
(36, 'sanzhar73@mail.ru', '2015-01-03 10:56:38'),
(37, 'sanzhar73@mail.ru', '2015-04-07 00:24:50'),
(38, 'sanzhar73@mail.ru', '2015-05-19 02:37:46'),
(39, 'sanzhar73@mail.ru', '2015-06-24 03:59:07'),
(40, 'sanzhar73@mail.ru', '2015-06-25 06:03:05'),
(41, 'sanzhar73@mail.ru', '2015-07-13 10:00:07'),
(42, 'sanzhar73@mail.ru', '2015-08-26 10:03:50'),
(43, 'sanzhar73@mail.ru', '2015-08-26 10:42:31'),
(44, 'sanzhar73@mail.ru', '2016-01-02 14:15:38'),
(45, 'sanzhar73@mail.ru', '2016-01-03 04:07:46'),
(46, 'sanzhar73@mail.ru', '2016-04-04 23:39:20'),
(47, 'sanzhar73@mail.ru', '2016-04-07 20:35:36');

-- --------------------------------------------------------

--
-- Структура таблицы `kras_colon_part`
--

CREATE TABLE IF NOT EXISTS `kras_colon_part` (
  `id` int(11) NOT NULL,
  `name` varchar(100) NOT NULL DEFAULT '',
  `user` varchar(25) DEFAULT NULL
) ENGINE=InnoDB DEFAULT CHARSET=utf8;

--
-- Дамп данных таблицы `kras_colon_part`
--

INSERT INTO `kras_colon_part` (`id`, `name`, `user`) VALUES
(-1, 'Нет данных', NULL),
(1, 'восходящая ободочная кишка', NULL),
(2, 'печеночного угла ободочная кишка', NULL),
(3, 'поперечная ободочная кишка', NULL),
(4, 'селезеночного угла ободочная кишка', NULL),
(5, 'нисходящая ободочная кишка', NULL),
(6, 'сигмовидная ободочная кишка', NULL);

-- --------------------------------------------------------

--
-- Структура таблицы `kras_depth_of_invasion`
--

CREATE TABLE IF NOT EXISTS `kras_depth_of_invasion` (
  `id` int(11) NOT NULL,
  `name` varchar(200) NOT NULL DEFAULT '',
  `user` varchar(25) DEFAULT NULL
) ENGINE=InnoDB DEFAULT CHARSET=utf8;

--
-- Дамп данных таблицы `kras_depth_of_invasion`
--

INSERT INTO `kras_depth_of_invasion` (`id`, `name`, `user`) VALUES
(-1, 'Нет данных', NULL),
(1, 'рак in situ (опухоль не проникла глубже собственной пластинки либо мышечного слоя слизистой)', NULL),
(2, 'T1 (опухоль прорасла подслизистый слой)', NULL),
(3, 'T2 (опухоль инфильтрировала мышечный слой)', NULL),
(4, 'T3 (опухоль прорасла субсерозную оболочку либо врасла в околокишечную клетчатку на неперитонизированных участках кишки)', NULL),
(5, 'T4a (опухоль прорасла висцеральную брюшину)', NULL),
(6, 'T4b (морфологически подтверждено истинное врастание опухоли в соседние органы и структуры', NULL);

-- --------------------------------------------------------

--
-- Структура таблицы `kras_intestinum_crassum_part`
--

CREATE TABLE IF NOT EXISTS `kras_intestinum_crassum_part` (
  `id` int(11) NOT NULL,
  `name` varchar(100) NOT NULL DEFAULT '',
  `user` varchar(25) DEFAULT NULL
) ENGINE=InnoDB DEFAULT CHARSET=utf8;

--
-- Дамп данных таблицы `kras_intestinum_crassum_part`
--

INSERT INTO `kras_intestinum_crassum_part` (`id`, `name`, `user`) VALUES
(-1, 'Нет данных', NULL),
(1, 'Слепая кишка', NULL),
(2, 'ободочная кишка', NULL),
(3, 'ректосигмовидная кишка', NULL),
(4, 'прямая кишка', NULL);

-- --------------------------------------------------------

--
-- Структура таблицы `kras_investigation`
--

CREATE TABLE IF NOT EXISTS `kras_investigation` (
`id` int(11) NOT NULL,
  `patient_id` int(11) NOT NULL,
  `tumor_another_existence_yes_no_id` int(11) NOT NULL DEFAULT '-1' COMMENT 'Наличие других доброкачественных и злокач. опухолей (да, нет)',
  `tumor_another_existence_discr` varchar(250) DEFAULT NULL COMMENT 'Наличие других доброкачественных и злокач. опухолей (описание)',
  `diagnosis` varchar(250) DEFAULT NULL COMMENT 'Диагноз текстом',
  `intestinum_crassum_part_id` int(11) NOT NULL DEFAULT '-1' COMMENT 'Поврежденный отдел толстой кишки',
  `colon_part_id` int(11) NOT NULL DEFAULT '-1' COMMENT 'Если повреждена ободочная кишка, указать какая часть',
  `rectum_part_id` int(11) NOT NULL DEFAULT '-1' COMMENT 'Если повреждена прямая кишка, указать какая часть',
  `treatment_discr` varchar(250) DEFAULT NULL COMMENT 'Вид и объем полученного лечения (описание)',
  `status_gene_kras_id` int(11) NOT NULL DEFAULT '-1' COMMENT 'Статус гена K-RAS',
  `status_gene_kras3_id` int(11) NOT NULL DEFAULT '-1' COMMENT 'Статус гена K-RAS экзона 3',
  `status_gene_kras4_id` int(11) NOT NULL DEFAULT '-1' COMMENT 'Статус гена K-RAS экзона 4',
  `status_gene_nras2_id` int(11) NOT NULL DEFAULT '-1' COMMENT 'Статус гена N-RAS экзона 2',
  `status_gene_nras3_id` int(11) NOT NULL DEFAULT '-1' COMMENT 'Статус гена N-RAS экзона 3',
  `status_gene_nras4_id` int(11) NOT NULL DEFAULT '-1' COMMENT 'Статус гена N-RAS экзона 4',
  `date_invest` date DEFAULT NULL COMMENT 'Дата исследования',
  `depth_of_invasion_id` int(11) NOT NULL DEFAULT '-1' COMMENT 'Глубина инвазии на основании гистологического заключения',
  `stage_id` int(11) NOT NULL DEFAULT '-1' COMMENT 'Стадия заболевания по TNM',
  `metastasis_regional_lymph_nodes_yes_no_id` int(11) NOT NULL DEFAULT '-1' COMMENT 'Поражение регионарных лимфатических узлов на основании результатов гистологического исследования операционного материала (да, нет)',
  `metastasis_regional_lymph_nodes_discr` varchar(100) DEFAULT NULL COMMENT 'Описание Поражения регионарных лимфатических узлов на основании результатов гистологического исследования операционного материала',
  `tumor_histological_type_id` int(11) NOT NULL DEFAULT '-1' COMMENT 'гистологический тип опухоли (аденокарцинома или муцинозный рак)',
  `tumor_differentiation_degree_id` int(11) NOT NULL DEFAULT '-1' COMMENT 'степень дифференцировки опухоли (высокодифференцированная, умеренно или низкодифференцированная опухоль)',
  `block` varchar(25) DEFAULT NULL COMMENT '№ блоков, стеклопрепаратов',
  `comments` varchar(200) DEFAULT NULL COMMENT 'Примечание',
  `user` varchar(25) DEFAULT NULL,
  `insert_date` timestamp NOT NULL DEFAULT CURRENT_TIMESTAMP
) ENGINE=InnoDB AUTO_INCREMENT=633 DEFAULT CHARSET=utf8;

--
-- Дамп данных таблицы `kras_investigation`
--

INSERT INTO `kras_investigation` (`id`, `patient_id`, `tumor_another_existence_yes_no_id`, `tumor_another_existence_discr`, `diagnosis`, `intestinum_crassum_part_id`, `colon_part_id`, `rectum_part_id`, `treatment_discr`, `status_gene_kras_id`, `status_gene_kras3_id`, `status_gene_kras4_id`, `status_gene_nras2_id`, `status_gene_nras3_id`, `status_gene_nras4_id`, `date_invest`, `depth_of_invasion_id`, `stage_id`, `metastasis_regional_lymph_nodes_yes_no_id`, `metastasis_regional_lymph_nodes_discr`, `tumor_histological_type_id`, `tumor_differentiation_degree_id`, `block`, `comments`, `user`, `insert_date`) VALUES
(1, 1, 0, NULL, 'Рак печеночного изгиба толстого кишечника', 2, 2, -1, NULL, 0, -1, -1, -1, -1, -1, '2012-10-18', 3, 4, -1, 'StII T2NxM1', 1, 1, '5215/11', 'Умер', 'test_user', '2014-05-07 13:34:46'),
(2, 2, 0, NULL, 'С-r ободочной кишки', 2, -1, -1, NULL, 3, -1, -1, -1, -1, -1, '2012-10-18', 5, 3, 1, 'St  III  T4N1Mo', 1, 2, '16873', NULL, 'test_user', '2014-05-07 13:34:46'),
(3, 3, 0, NULL, 'с-r прямой кишки', 4, -1, -1, NULL, 0, -1, -1, -1, -1, -1, '2012-10-18', 5, 3, 1, 'St  III B  T4N1Mo', 1, 1, '6561', NULL, 'test_user', '2014-05-07 13:34:46'),
(4, 4, 0, NULL, 'С-r среднеамп.отд. прямой кишки', 4, -1, 4, NULL, 0, -1, -1, -1, -1, -1, '2012-10-18', 4, 4, -1, 'St IV T3NxM1', 1, 1, '19382', NULL, 'test_user', '2014-05-07 13:34:46'),
(5, 5, 0, NULL, 'С-r верхнеапм. отд. толстой кишки Т3N0M1G2', 4, -1, 2, NULL, 5, -1, -1, -1, -1, -1, '2012-10-18', 4, 4, 0, 'Т3N0M1G2', 1, 1, '6187', NULL, 'test_user', '2014-05-07 13:34:46'),
(6, 6, 0, NULL, 'С-r сигмовидной кишки Т4N0M1', 2, 6, -1, NULL, 0, -1, -1, -1, -1, -1, '2012-11-16', 5, 4, 0, 'St IV T4NoM1', 1, -1, '25225', NULL, 'test_user', '2014-05-07 13:34:46'),
(7, 7, 0, NULL, 'С-r нижнее. среднеамп.отделов прямой кишки', 4, -1, 5, NULL, 0, -1, -1, -1, -1, -1, '2012-11-16', 4, 4, -1, 'St IV T3NxM1', 1, 1, '20411', NULL, 'test_user', '2014-05-07 13:34:46'),
(8, 8, 0, NULL, 'С-r сигмовидной кишки', 2, 6, -1, NULL, 5, -1, -1, -1, -1, -1, '2012-11-16', -1, 4, -1, NULL, 1, 2, '20501', NULL, 'test_user', '2014-05-07 13:34:46'),
(9, 9, 0, NULL, 'С-r селезеночного угла толстой  кишки', 2, 4, -1, NULL, 0, -1, -1, -1, -1, -1, '2012-11-16', 5, 4, 1, 'St IV T4N1M1', 1, 3, '2147483647', NULL, 'test_user', '2014-05-07 13:34:46'),
(10, 10, 0, NULL, 'С-r толстой кишки С-r  сигмовидной кишки  p', 2, 6, -1, NULL, 1, -1, -1, -1, -1, -1, '2012-11-16', 4, 3, -1, 'T3NxM1', 1, 2, '11062- 11066', NULL, 'test_user', '2014-05-07 13:34:46'),
(11, 11, 0, NULL, 'С-r ректосигмовидной кишки', 3, 6, 1, NULL, 0, -1, -1, -1, -1, -1, '2012-11-16', 4, 3, 0, 'Т3NoM1', 1, 1, '19513/12', NULL, 'test_user', '2014-05-07 13:34:46'),
(12, 12, 0, NULL, 'С-r прямой кишки', 4, -1, 8, NULL, 5, -1, -1, -1, -1, -1, '2012-12-21', 3, 2, 1, 'St II T2N1M0', 1, 1, '3504-05', NULL, 'test_user', '2014-05-07 13:34:46'),
(13, 13, 0, NULL, 'С-r сигмовидной кишки', 2, 6, -1, NULL, 0, -1, -1, -1, -1, -1, '2012-12-21', 5, 3, 0, 'St  II  T4NoMo', 1, 3, '7928-29/12', NULL, 'test_user', '2014-05-07 13:34:46'),
(14, 14, 0, NULL, 'с-r   печен.угла обод. Кишки St IV Mts в печень', 2, 2, -1, NULL, 0, -1, -1, -1, -1, -1, '2013-01-28', 6, 4, 1, 'St IV T4N2M1', 1, 2, '48810/12', 'St IV Mts в печень', 'test_user', '2014-05-07 13:34:46'),
(15, 15, 0, NULL, 'с-r ср.амп. отд. прямой кишки', 4, -1, 4, NULL, 5, -1, -1, -1, -1, -1, '2013-01-28', 6, 4, 1, 'St IV T3N1M1', 1, 2, '1106', '№44 =15 357/13 от 02/05/2013 С-r н/амп отд. прямой кишки', 'test_user', '2014-05-07 13:34:46'),
(16, 16, 0, NULL, 'C-r кардиального отдела желудка  St IV T4N1M1', -1, -1, -1, NULL, 0, -1, -1, -1, -1, -1, '2013-01-28', -1, 4, -1, 'St IV T4N1M1', 1, 1, '8067-68', 'St IV T4N1M1', 'test_user', '2014-05-07 13:34:46'),
(17, 17, 0, NULL, 'C-r в/а отдела прямой кишки', 4, -1, 2, NULL, 0, -1, -1, -1, -1, -1, '2013-01-28', 4, 3, -1, 'St  III  T3NxMo', 1, 2, NULL, NULL, 'test_user', '2014-05-07 13:34:46'),
(18, 18, 0, NULL, 'С-r верхнеапм. Отд Прямой кишки', 4, -1, 2, NULL, 1, -1, -1, -1, -1, -1, '2013-01-28', 4, 2, 0, 'St  II  T3NoMo', 1, 2, '443-444', NULL, 'test_user', '2014-05-07 13:34:46'),
(19, 19, 0, NULL, 'С-r нижнеапм. Отд Прямой кишки', 4, -1, 6, NULL, 0, -1, -1, -1, -1, -1, '2013-02-18', 4, 3, 0, 'St  IIIA  T3NoMo', 1, 2, '2174', NULL, 'test_user', '2014-05-07 13:34:46'),
(20, 20, 0, NULL, 'С-r верхне,сред. Отд. Прямой кишки', 4, -1, 3, NULL, 5, -1, -1, -1, -1, -1, '2013-02-18', 5, 4, -1, 'St IV T4NxM1', 1, -1, '862-864', NULL, 'test_user', '2014-05-07 13:34:46'),
(21, 21, 0, NULL, 'С-r нижнеапм. Отд Прямой кишки', 4, -1, 6, NULL, 5, -1, -1, -1, -1, -1, '2013-03-04', 5, 4, -1, 'St IV', 1, 2, '45996', NULL, 'test_user', '2014-05-07 13:34:46'),
(22, 22, 1, 'С-r сигмовид. кишки StIIT4NxMo', 'С-r нисх/отд. толстой кишки', 2, 5, -1, NULL, 0, -1, -1, -1, -1, -1, '2013-03-04', 4, 2, -1, 'St  II  T3NxMo', 1, 2, '784', NULL, 'test_user', '2014-05-07 13:34:46'),
(23, 23, 0, NULL, 'С-r ректосигмо- видного отд. Прямой кишки', 3, 6, 1, NULL, 0, -1, -1, -1, -1, -1, '2013-03-15', 5, 3, 1, 'St  III  T4N1Mо', 1, 2, '13 511-2', NULL, 'test_user', '2014-05-07 13:34:46'),
(24, 24, 0, NULL, 'С-r прямой кишки', 4, -1, 8, NULL, 0, -1, -1, -1, -1, -1, '2013-03-15', 5, 3, 1, 'St  III  T4N1Mо   G2', 1, -1, '19221/11', NULL, 'test_user', '2014-05-07 13:34:46'),
(25, 25, 0, NULL, 'С-r ректосигмо- видного отд. толстоой кишки', 3, 6, 1, NULL, 0, -1, -1, -1, -1, -1, '2013-03-15', 5, 3, -1, 'St  III  T4NxMо', 1, 2, '20 705-19 11', NULL, 'test_user', '2014-05-07 13:34:46'),
(26, 26, 0, NULL, 'С-r сигмовидной  кишки St III T4N1M0', 2, 6, -1, 'KRAS тестирование не провели:присланный материал не содержит опухолевые клетки', -1, -1, -1, -1, -1, -1, '2013-03-15', 5, 3, 1, 'St III T4N1M0', 1, 3, '31 967-8/09 31 969-71', 'С-r сигмовидной  кишки St III T4N1M0', 'test_user', '2014-05-07 13:34:46'),
(27, 27, 0, NULL, 'С-r прямой кишки', 4, -1, 8, NULL, 3, -1, -1, -1, -1, -1, '2013-04-03', 4, 3, 1, 'St  III  T3N1Mo', 1, 2, '6643/10', NULL, 'test_user', '2014-05-07 13:34:46'),
(28, 28, 0, NULL, 'С-r прямой кишки', 4, -1, 8, NULL, 0, -1, -1, -1, -1, -1, '2013-04-03', 4, 3, 1, 'St III B T3N1M0', 1, 2, '20 117/11', 'умер', 'test_user', '2014-05-07 13:34:46'),
(29, 29, 0, NULL, 'С-r сигмовидной кишки', 2, 6, -1, NULL, 0, -1, -1, -1, -1, -1, '2013-04-15', 4, 2, 0, 'St  II  T3NoMo', 1, 2, '135-142/10', 'Мтс в легкие', 'test_user', '2014-05-07 13:34:46'),
(30, 30, 0, NULL, 'с-r ободочной кишки', 2, -1, -1, NULL, 0, -1, -1, -1, -1, -1, '2013-04-15', -1, -1, -1, NULL, -1, -1, '14065/07', 'Мтс в печень', 'test_user', '2014-05-07 13:34:46'),
(31, 31, 0, NULL, 'С-r прямой кишки', 4, -1, 8, NULL, 0, -1, -1, -1, -1, -1, '2013-04-15', -1, -1, -1, NULL, -1, -1, '4215-24', NULL, 'test_user', '2014-05-07 13:34:46'),
(32, 32, 0, NULL, 'С-r ректосигмовидного отд толстой кишки', 3, 6, 1, NULL, 0, -1, -1, -1, -1, -1, '2013-04-15', 6, 4, -1, 'St IV Т4NхM1', 1, 1, '31 444-46/12 биопсия', 'умер', 'test_user', '2014-05-07 13:34:46'),
(33, 33, 0, NULL, 'C-r слепой кишки', 1, -1, -1, NULL, 3, -1, -1, -1, -1, -1, '2013-04-15', 5, 4, 0, 'St IV T4N0M1', 1, 2, '19 130/12', 'Mts в печень', 'test_user', '2014-05-07 13:34:46'),
(34, 34, 0, NULL, 'С-r толстой кишки', -1, -1, -1, NULL, 0, -1, -1, -1, -1, -1, '2013-04-15', 5, 3, -1, 'St III  T4NхM0', 1, 1, '3509/10', 'умер', 'test_user', '2014-05-07 13:34:46'),
(35, 35, 0, NULL, 'С-r прямой кишки St IV  T3NхM1', 4, -1, 8, NULL, 0, -1, -1, -1, -1, -1, '2013-04-15', 4, 4, -1, 'St IV  T3NхM1', 1, 2, '1031-32', NULL, 'test_user', '2014-05-07 13:34:46'),
(36, 36, 0, NULL, 'С-r прямой кишки', 4, -1, 8, NULL, 5, -1, -1, -1, -1, -1, '2013-04-15', 5, 4, -1, 'St IV T4NxM1', 1, 2, '14 062 биопсия', 'Mts в печень', 'test_user', '2014-05-07 13:34:46'),
(37, 37, 0, NULL, 'С-r сигмовидной кишки', 2, 6, -1, NULL, 0, -1, -1, -1, -1, -1, '2013-04-15', 4, 4, 1, 'St IV  T3N1M1', 1, 2, '11 725/13', 'Mts в печень', 'test_user', '2014-05-07 13:34:46'),
(38, 38, 0, NULL, 'С-r верхней доли прямой кишки', 4, -1, 2, NULL, 3, -1, -1, -1, -1, -1, '2013-04-15', 5, 2, 0, 'St  II  T4NoMo', 1, 2, '15 271/13', 'Mts в печень', 'test_user', '2014-05-07 13:34:46'),
(39, 39, 0, NULL, 'С-r ректосигмо- видного отд толстой кишки Mts в печень', 3, 6, 1, NULL, 0, -1, -1, -1, -1, -1, '2013-04-26', 6, 4, 1, 'St IV  T4N1M1', 1, 2, '553/13', 'Mts в печень     2-й тест  от  10/10/2013 №67 72/12', 'test_user', '2014-05-07 13:34:46'),
(40, 40, 0, NULL, 'C-r ректосигмовидного отд толстой кишечника T4N1M1', 3, 6, 1, NULL, 3, -1, -1, -1, -1, -1, '2013-04-26', 6, 4, 1, 'T4N1M1', 1, 1, '22 337 IV', NULL, 'test_user', '2014-05-07 13:34:46'),
(41, 41, 0, NULL, 'С-r слепой кишки    St II T4NxM0', 1, 1, -1, NULL, 0, -1, -1, -1, -1, -1, '2013-04-26', 5, 2, -1, 'St II T4NxM0', 1, 2, '15017/13', NULL, 'test_user', '2014-05-07 13:34:46'),
(42, 42, 0, NULL, 'С-r нижнеамп отд прямой кишки  St IV  T3N0M1', 4, -1, 6, NULL, 0, -1, -1, -1, -1, -1, '2013-04-26', 4, 4, 0, 'St IV  T3N0M1', 1, 2, 'Х 11/13', NULL, 'test_user', '2014-05-07 13:34:46'),
(43, 43, 0, NULL, 'С-r сигмовидной кишки, Мts в печень', 2, 6, -1, NULL, 5, -1, -1, -1, -1, -1, '2013-05-02', 4, 4, 0, 'St IV T3NoM1', 1, 3, '29950', 'Мts в печень', 'test_user', '2014-05-07 13:34:46'),
(45, 45, 0, NULL, 'С-r сигмовидной кишки', 2, 6, -1, NULL, 0, -1, -1, -1, -1, -1, '2013-05-22', 5, 2, 0, 'St II b  pT4aN0M0', 1, -1, '12 703/13', 'Аденосквамозная карцинома', 'test_user', '2014-05-07 13:34:46'),
(46, 46, 0, NULL, 'С-r ампулы прямой кишки', 4, -1, 7, NULL, 0, -1, -1, -1, -1, -1, '2013-05-22', 4, 3, -1, 'St  III  T3NxMo', 1, 2, '17 267-69', NULL, 'test_user', '2014-05-07 13:34:46'),
(47, 47, 0, NULL, 'С-r прямой кишки', 4, -1, 8, NULL, 5, -1, -1, -1, -1, -1, '2013-05-22', 4, 4, 0, 'St IV T3NoM1', 1, 2, '22 031/13', NULL, 'test_user', '2014-05-07 13:34:46'),
(48, 48, 0, NULL, 'С-r прямой кишки', 4, -1, 8, NULL, 1, -1, -1, -1, -1, -1, '2013-06-10', -1, -1, -1, NULL, -1, -1, '5565/12', NULL, 'test_user', '2014-05-07 13:34:46'),
(49, 49, 0, NULL, 'С-r толстой кишки', -1, -1, -1, NULL, 3, -1, -1, -1, -1, -1, '2013-06-10', -1, -1, -1, NULL, -1, -1, '2632132', NULL, 'test_user', '2014-05-07 13:34:46'),
(50, 50, 0, NULL, 'С-r ректоси- гмоидного отд толстой кишки', 3, 6, 1, NULL, 0, -1, -1, -1, -1, -1, '2013-06-10', 4, 2, 0, 'St  II  T3NoM0', 1, 2, '16 343-44/13', NULL, 'test_user', '2014-05-07 13:34:46'),
(51, 51, 0, NULL, 'С-r сигмовидной   кишки', 2, 6, -1, NULL, 6, -1, -1, -1, -1, -1, '2013-06-10', 4, 3, -1, 'St III T3NxMx', -1, -1, '7026-31/12', NULL, 'test_user', '2014-05-07 13:34:46'),
(52, 52, 0, NULL, 'С-r толстой кишки', -1, -1, -1, NULL, 0, -1, -1, -1, -1, -1, '2013-06-26', 4, 4, -1, 'St IV T3NxM1', 3, -1, '4120-21/13', NULL, 'test_user', '2014-05-07 13:34:46'),
(53, 53, 0, NULL, NULL, -1, -1, -1, NULL, 0, -1, -1, -1, -1, -1, '2013-07-01', -1, -1, -1, NULL, 1, -1, '7800-802', NULL, 'test_user', '2014-05-07 13:34:46'),
(54, 54, 0, NULL, 'C-r н/а отдела прямой кишки', -1, -1, 6, NULL, 6, -1, -1, -1, -1, -1, '2013-07-01', 3, 1, 0, 'SI T2NoMo', 1, 2, '5743-46/13', NULL, 'test_user', '2014-05-07 13:34:46'),
(55, 55, 0, NULL, 'рак толстого кишечника', -1, -1, -1, NULL, 0, -1, -1, -1, -1, -1, '2013-07-01', -1, -1, -1, NULL, 1, -1, '28 424/12', NULL, 'test_user', '2014-05-07 13:34:46'),
(56, 56, 0, NULL, 'C-r прямой кишки', 4, -1, -1, NULL, 6, -1, -1, -1, -1, -1, '2013-07-01', 6, 3, 1, 'T4N1Mo', 1, 2, '24 779/13', NULL, 'test_user', '2014-05-07 13:34:46'),
(57, 57, 0, NULL, 'с-r  н/амп отд.прямой кишки', 4, -1, 6, NULL, 5, -1, -1, -1, -1, -1, '2013-07-01', 3, 1, 0, 'T2NoMo', 1, 2, '13 945/13', NULL, 'test_user', '2014-05-07 13:34:46'),
(58, 58, 0, NULL, 'с-r  ср/амп отд прямой кишки', 4, -1, 4, NULL, 0, -1, -1, -1, -1, -1, '2013-07-01', 5, 3, -1, 'St  III  T4NxMо', 1, 2, '7114/13', NULL, 'test_user', '2014-05-07 13:34:46'),
(59, 59, -1, NULL, 'C-r прямой кишки', -1, -1, -1, NULL, 0, -1, -1, -1, -1, -1, '2013-07-01', -1, 3, -1, 'St IIIB T4N1M0', 1, 1, '15 215/12', NULL, 'test_user', '2014-05-07 13:34:46'),
(60, 60, 0, NULL, 'С-r ректосимоид. отд.прямой кишки Т4N1M1 StIV', 3, 6, 1, NULL, 0, -1, -1, -1, -1, -1, '2013-07-29', 6, 4, 1, 'StIV  Т4N1M1', 1, 2, '21616/13', NULL, 'test_user', '2014-05-07 13:34:46'),
(61, 61, 0, NULL, 'С-r ободочной кишки', 2, -1, -1, 'KRAS тестирвание не проводили-материал не содержит опух. Кл.', -1, -1, -1, -1, -1, -1, '2013-07-29', -1, -1, -1, NULL, -1, -1, '15603-19', 'Материал не содержит опух. Кл.', 'test_user', '2014-05-07 13:34:46'),
(62, 62, 0, NULL, 'С-r сигмовидной кишки  St III T3N0M0', 2, 6, -1, NULL, 0, -1, -1, -1, -1, -1, '2013-07-29', 4, 2, 0, 'St II T3N0M0', 1, 2, '850/13', NULL, 'test_user', '2014-05-07 13:34:46'),
(63, 63, 0, NULL, 'С-r толстой   кишки  St III T3N0M0', -1, -1, -1, NULL, 0, -1, -1, -1, -1, -1, '2013-08-06', 4, 2, 0, 'St II T3N0M0', 1, 2, '6179  6182', NULL, 'test_user', '2014-05-07 13:34:46'),
(64, 64, 0, NULL, 'с-r нижнеампу-лярного отд. прямой кишки', 4, -1, 6, NULL, 6, -1, -1, -1, -1, -1, '2013-09-09', 3, 2, -1, 'St  II  T2NxMx', 1, 3, '5774', 'от 03/10/2013  №11 305  биопсия', 'test_user', '2014-05-07 13:34:46'),
(65, 65, 0, NULL, 'с-r сигмы', 2, 6, -1, NULL, 0, -1, -1, -1, -1, -1, '2013-09-09', 4, 2, 0, 'St  II  T3NoMo', 1, 2, '13355', NULL, 'test_user', '2014-05-07 13:34:46'),
(66, 66, 0, NULL, 'С-r слепой   Кишки Мтс', 1, 1, -1, NULL, 0, -1, -1, -1, -1, -1, '2013-09-09', 4, 4, 1, 'St IV T3N2M1', 3, -1, '15841', NULL, 'test_user', '2014-05-07 13:34:46'),
(67, 67, 0, NULL, 'рак толстого кишечника', -1, -1, -1, NULL, 0, -1, -1, -1, -1, -1, '2013-09-09', 5, -1, -1, 'St  T4NxMx', 1, 2, '10356', NULL, 'test_user', '2014-05-07 13:34:46'),
(68, 68, 0, NULL, 'С-r сигмовидной   кишки', 2, 6, -1, NULL, 0, -1, -1, -1, -1, -1, '2013-09-09', 4, 2, 0, 'St  II  T3NoMo', 1, 2, '11930', NULL, 'test_user', '2014-05-07 13:34:46'),
(69, 69, 0, NULL, 'С-r печеночного угла толстой   кишки', 2, 2, -1, NULL, 0, -1, -1, -1, -1, -1, '2013-09-09', 4, 2, 0, 'St  II  T3NoMo', 1, 3, '17542', NULL, 'test_user', '2014-05-07 13:34:46'),
(70, 70, 0, NULL, 'с-r сигмовидной кишки', 2, 6, -1, NULL, 0, -1, -1, -1, -1, -1, '2013-09-09', 4, 4, 1, 'St IV T3N1M1', 1, 2, '10106', NULL, 'test_user', '2014-05-07 13:34:46'),
(71, 71, 0, NULL, 'с-r ободочной кишки', 2, -1, -1, NULL, 3, -1, -1, -1, -1, -1, '2013-09-10', -1, -1, -1, NULL, -1, -1, '8436/07', NULL, 'test_user', '2014-05-07 13:34:46'),
(72, 72, 0, NULL, 'с-r сигмовидной кишки', 2, 6, -1, NULL, 6, -1, -1, -1, -1, -1, '2013-09-10', 4, 4, -1, 'St  IV  T3NxM1', 1, 2, NULL, NULL, 'test_user', '2014-05-07 13:34:46'),
(73, 73, 0, NULL, 'С-r прямой   кишки', 4, -1, 8, NULL, 0, -1, -1, -1, -1, -1, '2013-09-10', -1, -1, -1, NULL, 1, -1, '26753-57', NULL, 'test_user', '2014-05-07 13:34:46'),
(74, 74, 1, 'C-r яичников StIT3NoMo', 'С-r сигмы', 2, 6, -1, NULL, 0, -1, -1, -1, -1, -1, '2013-10-03', 4, 2, 0, 'St  II  T3NoMo', 1, 2, '16818', NULL, 'test_user', '2014-05-07 13:34:46'),
(75, 75, 0, NULL, 'с-r нижнеампу-лярного отд. прямой кишки', 4, -1, 6, NULL, 0, -1, -1, -1, -1, -1, '2013-10-03', 4, 4, -1, 'St IV T3NxM1', 1, 1, '12 906-12 908  биопсия', NULL, 'test_user', '2014-05-07 13:34:46'),
(76, 76, 0, NULL, 'с-r прямой кишки', 4, -1, 8, NULL, 3, -1, -1, -1, -1, -1, '2013-10-03', 4, -1, -1, 'St  II  T3NxMx', 1, 2, NULL, NULL, 'test_user', '2014-05-07 13:34:46'),
(77, 77, 0, NULL, 'с-r сренеампу-лярного отд. прямой кишки', 4, -1, 4, NULL, 0, -1, -1, -1, -1, -1, '2013-10-03', 4, 4, -1, 'St IV T3NxM1', 1, 3, 'биопсия', NULL, 'test_user', '2014-05-07 13:34:46'),
(79, 79, 0, NULL, 'с-r восходящего отд. ободочной кишки', 2, 1, -1, NULL, 0, -1, -1, -1, -1, -1, '2013-10-03', 4, 2, 0, 'St  II  T3NoMo', 1, 1, '22701', NULL, 'test_user', '2014-05-07 13:34:46'),
(81, 81, 0, NULL, 'с-r прямой кишки   КАРЦИНОМА', -1, -1, 8, NULL, 0, -1, -1, -1, -1, -1, '2013-10-11', 4, 4, 0, 'St IV T3NoM1', -1, -1, '13 527/13', NULL, 'test_user', '2014-05-07 13:34:46'),
(82, 82, 0, NULL, 'C-r сигмовидной кишки', 2, 6, -1, NULL, 4, -1, -1, -1, -1, -1, '2013-10-12', 6, 4, -1, 'St IV T4NxM1', 1, 2, NULL, NULL, 'test_user', '2014-05-07 13:34:46'),
(83, 83, 0, NULL, 'C-r сигмовидной кишки	St II T3NхM0', 2, 6, -1, NULL, 6, -1, -1, -1, -1, -1, '2013-10-12', 4, 2, -1, 'St II T3NхM0', 1, 2, '46 288-89', NULL, 'test_user', '2014-05-07 13:34:46'),
(84, 84, 0, NULL, 'с-r прямой кишки', 4, -1, 8, NULL, 6, -1, -1, -1, -1, -1, '2013-10-30', 4, 2, 0, 'St  II  T3NoMo', 1, 2, '596', NULL, 'test_user', '2014-05-07 13:34:46'),
(85, 85, 0, NULL, 'с-r слепой  кишки', 1, 1, -1, NULL, 0, -1, -1, -1, -1, -1, '2013-10-30', 6, 4, 1, 'St  III B  T4N2Mо', 1, 2, '48614-22', 'Мтс в печень', 'test_user', '2014-05-07 13:34:46'),
(86, 86, 0, NULL, 'с-r ср/амп. отд. прямой кишки', 4, -1, 4, NULL, 0, -1, -1, -1, -1, -1, '2013-10-31', 4, 2, 0, 'St  II  T3NoMo', 1, 2, '19146', NULL, 'test_user', '2014-05-07 13:34:46'),
(87, 87, 0, NULL, 'с-r ср/амп. отд. прямой кишки', 4, -1, 4, NULL, 2, -1, -1, -1, -1, -1, '2013-10-31', 4, 2, -1, 'St  II  T3NxMx', 1, 1, '20968-69', NULL, 'test_user', '2014-05-07 13:34:46'),
(88, 88, 0, NULL, 'с-r в/амп. отд. прямой кишки', 4, -1, 2, NULL, 6, -1, -1, -1, -1, -1, '2013-10-31', 5, 3, -1, 'St III T4NxMo', 1, 1, '20918-30', 'Mts в печень л/узел  синвазией в мышечн слой', 'test_user', '2014-05-07 13:34:46'),
(89, 89, 0, NULL, 'с-r сигмовидной кишки', 2, 6, -1, NULL, 1, -1, -1, -1, -1, -1, '2013-10-31', 4, 4, 1, 'St IV T3N1M1', 3, -1, '19152', NULL, 'test_user', '2014-05-07 13:34:46'),
(90, 90, 0, NULL, 'с-r сигмы', 2, 6, -1, NULL, 0, -1, -1, -1, -1, -1, '2013-10-31', 5, 3, -1, 'St III T4NxMx', 1, 2, '16221-38', NULL, 'test_user', '2014-05-07 13:34:46'),
(91, 91, 0, NULL, 'с-r ниж./амп. отд. прямой кишки', 4, -1, 6, NULL, 0, -1, -1, -1, -1, -1, '2013-10-31', 4, 2, 0, 'St  II  T3NoMo', 1, 1, '13823', NULL, 'test_user', '2014-05-07 13:34:46'),
(92, 92, 0, NULL, 'с-r ректо-сигмовидного отд. толстой кишки', 3, 6, 1, NULL, 0, -1, -1, -1, -1, -1, '2013-10-31', 4, 4, 1, 'St IV T3N1M1', 1, 2, '19759', NULL, 'test_user', '2014-05-07 13:34:46'),
(93, 93, 0, NULL, 'с-r прямой кишки', 4, -1, 8, NULL, 0, -1, -1, -1, -1, -1, '2013-11-05', 4, 2, -1, 'St  II  T3NxMo', 1, -1, '25 979 25 973', 'Темноклеточная аденокарцинома', 'test_user', '2014-05-07 13:34:46'),
(94, 94, 0, NULL, 'C-r сигмовидной кишки', 2, 6, -1, NULL, 1, -1, -1, -1, -1, -1, '2013-11-05', 4, 2, 0, 'St  II  T3NoMo', 1, 2, '50752', NULL, 'test_user', '2014-05-07 13:34:46'),
(95, 95, 0, NULL, 'с-r верх/амп. отд. прямой кишки, Mts в печень', 4, -1, 2, NULL, 5, -1, -1, -1, -1, -1, '2013-11-05', 6, 4, 1, 'St IV T4N2M1', 1, 2, '36595', 'Mts в печень', 'test_user', '2014-05-07 13:34:46'),
(97, 97, 0, NULL, 'с-r прямой кишки', 4, -1, 8, NULL, 0, -1, -1, -1, -1, -1, '2013-12-10', 5, 3, 0, 'C-r прямой кишки 	St II T4N0M0', 1, 2, '602-603', 'умер', 'test_user', '2014-05-07 13:34:46'),
(98, 98, 0, NULL, 'с-r поперечно ободочной кишки', 2, 3, -1, NULL, 3, -1, -1, -1, -1, -1, '2013-12-10', 4, 2, -1, 'St III  T3NхM0', 1, 1, '4885', 'с-r   поперечно ободочной кишки', 'test_user', '2014-05-07 13:34:46'),
(99, 99, -1, NULL, 'с-r ректосигмов отд прямой кишки', 2, 6, 1, NULL, 0, -1, -1, -1, -1, -1, '2013-12-10', 4, 2, -1, 'St  III  T3NxMo', 1, 3, '51323', NULL, 'test_user', '2014-05-07 13:34:46'),
(100, 100, 0, NULL, 'с-r сигмовидной кишки', 2, 6, -1, NULL, 5, -1, -1, -1, -1, -1, '2013-12-10', 6, 4, 1, 'St  III  T4N1M1', 1, 2, '101', NULL, 'test_user', '2014-05-07 13:34:46'),
(101, 101, 0, NULL, 'с-r сигмовидной кишки', 2, 6, -1, NULL, 0, -1, -1, -1, -1, -1, '2013-12-10', -1, -1, -1, NULL, 1, -1, '9205', NULL, 'test_user', '2014-05-07 13:34:46'),
(102, 102, 0, NULL, 'с-r сигмовидной кишки', 2, 6, -1, NULL, 4, -1, -1, -1, -1, -1, '2014-01-09', 5, 4, 1, 'StIVT4N1M1', 1, 2, '3822/12', 'Mts в печень', 'test_user', '2014-05-07 13:34:46'),
(103, 103, 0, NULL, 'с-r прямой кишки Mts в печень', 4, -1, 8, NULL, 0, -1, -1, -1, -1, -1, '2014-01-09', 6, 3, 0, 'St III T4N0Mо', 1, 2, '25138-40', 'состояние после 19 курсов Х/Т прогрессирование', 'test_user', '2014-05-07 13:34:46'),
(104, 104, 1, 'миома матки', 'с-r прямой кишки', 4, -1, 8, NULL, 0, -1, -1, -1, -1, -1, '2014-01-09', 5, 3, -1, 'StIII T4NxM0', 1, 2, '3705-07', NULL, 'test_user', '2014-05-07 13:34:46'),
(105, 105, 0, NULL, 'C-r восходящего отдела толстого кишечника', 2, 1, -1, NULL, 5, -1, -1, -1, -1, -1, '2014-01-09', 5, 4, -1, 'St IV T4NxM1', 1, 1, '59945-52', 'Mts в печень, умер в 2014', 'test_user', '2014-05-07 13:34:46'),
(106, 106, 0, NULL, 'с-r прямой кишки', 4, -1, 8, '7  курсов Х/Т', 3, -1, -1, -1, -1, -1, '2014-01-13', 4, 2, 0, 'St IIА Т3N0М0', 1, 2, '32 975-76', 'Mts в печень', 'test_user', '2014-05-07 13:34:46'),
(107, 107, 0, NULL, 'с-r сигмовидного угла толстой кишки', 2, 6, -1, NULL, 0, -1, -1, -1, -1, -1, '2014-01-14', 3, 4, 1, 'St III T2N1M1', 1, 2, '21949', 'Mts в печень', 'test_user', '2014-05-07 13:34:46'),
(108, 108, 0, NULL, 'с-r ректо- сигмовидного отд. толстой кишки', 3, 6, 1, NULL, 0, -1, -1, -1, -1, -1, '2014-01-14', 4, 2, 0, 'St III T3NoMо', 1, 1, '26321', 'с инвазией и прорастанием в мочекой пузырь', 'test_user', '2014-05-07 13:34:46'),
(110, 110, 0, NULL, 'с-r ректо- сигмовидного отд. толстой кишки', 3, 6, 1, NULL, 0, -1, -1, -1, -1, -1, '2014-01-14', 5, 3, 1, 'St  II  T4N1Mx', 1, 2, '22864', 'рецидив', 'test_user', '2014-05-07 13:34:46'),
(111, 111, 0, NULL, 'с-r прямой кишки', 4, -1, 8, NULL, 5, -1, -1, -1, -1, -1, '2014-01-14', 5, 4, 1, 'St IV T4N1M1', 1, 2, '24911', 'наложение ПЕЗП', 'test_user', '2014-05-07 13:34:46'),
(112, 112, 0, NULL, 'Липома с-r селезеночного угалаободочной кишки', 2, 4, -1, NULL, -1, -1, -1, -1, -1, -1, '2014-01-14', 5, 3, 1, 'St  III  T4N2Mо', -1, -1, NULL, 'Липом;в материале  нет опухолевых клеток тест не проводился', 'test_user', '2014-05-07 13:34:46'),
(113, 113, 0, NULL, 'с-r ср/амп отд прямой кишки', 4, -1, 4, NULL, 4, -1, -1, -1, -1, -1, '2014-01-14', 4, 3, -1, 'St  III  T3NxMx', 1, 2, '26893-90', 'экстрепация ПК', 'test_user', '2014-05-07 13:34:46'),
(114, 114, 0, NULL, 'с-r ректо- сигмовидного отд. толстой кишки', 3, 6, 1, NULL, 0, -1, -1, -1, -1, -1, '2014-01-16', 4, 4, 1, 'StIV T3N1M1', 1, 2, '46655-60', 'Mts в печень', 'test_user', '2014-05-07 13:34:46'),
(115, 115, 0, NULL, 'с-r прямой кишки, прогрессирование , сост. после О/леч.,и 4 курсовХ/Т', 4, -1, 8, NULL, 0, -1, -1, -1, -1, -1, '2014-02-03', 4, 2, 0, 'St IIбT3N0M0', 1, 1, '822', 'Mts в печень л/узел  синвазией в мышечн слой, умерла в 2014', 'test_user', '2014-05-07 13:34:46'),
(116, 116, 1, 'миома, серозная киста в яичнике,колостомия', 'с-r н/амп отд прямой кишки', 4, -1, 6, '3 курса Х/Т', 0, -1, -1, -1, -1, -1, '2014-02-03', 6, 4, 1, 'St  IV T4N1M1', 1, 2, '3779', 'с прораст', 'test_user', '2014-05-07 13:34:46'),
(117, 117, 0, NULL, 'с-r прямой кишки', 4, -1, 8, NULL, 5, -1, -1, -1, -1, -1, '2014-02-03', 5, 3, 1, 'St  III  T4N1Mо', 1, 2, '36908', 'колостомия, прорастание в заднюю стенеку влагалища', 'test_user', '2014-05-07 13:34:46'),
(118, 118, 0, NULL, 'с-r слепой кишки', 1, 1, -1, '1 курс Х/Т', 0, -1, -1, -1, -1, -1, '2014-02-03', 6, 4, 1, 'SIV T4N2M1', 1, 1, '419-420', NULL, 'test_user', '2014-05-07 13:34:46'),
(119, 119, 0, NULL, 'с-r сигмовидной кишки', 2, 6, -1, 'комбинированного лечения Операция Гартмана', 0, -1, -1, -1, -1, -1, '2014-02-04', 4, 2, -1, 'St  III  T3NxMx', 1, 2, '2048/11', 'Mts в в легкое;', 'test_user', '2014-05-07 13:34:46'),
(120, 120, 0, NULL, 'с-r прямой кишки', 4, -1, 8, NULL, 6, -1, -1, -1, -1, -1, '2014-02-04', 5, 4, 1, 'St IV T4N1M1', 1, 2, NULL, NULL, 'test_user', '2014-05-07 13:34:46'),
(121, 121, 0, NULL, 'с-r толстой кишки', 1, 1, -1, NULL, 0, -1, -1, -1, -1, -1, '2014-02-04', 4, 3, 1, 'St  III  T3N1Mо', 1, 2, '2333', NULL, 'test_user', '2014-05-07 13:34:46'),
(122, 122, 0, NULL, 'с-r ректо- сигмовидного отд. толстой кишки', 4, -1, 1, NULL, 0, -1, -1, -1, -1, -1, '2014-02-04', 4, 3, 1, 'St  III  T3N1Mx', 1, 2, '2255', NULL, 'test_user', '2014-05-07 13:34:46'),
(123, 123, 0, NULL, 'с-r прямой кишки', 4, -1, 8, NULL, 4, -1, -1, -1, -1, -1, '2014-02-04', -1, -1, -1, NULL, 1, 2, '2207', NULL, 'test_user', '2014-05-07 13:34:46'),
(124, 124, 0, NULL, 'с-r слепой кишки', 1, -1, -1, NULL, 0, -1, -1, -1, -1, -1, '2014-02-04', 4, 2, -1, 'St  II T3NxMx', 1, -1, NULL, 'тубулярная аденокарцинома', 'test_user', '2014-05-07 13:34:46'),
(125, 125, 0, NULL, 'с-r прямой кишки', 4, -1, 8, NULL, 0, -1, -1, -1, -1, -1, '2014-02-04', 5, 3, 1, 'St  III T4N1Mo', 1, 2, '2133', NULL, 'test_user', '2014-05-07 13:34:46'),
(126, 126, 0, NULL, 'с-r прямой кишки', 4, -1, 8, NULL, 4, -1, -1, -1, -1, -1, '2014-02-04', 4, 2, -1, 'St  II  T3NxMx', 1, 2, '11260-11261', NULL, 'test_user', '2014-05-07 13:34:46'),
(127, 127, 0, NULL, 'с-r ободочной кишки', 2, -1, -1, 'состояние после 2-х курсов ПХТ', 0, -1, -1, -1, -1, -1, '2014-02-04', 5, 3, 1, 'St  III  T4N1Mо', 1, 2, '60452', NULL, 'test_user', '2014-05-07 13:34:46'),
(128, 128, 0, NULL, 'с-r толстой кишки', -1, -1, -1, NULL, 0, -1, -1, -1, -1, -1, '2014-02-05', 5, 3, 1, 'SIV T4N1Mo', 3, -1, '142', 'Mts в  л/узел', 'test_user', '2014-05-07 13:34:46'),
(129, 129, 0, NULL, 'с-r нисх/отд ободочной кишки', 2, 5, -1, NULL, 6, -1, -1, -1, -1, -1, '2014-02-05', 4, 3, 1, 'St III T3N1Mx', 1, 1, '1580', NULL, 'test_user', '2014-05-07 13:34:46'),
(130, 130, 0, NULL, 'с-r сигмовидной кишки', 2, 6, -1, NULL, 0, -1, -1, -1, -1, -1, '2014-02-10', 4, 4, 1, 'St  III  T3N1M1', 1, 2, '4559', NULL, 'test_user', '2014-05-07 13:34:46'),
(131, 131, 0, NULL, 'с-r прямой кишки', 4, -1, 8, NULL, 0, -1, -1, -1, -1, -1, '2014-02-10', 5, 4, -1, 'SIII T4NxM1', 1, 2, NULL, 'Mts в печень', 'test_user', '2014-05-07 13:34:46'),
(132, 132, 0, NULL, 'рак толстого кишечника', -1, -1, -1, NULL, 0, -1, -1, -1, -1, -1, '2014-02-10', 4, 2, -1, 'St II T3NxM0', 1, 2, '34733', NULL, 'test_user', '2014-05-07 13:34:46'),
(133, 133, 0, NULL, 'рак толстого кишечника', -1, -1, -1, NULL, 5, -1, -1, -1, -1, -1, '2014-02-10', 4, 2, 0, 'St  II  T3NxMo', 1, 2, '42398', NULL, 'test_user', '2014-05-07 13:34:46'),
(134, 134, 0, NULL, 'C-r ректосигмоидного отдела прямой кишки', 3, -1, 1, NULL, 0, -1, -1, -1, -1, -1, '2014-02-10', 4, 2, -1, 'St  II  T3NxMo', 1, 2, '4807', NULL, 'test_user', '2014-05-07 13:34:46'),
(135, 135, 0, NULL, 'C-r c/а отд отдела прямой кишки', 4, -1, 4, NULL, 0, -1, -1, -1, -1, -1, '2014-02-10', 4, 3, 1, 'St  III A T3N1Mo', 1, 2, '48780-1/13', NULL, 'test_user', '2014-05-07 13:34:46'),
(136, 136, 0, NULL, 'рак толстого кишечника', -1, -1, -1, NULL, 0, -1, -1, -1, -1, -1, '2014-02-10', -1, -1, -1, NULL, 1, 2, '35977', NULL, 'test_user', '2014-05-07 13:34:46'),
(137, 137, 0, NULL, 'рак толстого кишечника', -1, -1, -1, NULL, 0, -1, -1, -1, -1, -1, '2014-02-10', 4, 2, -1, 'St  II  T3NxMo', 1, 2, '59458-9', NULL, 'test_user', '2014-05-07 13:34:46'),
(138, 138, 0, NULL, 'с-r толстой кишки', -1, -1, -1, NULL, 6, -1, -1, -1, -1, -1, '2014-02-12', 4, 4, -1, 'SIV T3NxM1', 1, 2, '24210', 'Mts в поджел железуж прогрессирование', 'test_user', '2014-05-07 13:34:46'),
(139, 139, 0, NULL, 'с-r поперечно-ободочной кишки', 2, 3, -1, NULL, 0, -1, -1, -1, -1, -1, '2014-02-12', 4, 4, -1, 'StIV  T3NxM1', 1, 1, '20126', 'Mts в печень', 'test_user', '2014-05-07 13:34:46'),
(140, 140, 0, NULL, 'с-r восх/отд ободочной кишки', 2, 1, -1, NULL, 6, -1, -1, -1, -1, -1, '2014-02-12', 5, 3, 1, 'T4аN2M0, IIIст.', 1, 2, '25655-57', NULL, 'test_user', '2014-05-07 13:34:46'),
(141, 141, 0, NULL, 'C-r Рак поперечно-ободочной кишки  St1Vст Т4N1М1', 2, 2, -1, NULL, 0, -1, -1, -1, -1, -1, '2014-02-12', 5, 4, 1, 'St IVст Т4N1М1', 1, 2, '2292/12', NULL, 'test_user', '2014-05-07 13:34:46'),
(142, 142, 0, NULL, 'с-r сигмовидной кишки', 2, 6, -1, NULL, 5, -1, -1, -1, -1, -1, '2014-02-12', 5, 3, -1, 'St  III  T4NxMо', 1, 3, '32057', NULL, 'test_user', '2014-05-07 13:34:46'),
(143, 143, 0, NULL, 'с-r прямой кишки умер.дифференц аденокарцинома StII B T4NoM0', 4, -1, 8, NULL, 0, -1, -1, -1, -1, -1, '2014-02-13', 5, 3, -1, 'St  III  T4NxMo', 1, 2, NULL, NULL, 'test_user', '2014-05-07 13:34:46'),
(144, 144, 0, NULL, 'с-r в/амп отд. прямой кишки муцинозная аденокарц', 4, -1, 2, NULL, 0, -1, -1, -1, -1, -1, '2014-02-13', 5, 4, 1, 'StIV T4N1M1', 3, -1, '6026/14', NULL, 'test_user', '2014-05-07 13:34:46'),
(145, 145, 0, NULL, 'с-r восх.отд. обод. кишки муцинозная аденокарц StIV T4NxM0', 2, 1, -1, NULL, 3, -1, -1, -1, -1, -1, '2014-02-13', 4, 2, -1, 'St  III  T3NxMo', 3, -1, NULL, NULL, 'test_user', '2014-05-07 13:34:46'),
(146, 146, 0, NULL, 'с-r прямой кишки, Т3N1M0 , Mts в печень', 4, -1, 8, NULL, 6, -1, -1, -1, -1, -1, '2014-02-27', 4, 4, 1, 'St  III  T3N1M1', 1, 3, '4313/11', 'Mts в печень', 'test_user', '2014-05-07 13:34:46'),
(147, 147, 0, NULL, 'с-r сигмовидной кишки, Т4N1M0 , St III', 2, 6, -1, NULL, 0, -1, -1, -1, -1, -1, '2014-02-27', 5, 3, 1, 'St  III  T4N1Mo', 1, 3, '38980-83 84 180-1', NULL, 'test_user', '2014-05-07 13:34:46'),
(148, 148, 0, NULL, 'с-r сигмовидной кишки, St IV Т3NxM1 , Mts в печень', 2, 6, -1, NULL, 6, -1, -1, -1, -1, -1, '2014-02-27', 4, 4, -1, 'St IV Т3NxM1', 1, 2, '1565', NULL, 'test_user', '2014-05-07 13:34:46'),
(149, 149, 0, NULL, 'с-r ректо- сигмоидного отд толстой кишки, St III Т4N0Mх , Mts плеврит', 3, 6, 1, NULL, 0, -1, -1, -1, -1, -1, '2014-02-27', 5, 3, 0, 'St III Т4N0Mх ,', 1, 2, '70761', 'Темноклеточная аденокарцинома', 'test_user', '2014-05-07 13:34:46'),
(150, 150, 0, NULL, 'с-r прямой кишки, St II Т4N0Mх', 4, -1, 8, NULL, 5, -1, -1, -1, -1, -1, '2014-02-27', 5, 2, 0, 'St  II  T4NoMx', 1, 2, '219', NULL, 'test_user', '2014-05-07 13:34:46'),
(151, 151, 0, NULL, 'с-r сигмовидной кишки, Т3NxM1 , St IV, Mts в яичник', 2, 6, -1, NULL, 0, -1, -1, -1, -1, -1, '2014-02-27', 5, 4, -1, 'St IV T3NxM1  G2', 1, -1, '1189-90', NULL, 'test_user', '2014-05-07 13:34:46'),
(153, 153, 0, NULL, 'с-r прямой кишки, Mts в печень', 4, -1, 8, NULL, 0, -1, -1, -1, -1, -1, '2014-02-27', -1, 4, -1, NULL, 1, 2, '8879/1/3/1', NULL, 'test_user', '2014-05-07 13:34:46'),
(154, 154, 0, NULL, 'с-r прямой кишки, St III Т3N1M0', 4, -1, 8, NULL, 3, -1, -1, -1, -1, -1, '2014-02-27', 4, 3, -1, 'St  III  T3NxMo', 1, 2, '992/13        2-й тест от', 'St III Рецедив. Mts в печень', 'test_user', '2014-05-07 13:34:46'),
(155, 155, 0, NULL, 'с-r сигмовидной кишки, St III Т3N1M0', 2, 6, -1, NULL, 0, -1, -1, -1, -1, -1, '2014-02-27', 4, 3, 1, 'St III Т3N1M0', 1, 1, '7923-31/14', NULL, 'test_user', '2014-05-07 13:34:46'),
(156, 157, 0, NULL, 'с-r  прямой кишки StIV T4N1M1', 4, -1, 8, NULL, -1, -1, -1, -1, -1, -1, '2013-02-07', 5, 4, 1, 'StIV T4N1M1', 1, 2, '39914', '1947г.р.', 'test_user', '2014-10-02 10:22:43'),
(157, 158, 0, NULL, 'с-r  сигмовидной   кишки,     Т3N1Mх	10687-700', 2, 6, -1, NULL, 3, -1, -1, -1, -1, -1, '2014-03-11', 4, 3, 1, 'T3N1Mx', 1, 2, '10687-700', NULL, 'test_user', '2014-10-02 10:30:17'),
(158, 159, 0, NULL, 'с-r ректо- сигмоидного отд толстой   кишки', 3, -1, 1, NULL, -1, -1, -1, -1, -1, -1, '2014-03-11', 5, 4, -1, 'St IV T4NxM1', 1, 2, '1152-3', 'Mts  в печень', 'test_user', '2014-10-02 10:40:44'),
(159, 156, 0, 'нет', 'с-r  слепой кишки', 1, -1, -1, NULL, 5, -1, -1, -1, -1, -1, '2014-03-11', 5, 3, 1, 'StIII T4N1Mx', 1, 3, '18902', NULL, 'test_user', '2014-10-02 17:15:19'),
(160, 160, 0, 'нет', 'с-r  прямой кишки', 4, -1, 8, NULL, 0, -1, -1, -1, -1, -1, '2013-03-11', 4, 2, 0, 'StIII T3NоMо', 1, 2, '6152-54', NULL, 'test_user', '2014-10-02 17:24:59'),
(161, 161, 0, NULL, 'с-r  прямой кишки', 4, -1, 8, '11032014', 0, -1, -1, -1, -1, -1, '2013-03-11', 5, 2, 0, 'StII  T4NоMо', 1, 2, '29090-3-2', NULL, 'test_user', '2014-10-02 17:52:30'),
(162, 162, 0, NULL, 'с-r  прямой кишки', 4, -1, 8, NULL, 0, -1, -1, -1, -1, -1, '2013-03-11', 4, 2, 0, 'StII  T3NоMо', 1, 3, '18672-3/13', NULL, 'test_user', '2014-10-02 17:56:23'),
(163, 163, 0, NULL, 'с-r  восх/отд толстой кишки,', 2, 1, -1, NULL, 0, -1, -1, -1, -1, -1, '2014-03-11', 5, 3, 1, 'StIII T4N2Mо', 1, 1, '14129-39', 'Множ МТС в печень, забрюш. л/у', 'test_user', '2014-10-02 17:59:45'),
(164, 164, 0, NULL, 'с-r  прямой кишки', 4, -1, 8, NULL, 4, -1, -1, -1, -1, -1, '2013-03-11', 4, 2, 0, 'StIVT3N0Mx', 1, 3, '18204-10', NULL, 'test_user', '2014-10-02 18:03:06'),
(165, 165, 0, NULL, 'с-r  прямой кишки', 4, -1, 8, NULL, 0, -1, -1, -1, -1, -1, '2014-03-11', 4, 4, 1, 'StIVT3N1M1', 1, 1, '11392', NULL, 'test_user', '2014-10-02 18:06:28'),
(166, 166, 0, NULL, 'с-r  прямой кишки', 4, -1, 8, NULL, 0, -1, -1, -1, -1, -1, '2014-03-11', 4, 4, 0, 'StIVT3NоM1', 1, 3, '3113', NULL, 'test_user', '2014-10-02 18:09:30'),
(167, 167, 0, NULL, 'с-r  печеночного угла толстой кишки', 2, 2, -1, NULL, 0, -1, -1, -1, -1, -1, '2013-03-11', 5, 3, 1, 'StIII T4N1Mо', 1, 3, '14081', NULL, 'test_user', '2014-10-02 18:17:18'),
(168, 168, 0, NULL, 'с-r  слепой кишки', 1, 1, -1, NULL, 2, -1, -1, -1, -1, -1, '2013-03-11', 4, 4, 1, 'StIVT3N1M1', 1, 2, '10719', NULL, 'test_user', '2014-10-02 18:20:50'),
(169, 169, 0, NULL, 'с-r  прямой кишки', 4, -1, 8, NULL, 6, -1, -1, -1, -1, -1, '2013-03-11', 4, 3, -1, 'St III T3NхMо', 1, 2, '12876', NULL, 'test_user', '2014-10-02 18:24:41'),
(170, 170, 0, NULL, 'с-r  слепой кишки', 1, 1, -1, NULL, 0, -1, -1, -1, -1, -1, '2013-03-11', 6, 4, 1, 'StIVT4N2M1', 1, 3, '9925', 'Mts в печень', 'test_user', '2014-10-02 18:28:20'),
(171, 171, 0, NULL, 'C-r ректосигм.отд прямой кишки', 3, -1, 1, NULL, 6, -1, -1, -1, -1, -1, '2014-03-27', 5, 4, 1, 'St  IV T4N1M1', 1, 2, '15213/ 13', NULL, 'test_user', '2014-10-02 18:32:11'),
(172, 172, 0, NULL, 'C-r прямой кишки  StIIpT3NoMo', 4, -1, 8, NULL, 0, -1, -1, -1, -1, -1, '2014-03-27', 4, 2, 0, 'StIIpT3NoMo', 1, 2, '9257-58/13', 'StIIpT3NoMo', 'test_user', '2014-10-02 18:35:14'),
(173, 173, 0, NULL, 'C-r толстой кишки   StIIpT2NoMo', -1, -1, -1, NULL, 0, -1, -1, -1, -1, -1, '2014-03-27', 3, 2, 0, 'StIIpT2NoMo', 1, 2, '1576/14', 'StIIpT2NoMo', 'test_user', '2014-10-02 18:38:09'),
(174, 174, 0, NULL, 'C-r прямой кишки', 4, -1, 8, NULL, 3, -1, -1, -1, -1, -1, '2014-03-27', 4, 2, 0, 'St II T3N0M0', 1, 2, '7395/14', NULL, 'test_user', '2014-10-02 18:40:11'),
(175, 175, 0, NULL, 'C-r сигмовидной кишки', 2, 6, -1, NULL, 0, -1, -1, -1, -1, -1, '2014-03-27', 4, 2, -1, 'St  IV  T3NxMx', 1, 3, '1135-6/14', 'Mts  в печень,легкие', 'test_user', '2014-10-02 18:42:26'),
(176, 176, 0, NULL, 'с-r  слепой кишки', 1, 1, -1, NULL, 0, -1, -1, -1, -1, -1, '2014-03-27', 5, 3, 1, 'St III T4N1Mо', 1, 2, '11787/ 14', NULL, 'test_user', '2014-10-02 18:48:09'),
(177, 177, 0, NULL, 'с-r  прямой кишки', 4, -1, 8, NULL, 2, -1, -1, -1, -1, -1, '2014-03-27', 4, 2, 0, 'St III T3NоMо', 1, 2, '10110/ 14', NULL, 'test_user', '2014-10-02 18:50:49'),
(178, 178, 0, NULL, 'с-r  прямой кишки', 4, -1, 8, NULL, 0, -1, -1, -1, -1, -1, '2014-03-27', 4, 2, 0, 'St  III  T3NоMо', 1, 2, '13561-64/ 13', NULL, 'test_user', '2014-10-02 18:54:46'),
(179, 179, 0, 'нет', 'C-r сигмовидной кишки', 3, -1, 1, 'биопсия, операция  4курса ПХТ( колостома)', 0, -1, -1, -1, -1, -1, '2014-04-07', 4, 2, 0, 'St  III  T3N0Mo', 1, 2, '4121/14', 'умер     2-й тест от22/04/201417886', 'test_user', '2014-10-02 19:02:57'),
(180, 180, 0, NULL, 'C-r ректосигмоидного отдела ободочной кишки', 3, -1, 1, NULL, 3, -1, -1, -1, -1, -1, '2014-04-07', 5, 2, 0, 'St IIB T4N0M0', 1, 2, '15606/14', NULL, 'test_user', '2014-10-02 19:06:01'),
(181, 181, 0, NULL, 'C-r н/а отдела прямой кишки', 4, -1, 6, NULL, 0, -1, -1, -1, -1, -1, '2014-04-07', 4, 2, -1, 'St III T3NхMо', 1, 1, '15320/14', NULL, 'test_user', '2014-10-02 19:07:49'),
(182, 182, 0, NULL, 'C-r кишки', -1, -1, -1, NULL, -1, -1, -1, -1, -1, -1, '2014-04-10', 5, 3, 0, 'St II T4N0M0', 1, 2, '46-47/12', NULL, 'test_user', '2014-10-02 19:09:44'),
(183, 183, 0, NULL, 'C-r кишки   St  IV  T3N1M1', -1, -1, -1, NULL, 1, -1, -1, -1, -1, -1, '2014-04-10', 4, 4, 1, 'St  IV  T3N1M1', 1, 2, '9947 47-48/13', NULL, 'test_user', '2014-10-02 19:13:21'),
(184, 184, 0, NULL, 'C-r селезеноч угла толстого кишка  St  IV T3N2M1', 2, 4, -1, NULL, 1, -1, -1, -1, -1, -1, '2014-04-10', 4, 4, 1, 'St  IV T3N2M1', 1, 2, '8796 98-99/13', NULL, 'test_user', '2014-10-02 19:15:22'),
(185, 185, 0, NULL, 'C-r ректосигмоидного отдела ободочной кишки', 3, -1, 1, NULL, 3, -1, -1, -1, -1, -1, '2014-04-10', 5, 3, 1, 'St III T4N1M0', 1, 2, '9093-94/13', NULL, 'test_user', '2014-10-02 19:18:50'),
(186, 186, 0, NULL, 'C-r поперечно ободочной кишки', 2, 3, -1, NULL, 3, -1, -1, -1, -1, -1, '2014-04-10', 5, 3, -1, 'St III T4NxM0', 1, 2, '38799-00/12', NULL, 'test_user', '2014-10-02 19:21:38'),
(187, 187, 0, NULL, 'С-r  прямой кишки', 4, -1, 8, NULL, 3, -1, -1, -1, -1, -1, '2014-04-10', 5, 2, 0, 'St II T4N0M0', 1, 2, '90-93/13', NULL, 'test_user', '2014-10-02 19:28:03'),
(188, 188, 0, NULL, 'C-r нисходящей ободочной кишки', 2, 5, -1, NULL, 0, -1, -1, -1, -1, -1, '2014-04-10', 5, 4, 0, 'St IV T4aN0M1', 1, 2, '10504-507/14 850', NULL, 'test_user', '2014-10-02 19:32:04'),
(189, 189, 0, NULL, 'C-r восходящего отдела толстой кишки', 2, 1, -1, NULL, 3, -1, -1, -1, -1, -1, '2014-04-10', 3, 1, 0, 'St II T2N0M0', 1, 1, '7809', NULL, 'test_user', '2014-10-02 19:42:34'),
(190, 190, 0, NULL, 'C-r толстой кишки Mts в печень', -1, -1, -1, NULL, 0, -1, -1, -1, -1, -1, '2014-04-10', 4, 4, 1, 'St III T3N1M1', 1, 2, '27534-39/12', NULL, 'test_user', '2014-10-02 19:44:38'),
(191, 191, 0, NULL, 'C-r толстой кишки', -1, -1, -1, NULL, 0, -1, -1, -1, -1, -1, '2014-04-10', 5, 4, 1, 'St IV T4N1M1', 1, 3, '132-134/14', NULL, 'test_user', '2014-10-02 19:46:56'),
(192, 192, 0, NULL, 'C-r сигмовидныо отдела толстого кишечника', 2, 6, -1, NULL, 6, -1, -1, -1, -1, -1, '2014-04-10', 3, 1, 0, 'St  I  T2oxMo', 1, 1, '14772-14782/13', NULL, 'test_user', '2014-10-02 19:48:57'),
(193, 193, 0, NULL, 'C-r ректосигмоидного отдела толстой кишки', 3, -1, 1, NULL, 0, -1, -1, -1, -1, -1, '2014-04-10', 4, 2, 0, 'St  II  T3NoMo', 1, 2, '26810/13', NULL, 'test_user', '2014-10-02 19:51:49'),
(194, 194, 0, NULL, 'C-r н/а отдела прямой кишки', 4, -1, 6, NULL, 0, -1, -1, -1, -1, -1, '2014-04-10', 4, 3, 1, 'St III T3N1M0', 1, 2, '16254/13', NULL, 'test_user', '2014-10-02 19:53:50'),
(195, 195, 0, NULL, 'C-r н/а отдела прямой кишки', 4, -1, 6, NULL, 3, -1, -1, -1, -1, -1, '2014-04-10', 4, 3, 1, 'St  II  T3N1M0', -1, -1, '17067', 'плоскоклеточное', 'test_user', '2014-10-02 19:55:45'),
(196, 196, 0, NULL, 'C-r средне/ампул отдела прямой кишки', 4, -1, 4, 'Материал не пригоден для анализа, т.к. не содержит опух.кл.', -1, -1, -1, -1, -1, -1, '2014-04-10', 4, 2, 0, 'St  II', 1, 3, '1949', 'Материал не пригоден для анализа, т.к. не содержит опух.кл.', 'test_user', '2014-10-02 19:57:50'),
(197, 197, 0, NULL, 'перстневидноклеточный  C-r прямой кишки', 4, -1, 8, NULL, 0, -1, -1, -1, -1, -1, '2014-04-10', 5, 3, 0, 'St  III  T4N0M0', 1, 2, '19688 88-90/13', 'StIIIT4NoMo', 'test_user', '2014-10-02 19:59:12'),
(198, 198, 0, NULL, 'C-r сигмовидной кишки  StIIIT4N1M0', 2, 6, -1, NULL, 0, -1, -1, -1, -1, -1, '2014-04-10', 5, 3, 1, 'StIIIT4N1M0', 1, 1, '84149 59-60', NULL, 'test_user', '2014-10-02 20:01:30'),
(199, 199, 0, 'нет', 'C-r ср/ампулярного отд. прямой кишки', 4, -1, 4, NULL, 0, -1, -1, -1, -1, -1, '2014-04-18', 5, 3, 0, 'St  II  T4NoMo', 1, 2, '14563/10', NULL, 'test_user', '2014-10-02 20:03:53'),
(200, 200, 0, NULL, 'C-r исходящей ободочной кишки', 2, 5, -1, NULL, 0, -1, -1, -1, -1, -1, '2014-04-18', 5, 3, 0, 'T4N0Mх', 1, 2, '3192-9/13', NULL, 'test_user', '2014-10-02 20:06:02'),
(201, 201, 0, NULL, 'C-r прямой кишки  St  II  T4N0M0', 4, -1, 8, NULL, 5, -1, -1, -1, -1, -1, '2014-04-18', 5, 3, 0, 'St  II  T4N0M0', 1, 1, '3951-52/14', NULL, 'test_user', '2014-10-02 20:07:48'),
(202, 202, 0, NULL, 'C-r прямой кишки  St II T3N0M0', 4, -1, 8, NULL, 6, -1, -1, -1, -1, -1, '2014-04-18', 4, 2, 0, 'St II T3N0M0', 1, 2, '4281-82/13', NULL, 'test_user', '2014-10-03 03:29:59'),
(203, 203, 0, NULL, 'C-r ректосигмы', 3, -1, 1, NULL, 0, -1, -1, -1, -1, -1, '2014-04-18', 4, 3, 1, 'St III T3aN1Mx', 1, 2, '10507-09/13', NULL, 'test_user', '2014-10-03 03:32:05'),
(204, 204, 0, NULL, 'C-r кишки', -1, -1, -1, NULL, 0, -1, -1, -1, -1, -1, '2014-04-18', 5, 3, 1, 'St III T4N1M0', 1, 2, '7710-14/14', NULL, 'test_user', '2014-10-03 03:35:59'),
(205, 205, 0, NULL, 'C-r кишки', -1, -1, -1, NULL, 3, -1, -1, -1, -1, -1, '2014-04-18', 4, 2, 0, 'St  II  T3N0M0', 1, 2, '12506-11/13', 'St II T3N0M0', 'test_user', '2014-10-03 03:40:22'),
(206, 206, 0, NULL, 'C-r сигмы', 2, 6, -1, NULL, 6, -1, -1, -1, -1, -1, '2014-04-18', 4, 3, 1, 'St III T3N1M0', 1, 1, '1567-68/13', NULL, 'test_user', '2014-10-03 03:44:19'),
(207, 207, 0, NULL, 'C-r прямой кишки', 4, -1, 8, NULL, 0, -1, -1, -1, -1, -1, '2014-04-18', 4, 2, 0, 'St II T3N0M0', 1, 2, '6416-18', NULL, 'test_user', '2014-10-03 03:47:25'),
(208, 208, 0, NULL, 'C-r прямой кишки', 4, -1, 7, NULL, 3, -1, -1, -1, -1, -1, '2014-04-18', 4, 2, 0, 'St II T3N0M0', 1, 2, '967-72', NULL, 'test_user', '2014-10-03 03:49:50'),
(210, 210, 0, NULL, 'C-r среднеампулярной части прямой кишки', 4, -1, 4, NULL, 6, -1, -1, -1, -1, -1, '2014-04-22', 4, 3, 1, 'St  III  T3N1Mo', 1, 2, '18324', NULL, 'test_user', '2014-10-03 03:57:16'),
(211, 211, 0, NULL, 'C-r сигмовидной кишки', 2, 6, -1, NULL, 6, -1, -1, -1, -1, -1, '2014-04-22', 5, 4, 1, 'St IV T4N1M1', 1, 1, '5470/14', NULL, 'test_user', '2014-10-03 03:59:29'),
(212, 212, 0, NULL, 'C-r восходящего отдела толстой кишки', 2, 1, -1, NULL, 6, -1, -1, -1, -1, -1, '2014-04-22', 5, 4, 0, 'St IV T4N0M1', 1, 2, '10269-72', NULL, 'test_user', '2014-10-03 04:01:58'),
(213, 213, 0, NULL, 'C-r слепой кишки', 1, -1, -1, NULL, 5, -1, -1, -1, -1, -1, '2014-04-23', 5, 4, 1, 'St IV T4aN1M1', 1, -1, '15757-58', NULL, 'test_user', '2014-10-03 04:04:14'),
(214, 214, 0, NULL, 'C-r прямой кишки', 4, -1, 8, NULL, 0, -1, -1, -1, -1, -1, '2014-04-23', 5, 3, 0, 'St  IIб  T4N0M0', 1, 2, '5785-92/12', NULL, 'test_user', '2014-10-03 04:06:55'),
(215, 215, 0, NULL, 'C-r сигмовидной кишкиSt  III  T4NхM0', 2, 6, -1, NULL, 3, -1, -1, -1, -1, -1, '2014-04-23', 5, 3, -1, 'St  III  T4NхM0', 1, 2, '6069-76/09', NULL, 'test_user', '2014-10-03 04:09:15'),
(216, 216, 0, NULL, 'C-r восходящего отдела толстого кишечника', 2, 1, -1, NULL, 0, -1, -1, -1, -1, -1, '2014-04-23', 4, 3, -1, 'St III T3NxM0', 1, -1, '14050-1', NULL, 'test_user', '2014-10-03 04:11:06'),
(218, 219, 0, NULL, 'C-r селезеночного угла ободочной  кишки', 2, 4, -1, NULL, 0, -1, -1, -1, -1, -1, '2014-10-16', 4, 3, 1, 'T3N2Mx', 1, 2, '20589-93/13', 'Mts в печень', 'test_user', '2014-10-03 04:16:10'),
(219, 220, 0, '15.12.2010', 'C-r ректосигмоидного отдела толстой кишки', 3, -1, 1, NULL, 0, -1, -1, -1, -1, -1, '2014-05-04', 4, 2, 0, 'T3N0Mx', 1, 2, '23080-9/10', 'Mts в печень множеств.', 'test_user', '2014-10-03 04:20:22'),
(220, 221, 0, NULL, 'C-r сигмовидной отдела толстой  кишкиSt III T3N0M0', 2, 6, -1, NULL, 0, -1, -1, -1, -1, -1, '2010-06-02', 4, 2, 0, 'St III T3N0M0', 1, 2, '9983-92 1а', NULL, 'test_user', '2014-10-11 16:13:27'),
(221, 222, 0, NULL, 'C-r ректосигмоидного отдела толстой кишки  St  IV T3N0M+ Мтс в печень', 3, -1, 1, NULL, 0, -1, -1, -1, -1, -1, '2013-04-18', 4, 2, 0, 'T3N0M+', 1, 2, '6457-67/13', 'Мтс в печень', 'test_user', '2014-10-11 16:20:30'),
(222, 223, 0, 'Слизистая перстневидноклеточная карцинома', 'C-r прямой кишки  St IIа T3N0M0', 4, -1, 8, '18.10.13.', 0, -1, -1, -1, -1, -1, '2013-10-18', 4, 2, 0, 'St IIа T3N0M0', -1, -1, '18922-6', 'Слизистая перстневидноклеточная карцинома', 'test_user', '2014-10-11 16:32:13'),
(223, 224, 0, NULL, 'C-r прямой кишки  St II T2NxM0   Слизистая карцинома', 4, -1, 8, 'C-r нисходящего отдела толстой кишки', 0, -1, -1, -1, -1, -1, '2014-02-05', 3, 2, -1, 'St IIб T2NxM0', 1, 2, '4959-68/13', '№235 от 7206-12 C-r нисходящего отдела толстой кишки  St IIb T4N0M0', 'test_user', '2014-10-11 18:45:30'),
(224, 225, 0, NULL, 'C-r печеночного угла ободочной кишки  St III T3N1M0', 2, 2, -1, NULL, 0, -1, -1, -1, -1, -1, '2013-04-18', 4, 3, -1, 'St III T3N1M0', 1, 2, '4335-9/12', NULL, 'test_user', '2014-10-11 18:50:44'),
(225, 226, 0, NULL, 'C-r сигмовидной кишки    St III T3NxM0', 2, 6, -1, NULL, 2, -1, -1, -1, -1, -1, '2014-04-10', 4, 3, -1, 'St III T3NxM0', 1, -1, '682', NULL, 'test_user', '2014-10-11 18:58:12'),
(226, 227, 0, NULL, 'C-r прямой кишки     У/д а п/к', 4, -1, 8, NULL, 0, -1, -1, -1, -1, -1, '2014-04-03', 4, 3, -1, 'St III T3NxM0', 1, 2, '608', NULL, 'test_user', '2014-10-11 19:03:42'),
(227, 228, 0, NULL, 'C-r прямой кишки  St III T3NxMx', 4, -1, 8, NULL, 0, -1, -1, -1, -1, -1, '2014-04-08', 4, 3, -1, 'St III T3NxMx', 1, 2, '643', NULL, 'test_user', '2014-10-11 19:34:05'),
(228, 229, 0, NULL, 'C-r  толстой  кишки   St IV', -1, -1, -1, NULL, 0, -1, -1, -1, -1, -1, '2014-03-17', -1, 4, -1, 'St IV', 1, 2, '1762', NULL, 'test_user', '2014-10-11 19:45:58'),
(229, 230, 0, NULL, 'C-r нисходящего отдела толстой кишки', 2, 5, -1, NULL, 3, -1, -1, -1, -1, -1, '2014-03-19', -1, -1, -1, NULL, 1, 2, '520-23', NULL, 'test_user', '2014-10-11 19:50:42');
INSERT INTO `kras_investigation` (`id`, `patient_id`, `tumor_another_existence_yes_no_id`, `tumor_another_existence_discr`, `diagnosis`, `intestinum_crassum_part_id`, `colon_part_id`, `rectum_part_id`, `treatment_discr`, `status_gene_kras_id`, `status_gene_kras3_id`, `status_gene_kras4_id`, `status_gene_nras2_id`, `status_gene_nras3_id`, `status_gene_nras4_id`, `date_invest`, `depth_of_invasion_id`, `stage_id`, `metastasis_regional_lymph_nodes_yes_no_id`, `metastasis_regional_lymph_nodes_discr`, `tumor_histological_type_id`, `tumor_differentiation_degree_id`, `block`, `comments`, `user`, `insert_date`) VALUES
(230, 231, 0, NULL, 'C-r сигмовидной кишки St IIb T4N0M0', 2, 6, -1, NULL, 5, -1, -1, -1, -1, -1, '2014-04-15', 6, 2, 0, 'St IIb T4N0M0', 1, 2, '19877/14', NULL, 'test_user', '2014-10-11 19:59:08'),
(231, 232, 0, NULL, 'C-r в/амп отд прямой кишки', 4, -1, 2, NULL, 0, -1, -1, -1, -1, -1, '2014-05-20', -1, 3, -1, 'T3N1M0', 1, 2, '77710/13', NULL, 'test_user', '2014-10-11 20:02:10'),
(232, 233, 0, NULL, 'C-r сигмы   St III T3NxM0', 2, 6, -1, NULL, 0, -1, -1, -1, -1, -1, '2014-05-20', 4, 2, -1, 'St III T3NxM0', 1, 2, '7213-9', NULL, 'test_user', '2014-10-11 20:07:12'),
(233, 234, 0, NULL, 'C-r сигмы   St IIb T4N0M0', 2, 6, -1, NULL, 5, -1, -1, -1, -1, -1, '2014-04-01', 5, 3, 0, 'T4N0M0', 1, 2, '569-8', NULL, 'test_user', '2014-10-11 20:21:51'),
(235, 236, 0, NULL, 'C-r сигмы   St IV T3N2Mх  Mts в печень', 2, 6, -1, NULL, 0, -1, -1, -1, -1, -1, '2014-05-20', 4, 4, 1, 'St IV T3N2Mх', 1, 2, '1417', 'Mts в печень', 'test_user', '2014-10-13 03:14:54'),
(237, 238, 0, NULL, 'C-r сигмовидной кишки St IV T3N1M0', 2, 6, -1, NULL, 0, -1, -1, -1, -1, -1, '2014-05-20', 4, 3, 1, 'St IV T3N1M0', 1, 1, '2449-54/14', NULL, 'test_user', '2014-10-13 04:34:12'),
(238, 239, 0, NULL, 'C-r ректосигмоидного отдела толстой кишки St T4N1M0', 3, -1, 1, NULL, 5, -1, -1, -1, -1, -1, '2014-05-20', 5, 3, 1, 'St T4N1M0', 1, 1, '4905-14', NULL, 'test_user', '2014-10-13 04:37:23'),
(239, 240, 0, NULL, 'C-r н/ампулярного отдела прямой кишки   St II T3N0M0', 4, -1, 6, NULL, 0, -1, -1, -1, -1, -1, '2014-05-20', 4, 2, 0, 'St II T3N0M0', 1, 3, '13407-13', 'St II T3N0M0', 'test_user', '2014-10-13 04:40:53'),
(240, 241, 0, NULL, 'C-r ректосигмоидного отдела толстой кишки St IV T3N0M0 Mts в печень', 3, -1, 1, NULL, 0, -1, -1, -1, -1, -1, '2014-05-20', 4, 2, 0, 'St IV T3N0Mx', 1, 2, '1181-5', 'Mts в печень', 'test_user', '2014-10-13 04:43:33'),
(241, 242, 0, NULL, 'C-r сигмовидной кишки  St III T4NxM0', 2, 6, -1, NULL, 0, -1, -1, -1, -1, -1, '2014-05-22', 5, 3, -1, 'St III T4NxM0', 1, 2, '2907', NULL, 'test_user', '2014-10-13 04:47:06'),
(242, 243, 0, NULL, 'C-r ампулярного отдела прямой кишки St IV T3N0M1', 4, -1, 7, NULL, 6, -1, -1, -1, -1, -1, '2014-05-27', 4, 4, 0, 'St IV T3N0M1', 1, 2, '162266-75/13', 'Аденокарцинома с прорастанием серозы с Мтс в печень', 'test_user', '2014-10-13 04:51:00'),
(243, 244, 1, 'рак левой молочной железы', 'C-r первично-множетвенный рак. Рак левой молочной железы  St II T2N0M0', -1, -1, -1, NULL, 0, -1, -1, -1, -1, -1, '2014-05-27', 3, 2, 0, 'St II T2N0M0', 1, 3, '11672-73', NULL, 'test_user', '2014-10-13 04:54:36'),
(244, 245, 0, NULL, 'C-r анального канала  St III T4NxMx', 4, -1, 8, NULL, 3, -1, -1, -1, -1, -1, '2014-05-27', 5, -1, -1, 'St III T4NxMx', 2, 2, '18723-25', NULL, 'test_user', '2014-10-13 04:58:41'),
(245, 246, 1, 'рак правой молочной железы', 'Метахромный C-r правой  молочной железы St II T2N0M0', -1, -1, -1, NULL, 0, -1, -1, -1, -1, -1, '2014-05-27', 3, 1, 0, 'St II T2N0M0', 1, 2, '15784-85', NULL, 'test_user', '2014-10-13 05:04:29'),
(246, 247, 0, NULL, 'C-r рак селезеночного угла ободочной кишки  St III T4aN2M0', 2, 4, -1, NULL, 6, -1, -1, -1, -1, -1, '2014-05-27', 5, 3, 1, 'St III T4aN2M0', 1, 2, '6341-42', NULL, 'test_user', '2014-10-13 05:08:36'),
(247, 248, 1, 'с0ч сигмовидной кишки', 'C-r слепой кишки St III T4N1M0 C-r сигмовидной кишки St II', 1, -1, -1, NULL, 0, -1, -1, -1, -1, -1, '2014-05-27', 5, 3, 1, 'St II T4N1M0', 1, 2, '2907', NULL, 'test_user', '2014-10-13 05:12:12'),
(248, 249, 0, NULL, 'C-r в/ампулярного отдела прямой кишки  St T4N0Mx', 4, -1, 2, NULL, 6, -1, -1, -1, -1, -1, '2014-05-29', 5, -1, 0, 'St T4N0Mx', 1, 2, '40516', NULL, 'test_user', '2014-10-13 05:15:52'),
(249, 250, 0, NULL, 'C-r сигмовидной кишки', 2, 6, -1, NULL, 0, -1, -1, -1, -1, -1, '2014-05-29', 4, 3, -1, 'St III  T3NхM0', 1, 2, '16242-63/12', NULL, 'test_user', '2014-10-13 05:39:42'),
(250, 251, 0, NULL, 'с-r  верх/амп. отд. прямой кишки', 4, -1, 2, NULL, 0, -1, -1, -1, -1, -1, '2014-05-20', 4, 3, 1, 'St  III  T3N1Mo', 1, 2, '43151', NULL, 'test_user', '2014-10-13 05:42:00'),
(253, 254, 0, NULL, 'C-r ободочной кишки  St II T3N0M0', 2, -1, -1, NULL, 3, -1, -1, -1, -1, -1, '2014-05-29', 4, 2, 0, 'St II T3N0M0', 1, 1, '7809-15/05', NULL, 'test_user', '2014-10-13 06:32:20'),
(255, 256, 0, NULL, 'C-r  в/амп отдела кишки                St II  T4N0M0', -1, -1, 2, NULL, 6, -1, -1, -1, -1, -1, '2014-06-06', 5, 2, 0, 'St II  T4N0M0', 1, -1, '27608-10', NULL, 'test_user', '2014-10-13 06:38:45'),
(256, 257, 0, NULL, 'C-r прямой кишки                St III T3N1M0', 4, -1, 8, NULL, 0, -1, -1, -1, -1, -1, '2014-06-06', 4, 3, 1, 'St III T3N1M0', 1, 2, '1070-73/10', NULL, 'test_user', '2014-10-13 06:43:24'),
(257, 258, 0, NULL, 'C-r прямой кишки                St III T3N1M0', 4, -1, 8, NULL, 2, -1, -1, -1, -1, -1, '2014-06-06', 4, 3, 1, 'St III T3N1M0', 1, 2, '213-17/13', 'Мтс в печень', 'test_user', '2014-10-13 06:46:11'),
(258, 259, 0, NULL, 'C-r исходяшего отдела толстой кишки             St III b  T4NxM0', 2, 5, -1, NULL, 6, -1, -1, -1, -1, -1, '2014-06-06', 5, 3, -1, 'St III b  T4NxM0', 1, -1, '7386-90/14', NULL, 'test_user', '2014-10-13 06:49:13'),
(259, 260, 0, NULL, 'C-r восход отдела тостой кишки                 St III  T3NxM0', 2, 1, -1, NULL, 0, -1, -1, -1, -1, -1, '2014-06-06', 4, 3, -1, 'St III  T3NxM0', 1, 1, '716-18/14', NULL, 'test_user', '2014-10-13 06:55:26'),
(260, 261, 0, NULL, 'C-r  слепый восходящей кишки                St III T4N1M0', 2, 1, -1, NULL, 3, -1, -1, -1, -1, -1, '2014-06-06', 5, 3, 1, 'St III T4N1M0', 1, 2, '410-19/14  411', NULL, 'test_user', '2014-10-13 06:58:58'),
(261, 262, 0, NULL, 'C-r слепой кишки                St III T3N1M0', 1, -1, -1, NULL, 0, -1, -1, -1, -1, -1, '2014-06-06', 4, 3, 1, 'St III T3N1M0', 1, 2, '6390-97/14', NULL, 'test_user', '2014-10-13 07:02:04'),
(262, 263, 0, NULL, 'C-r толстой кишки                St IV  T3N1M1', -1, -1, -1, NULL, 0, -1, -1, -1, -1, -1, '2014-06-06', 4, 4, 1, 'St IV  T3N1M1', 1, 2, '5445-48', NULL, 'test_user', '2014-10-13 07:04:45'),
(263, 264, 0, NULL, 'C-r прямой кишки                St IV T2NxM1', 4, -1, 8, NULL, 0, -1, -1, -1, -1, -1, '2014-06-06', 3, 4, -1, 'St IV T2NxM1', 1, 2, '2934-39/14', NULL, 'test_user', '2014-10-13 08:16:51'),
(264, 265, 0, NULL, 'C-r средне ампулярной части прямой кишки St IV T4N1M1', 4, -1, 4, NULL, 0, -1, -1, -1, -1, -1, '2014-06-06', 5, 4, 1, 'St IV T4N1M1', 1, 2, '23341/14', NULL, 'test_user', '2014-10-13 08:20:11'),
(265, 266, 0, NULL, 'C-r толстой кишки      St II T2N0M0', -1, -1, -1, NULL, 0, -1, -1, -1, -1, -1, '2014-06-06', 3, 2, 0, 'St II T2N0M0', 1, 2, '1387-80', NULL, 'test_user', '2014-10-13 08:22:20'),
(266, 267, 0, NULL, 'C-r печеночного угла ободочной кишки St III T3NxM0', 2, 2, -1, NULL, 0, -1, -1, -1, -1, -1, '2014-06-06', 4, 3, -1, 'St III T3NxM0', 1, 1, '17109-19/13', NULL, 'test_user', '2014-10-13 08:24:51'),
(267, 268, 0, NULL, 'C-r прямой кишки  St II T3N0M0', 4, -1, 8, NULL, 0, -1, -1, -1, -1, -1, '2014-06-06', 4, 2, 0, NULL, 1, 3, '10003-10', NULL, 'test_user', '2014-10-13 08:26:47'),
(268, 269, 0, NULL, 'C-r прямой кишки  St III b T4N1M0', 4, -1, 8, NULL, 3, -1, -1, -1, -1, -1, '2014-06-06', 5, 3, 1, 'St IIIb  T4N1M0', 1, 2, '21458-67/13', NULL, 'test_user', '2014-10-13 08:29:35'),
(269, 270, 0, NULL, 'C-r прямой кишки', 4, -1, 8, NULL, 3, -1, -1, -1, -1, -1, '2014-06-06', 5, 3, 0, 'St IIb  T4N0M0', 1, 2, '4333-7/13', NULL, 'test_user', '2014-10-13 08:31:36'),
(270, 271, 0, NULL, 'C-r  ректосигмоидного отдела толстой кишки  St II T4N0M0', 3, -1, 1, NULL, 0, -1, -1, -1, -1, -1, '2014-06-06', 5, 2, 0, 'St II T4N0M0', 1, 2, '15045/12', NULL, 'test_user', '2014-10-13 08:35:00'),
(271, 272, 0, NULL, 'C-r верхниамп отдела прямой кишки  St III b', 4, -1, 2, NULL, 0, -1, -1, -1, -1, -1, '2014-06-06', 4, 3, -1, 'St  III  T3NxMo', 1, -1, '60653/14', NULL, 'test_user', '2014-10-13 08:41:20'),
(272, 273, 0, NULL, 'C-r печеного угла ободочной кишки  St IV T3N1M1 Мтс в печень', 2, 2, -1, NULL, 0, -1, -1, -1, -1, -1, '2014-06-06', 4, 4, 1, 'St IV T3N1M1', 1, 1, '30154/14', NULL, 'test_user', '2014-10-13 08:44:07'),
(273, 274, 0, NULL, 'с-r  сигмовидной кишки', 2, 6, -1, NULL, 4, -1, -1, -1, -1, -1, '2014-06-17', -1, -1, -1, NULL, 1, 3, '7488/13', NULL, 'test_user', '2014-10-13 08:48:09'),
(274, 275, 0, NULL, 'с-r  сигмовидной кишки', 2, 5, -1, NULL, 6, -1, -1, -1, -1, -1, '2014-06-17', -1, -1, -1, 'St III', 1, 2, '13304/13', NULL, 'test_user', '2014-10-13 08:51:09'),
(275, 276, 0, NULL, 'с-r поперечно-ободочной кишки', 2, 3, -1, NULL, 0, -1, -1, -1, -1, -1, '2014-06-17', 4, -1, -1, 'St  III  T3NxMx', 1, -1, '3367/13', NULL, 'test_user', '2014-10-13 08:52:51'),
(277, 278, 0, NULL, 'С-ч слепой кишки', 1, -1, -1, NULL, 0, -1, -1, -1, -1, -1, '2014-06-17', 4, -1, -1, 'St  III  T3NxMx', 1, -1, '1076/13', NULL, 'test_user', '2014-10-13 08:55:46'),
(278, 279, 0, NULL, 'C-r сигмовидной кишки', 2, 6, -1, NULL, 3, -1, -1, -1, -1, -1, '2014-06-17', -1, -1, -1, NULL, 1, -1, '5272/13', NULL, 'test_user', '2014-10-13 08:57:23'),
(279, 280, 0, NULL, 'C-r ректосигмоидного отдела', 3, -1, 1, NULL, 0, -1, -1, -1, -1, -1, '2014-06-17', -1, -1, -1, NULL, 1, -1, '294/13', NULL, 'test_user', '2014-10-13 08:59:42'),
(280, 281, 0, NULL, 'с-r  сигмовидной кишки', 2, 6, -1, NULL, 0, -1, -1, -1, -1, -1, '2014-06-17', 4, -1, -1, 'St III TхNх', 1, -1, '8009/13', NULL, 'test_user', '2014-10-13 09:01:18'),
(281, 282, 0, NULL, 'C-r ректосигмоидного отдела', 3, -1, 1, NULL, 0, -1, -1, -1, -1, -1, '2014-06-17', -1, -1, -1, NULL, 1, -1, '1707/13', NULL, 'test_user', '2014-10-13 09:03:01'),
(282, 283, 0, NULL, 'С-ч прямой кишки', 4, -1, 8, NULL, 0, -1, -1, -1, -1, -1, '2014-06-17', -1, -1, -1, NULL, 1, -1, '10200', NULL, 'test_user', '2014-10-13 09:04:23'),
(283, 284, 0, NULL, 'С-ч прямой кишки', 4, -1, 8, NULL, 0, -1, -1, -1, -1, -1, '2014-06-17', -1, -1, -1, NULL, 1, -1, '208/13', NULL, 'test_user', '2014-10-13 09:05:53'),
(284, 285, 0, NULL, 'C-r сигмовидной кишки', 2, 6, -1, NULL, 0, -1, -1, -1, -1, -1, '2014-06-17', -1, -1, -1, NULL, 1, -1, '5136/13', NULL, 'test_user', '2014-10-13 09:07:31'),
(285, 286, 0, NULL, 'с-r  сигмовидной кишки', 2, 6, -1, NULL, 0, -1, -1, -1, -1, -1, '2014-06-17', -1, -1, -1, NULL, 1, -1, '3638', NULL, 'test_user', '2014-10-13 09:09:19'),
(286, 287, 0, NULL, 'C-r сигмовидной кишки', 2, 6, -1, NULL, 0, -1, -1, -1, -1, -1, '2014-06-17', -1, -1, -1, NULL, 1, -1, '336/14', NULL, 'test_user', '2014-10-13 09:12:37'),
(287, 288, 0, NULL, 'C-r сигмовидной кишки', 2, 6, -1, NULL, 6, -1, -1, -1, -1, -1, '2014-06-17', -1, -1, -1, NULL, 1, -1, '1576', NULL, 'test_user', '2014-10-13 09:14:04'),
(288, 289, 0, NULL, 'с-r  сигмовидной кишки', 2, 6, -1, NULL, 0, -1, -1, -1, -1, -1, '2014-06-17', -1, -1, -1, NULL, 1, -1, '3128-32', NULL, 'test_user', '2014-10-13 09:16:22'),
(289, 290, 0, NULL, 'C-r сигмовидной кишки', 2, 6, -1, NULL, 0, -1, -1, -1, -1, -1, '2014-06-17', -1, -1, -1, NULL, 1, -1, '9178', NULL, 'test_user', '2014-10-13 09:17:39'),
(290, 291, 0, NULL, 'C-r ректосигмоидного отдела толстой кишечника St IV  T4N1M1', 3, -1, 1, NULL, 0, -1, -1, -1, -1, -1, '2014-06-20', 5, 4, 1, 'St IV  T4N1M1', 1, 2, '1128/14', NULL, 'test_user', '2014-10-13 09:29:39'),
(291, 292, 0, NULL, 'С-r  прямой кишки St III T4NxMo', 4, -1, 8, NULL, 0, -1, -1, -1, -1, -1, '2014-06-20', 5, 3, -1, 'St III T4NxMo', 1, 2, '29465-66', NULL, 'test_user', '2014-10-13 09:40:52'),
(292, 293, 0, NULL, 'C-r ректосигмоидного отдела толстой кишки   St I T1N0M0', 3, -1, 1, NULL, 0, -1, -1, -1, -1, -1, '2014-06-20', 2, 1, 0, 'St I T1N0M0', 1, 2, '8239/13', NULL, 'test_user', '2014-10-13 09:44:22'),
(293, 294, 0, NULL, 'C-r сигмовидной кишки    St III T4NxMx', 2, 6, -1, NULL, 0, -1, -1, -1, -1, -1, '2014-06-20', 5, -1, -1, 'St III T4NxMx', 1, 2, '865/14', NULL, 'test_user', '2014-10-13 09:48:00'),
(294, 295, 0, NULL, 'C-r прямой кишки                St IV T4N2Mx', 4, -1, 8, NULL, 0, -1, -1, -1, -1, -1, '2014-06-20', 5, 3, 1, 'St IV T4N2Mx', 1, 2, '2787-88', NULL, 'test_user', '2014-10-13 09:51:47'),
(295, 296, 0, NULL, 'C-r сигмовидной кишки         St III T3N1M0', 2, 6, -1, NULL, 3, -1, -1, -1, -1, -1, '2014-06-20', 4, 3, 1, 'St III T3N1M0', 1, 1, '5938-34', NULL, 'test_user', '2014-10-13 09:55:03'),
(296, 297, 0, NULL, 'C-r селезночного угла ободочной кишки   St III  T4aNxM0', 2, 4, -1, NULL, 5, -1, -1, -1, -1, -1, '2014-06-21', 5, 3, -1, 'St III  T4aNxM0', 1, 2, '40730-31', NULL, 'test_user', '2014-10-13 09:59:41'),
(297, 298, 0, NULL, 'C-r рак прямой кишки    St IV T4bN2bM1', 4, -1, 8, NULL, 0, -1, -1, -1, -1, -1, '2014-06-21', -1, 4, 1, 'St IV T4bN2bM1', 1, 2, '23514-16', NULL, 'test_user', '2014-10-13 10:02:14'),
(298, 299, 0, NULL, 'C-r рак прямой кишки    Ст.II A T2N0M0', 4, -1, 8, NULL, 6, -1, -1, -1, -1, -1, '2014-06-21', 3, 2, 0, 'Ст.II A T2N0M0', 1, -1, '2053-56', NULL, 'test_user', '2014-10-13 10:04:55'),
(299, 300, 0, NULL, 'C-r рак прямой кишки', 4, -1, 8, NULL, 0, -1, -1, -1, -1, -1, '2014-06-21', 5, 3, 0, 'StIII T4N0M0', 1, 2, '1953', NULL, 'test_user', '2014-10-13 10:08:42'),
(300, 301, 0, NULL, 'C-r рак прямой кишки', 4, -1, 8, NULL, 0, -1, -1, -1, -1, -1, '2014-06-21', 5, 3, 0, 'St III T4N0M0', 1, 2, '934/14', NULL, 'test_user', '2014-10-13 14:05:35'),
(301, 302, 0, NULL, 'C-r рак прямой кишки', 4, -1, 8, NULL, 0, -1, -1, -1, -1, -1, '2014-06-21', 4, 3, 1, 'St III T3N1M0', 1, 2, '1635-36', NULL, 'test_user', '2014-10-14 03:55:13'),
(302, 303, 0, NULL, 'C-r сигмовидной кишки            St IIb  T4N0M0', 2, 6, -1, NULL, 0, -1, -1, -1, -1, -1, '2014-07-01', 5, 3, 0, 'St IIb  T4N0M0', 1, 2, '30999/14', NULL, 'test_user', '2014-10-14 03:57:38'),
(303, 304, 0, NULL, 'C-r  слепой кишки', 1, -1, -1, 'ОЛ и 6 курсов АХТ', 3, -1, -1, -1, -1, -1, '2014-07-01', 5, 3, 1, 'C 4p  T4N2xMo      G2    StIII', 1, -1, '50490  слизистая аденокар', 'Mts в забрюшинные л/узлы', 'test_user', '2014-10-14 03:59:50'),
(304, 305, 0, NULL, 'C-r слепой кишки  St III T4N1M0', 1, -1, -1, NULL, 6, -1, -1, -1, -1, -1, '2014-07-01', 5, 3, 1, 'St III T4N1M0', 1, 2, '5332-39', NULL, 'test_user', '2014-10-14 04:02:40'),
(305, 306, 0, NULL, 'C-r ректосигмоидного отдела тостого кичешника Мтс печень', 3, -1, 1, NULL, 0, -1, -1, -1, -1, -1, '2014-07-01', -1, 4, -1, NULL, 1, 3, '14477-78/12', NULL, 'test_user', '2014-10-14 04:05:18'),
(306, 307, 0, NULL, 'C-r ректосигмоидного отдела толстого кишки  St III T3NxM0', 3, -1, 1, NULL, 0, -1, -1, -1, -1, -1, '2014-07-02', 4, 3, -1, 'St III T3NxM0', 1, 2, '13236', 'Мтс в печень', 'test_user', '2014-10-14 04:08:05'),
(307, 308, 0, NULL, 'C-r прямой кишки.            St III  pT4N1M0', 4, -1, 8, NULL, 0, -1, -1, -1, -1, -1, '2014-07-02', 5, 3, 1, 'St III  pT4N1M0', 1, 3, '10401-3', NULL, 'test_user', '2014-10-14 04:10:59'),
(308, 309, 0, NULL, 'C-r прямой кишки Mts в печень               St III T4NxM0', 4, -1, 8, NULL, 0, -1, -1, -1, -1, -1, '2014-07-02', 5, 3, -1, NULL, 1, -1, '3615-7', NULL, 'test_user', '2014-10-14 04:13:09'),
(309, 310, 0, NULL, 'C-r сигмовидной кишки St IIA  T3N0M0', 2, 6, -1, NULL, 1, -1, -1, -1, -1, -1, '2014-07-02', 4, 2, 0, NULL, 1, 2, '6896/13', NULL, 'test_user', '2014-10-14 04:15:51'),
(310, 311, 0, NULL, 'C-r  восходящего отдела толстого кишечника     St III T3NxM0', 2, 1, -1, NULL, 6, -1, -1, -1, -1, -1, '2014-07-02', 4, 2, -1, 'St III T3NxM0', 1, -1, '6607/14', NULL, 'test_user', '2014-10-14 04:20:00'),
(311, 312, 0, NULL, 'C-r сигмовидной кишки    St IV T4N0M1 Мтс в печень', 2, 6, -1, NULL, 0, -1, -1, -1, -1, -1, '2014-07-02', 5, 4, -1, 'St IV T4NхM1', 1, 2, '17607', NULL, 'test_user', '2014-10-14 04:22:45'),
(312, 313, 0, NULL, 'C-r  нижнее ампулярной части прямой кишки.  St IIА  T3N0M0', 4, -1, 6, NULL, 0, -1, -1, -1, -1, -1, '2014-07-02', 4, 2, 0, 'St IIА  T3N0M0', 1, 2, '43448', NULL, 'test_user', '2014-10-14 04:25:47'),
(313, 314, 0, NULL, 'C-r  прямой кишки                St III   pT4N1M0', 4, -1, 8, NULL, 0, -1, -1, -1, -1, -1, '2014-07-21', 5, 3, 1, NULL, 1, -1, '5082/14', NULL, 'test_user', '2014-10-14 04:29:01'),
(314, 315, 0, NULL, 'C-r  ректосигмоидного отдела толстой кишки    St IV', 3, -1, 1, NULL, 0, -1, -1, -1, -1, -1, '2014-07-21', 5, 4, -1, 'St IV T4NxM1', 1, 2, '27833/14', NULL, 'test_user', '2014-10-14 04:32:52'),
(315, 316, 0, NULL, 'C-r сигмовидной кишки                 St II  T4N0M0', 2, 6, -1, NULL, 0, -1, -1, -1, -1, -1, '2014-07-21', 5, 3, 0, NULL, -1, -1, '20115-17;  4704-05/13', NULL, 'test_user', '2014-10-14 04:40:42'),
(316, 317, 0, NULL, 'C-r  сигмовидной кишки                 St  III T4N0Mх', 2, 6, -1, NULL, 6, -1, -1, -1, -1, -1, '2014-07-21', 5, 3, 0, NULL, 1, -1, '6013-15;  516-17/14', NULL, 'test_user', '2014-10-14 04:44:44'),
(317, 318, 0, NULL, 'C-r средне ампулярного отдела прямой кишки  St I  T2N0M0', 4, -1, 4, NULL, 0, -1, -1, -1, -1, -1, '2014-07-21', 3, 1, 0, NULL, 1, 2, '1715', NULL, 'test_user', '2014-10-14 04:48:37'),
(318, 319, 0, NULL, 'C-r сигмовидной кишки                St III T4N1Mх', 2, 6, -1, NULL, 0, -1, -1, -1, -1, -1, '2014-07-21', 5, 3, 1, NULL, 1, 2, '5796', NULL, 'test_user', '2014-10-14 04:51:56'),
(319, 320, 0, NULL, 'C-r средне ампулярного отдела прямой кишки    St IV T3N3M1 Мтс в печень', 4, -1, 4, NULL, 0, -1, -1, -1, -1, -1, '2014-07-21', 4, 4, 1, NULL, 1, 2, '4963', NULL, 'test_user', '2014-10-14 04:56:58'),
(320, 321, 0, NULL, 'C-r слепой кишки                St III T3N1M0', 1, -1, -1, NULL, 0, -1, -1, -1, -1, -1, '2014-07-21', 4, 3, 1, NULL, 1, 1, '5689', NULL, 'test_user', '2014-10-14 04:59:37'),
(321, 322, 0, NULL, 'C-r прямой кишки St II T4N0M0', 4, -1, 8, NULL, 0, -1, -1, -1, -1, -1, '2014-07-21', 5, 3, 0, NULL, 1, 2, '14323', NULL, 'test_user', '2014-10-14 05:02:15'),
(322, 323, 0, NULL, 'C-r прямой кишки. St IV T3NxM1', 4, -1, 8, NULL, 2, -1, -1, -1, -1, -1, '2014-07-21', 4, 4, -1, NULL, 1, -1, '11200/14', NULL, 'test_user', '2014-10-14 05:05:30'),
(323, 324, 0, NULL, 'C-r  прямой кишки St II T3N0M0', 4, -1, 8, NULL, 0, -1, -1, -1, -1, -1, '2014-07-21', 4, 2, 0, NULL, 1, 2, '22067-69', NULL, 'test_user', '2014-10-14 05:07:51'),
(324, 325, 0, NULL, 'C-r слепой кишки.  St IV  T3NхM1 Mts в печень легкие', 1, -1, -1, NULL, 0, -1, -1, -1, -1, -1, '2014-07-24', 4, 4, -1, NULL, 1, -1, '11404/14', NULL, 'test_user', '2014-10-14 05:10:36'),
(325, 326, 0, NULL, 'рак толстой кишки', -1, -1, -1, NULL, 0, -1, -1, -1, -1, -1, '2014-07-24', -1, -1, -1, NULL, 1, 2, '810', NULL, 'test_user', '2014-10-14 05:14:17'),
(326, 327, 0, NULL, 'C-r прямой кишки     St III', 4, -1, 8, NULL, 0, -1, -1, -1, -1, -1, '2014-07-24', -1, 3, -1, NULL, 1, 2, '888', NULL, 'test_user', '2014-10-14 05:16:13'),
(327, 328, 0, NULL, 'C-r прямой кишки St III', 4, -1, 8, NULL, 0, -1, -1, -1, -1, -1, '2014-07-24', -1, 3, -1, NULL, 1, 2, '960', NULL, 'test_user', '2014-10-14 05:18:15'),
(328, 329, 0, NULL, 'C-r рак селезеночного угла ободочной кишки St IIIB T4N1M0', 2, 4, -1, NULL, 6, -1, -1, -1, -1, -1, '2014-07-29', 5, 3, 1, NULL, 1, 1, '42607-08/13;  4176/14', NULL, 'test_user', '2014-10-14 05:22:36'),
(329, 330, 0, NULL, 'C-r прямой кишки    St III T4NхM0', 4, -1, 8, NULL, 0, -1, -1, -1, -1, -1, '2014-07-29', 5, 3, -1, NULL, 1, -1, '37146-48;  3664/13', NULL, 'test_user', '2014-10-14 05:25:19'),
(330, 331, 0, NULL, 'C-r слепой кишки T4NxM1', 1, -1, -1, NULL, 0, -1, -1, -1, -1, -1, '2014-07-29', 5, 4, -1, NULL, 1, 2, '30604-07;  2477/14', NULL, 'test_user', '2014-10-14 05:27:33'),
(331, 332, 0, NULL, 'C-r сигмовидной кишки       St IIIc  T1NnM0', 2, 6, -1, NULL, 5, -1, -1, -1, -1, -1, '2014-07-29', 2, 3, 1, NULL, 1, 2, '9872-75/14', NULL, 'test_user', '2014-10-14 05:30:12'),
(332, 333, 0, 'нет', 'C-r ректосигмоидного отдела Mts в печень  St IV T3N1M1', 3, -1, 1, NULL, 4, -1, -1, -1, -1, -1, '2014-07-29', 4, 4, 1, NULL, 1, 2, '9218-21/14', NULL, 'test_user', '2014-10-14 05:32:59'),
(333, 334, 0, 'нет', 'C-r ректосигмоидного отдела St IIIc T4N1Mx', 4, -1, 1, NULL, 0, -1, -1, -1, -1, -1, '2014-07-29', 5, 3, 1, NULL, 1, 2, '9876-79/14', NULL, 'test_user', '2014-10-14 05:35:47'),
(334, 335, 0, 'нет', 'C-r сигмовидный кишки St III T3NхM0', 2, 6, -1, NULL, 0, -1, -1, -1, -1, -1, '2014-07-29', 4, 3, 0, NULL, 1, 2, '7777-80/14', NULL, 'test_user', '2014-10-14 05:37:31'),
(335, 337, 0, 'нет', 'C-r ректосигмоидного отдела толстой кишки StII  Mts в', 3, -1, 1, NULL, 0, -1, -1, -1, -1, -1, '2014-08-05', 5, 2, 0, 'St  II  T4NoMo', 1, 3, '13244/13', NULL, 'test_user', '2014-10-14 06:47:18'),
(336, 338, 0, 'нет', 'C-r  прямой кишки  St III  T4N1M0', 4, -1, 8, NULL, 0, -1, -1, -1, -1, -1, '2014-08-05', 5, 3, 1, NULL, 1, 2, '3045', NULL, 'test_user', '2014-10-14 06:49:40'),
(337, 339, 0, 'нет', 'C-r  попереч.обод кишки  St IV T3N0M0', 2, 3, -1, NULL, 0, -1, -1, -1, -1, -1, '2014-08-05', 4, 2, 0, 'T3N0M0', 1, 1, '54734/14', NULL, 'test_user', '2014-10-14 06:51:35'),
(338, 340, 0, 'нет', 'C-r прямой кишки  St III C  T4N2M0', 4, -1, 8, NULL, 0, -1, -1, -1, -1, -1, '2014-08-05', 5, 3, 1, NULL, 1, 2, '2985-87/14', NULL, 'test_user', '2014-10-14 06:53:40'),
(339, 341, 0, 'нет', 'C-r верхне ампулярного отдела прямой кишки  St IIB T4N0M0', 4, -1, 2, NULL, 4, -1, -1, -1, -1, -1, '2014-08-05', 5, 3, 0, 'St  II  T4N0Mo', 1, 2, '38875-93/14', NULL, 'test_user', '2014-10-14 06:56:25'),
(340, 342, 0, 'нет', 'C-r ободочная кишка St IV T4NxM1', 2, -1, -1, NULL, 0, -1, -1, -1, -1, -1, '2014-08-07', 5, 4, -1, NULL, 1, 2, '14118-133', NULL, 'test_user', '2014-10-14 06:59:12'),
(341, 343, 0, 'нет', 'C-r ректосигмоидного отдела толстой кишки  St IV Mts в печень', 3, -1, 1, NULL, 0, -1, -1, -1, -1, -1, '2014-08-07', 4, 4, -1, 'St IV T3NxM1', 1, 2, '46655-60', NULL, 'test_user', '2014-10-14 07:00:54'),
(342, 344, 0, 'нет', 'C-r среднеампулярной части прямой кишки St IIA  T3N0M0', 4, -1, 4, NULL, 1, -1, -1, -1, -1, -1, '2014-08-07', 4, 2, 0, NULL, 1, 1, '41607-617', NULL, 'test_user', '2014-10-14 08:06:47'),
(344, 346, 0, 'нет', 'C-r средне ампулярного отдела прямой кишки Mts в печень     St IV T3N0M1', 4, -1, 4, NULL, 0, -1, -1, -1, -1, -1, '2014-08-07', 5, 4, -1, NULL, 1, 2, '15615', NULL, 'test_user', '2014-10-14 08:10:15'),
(345, 347, 0, NULL, 'C-r сигмовидного кишки                St III T3N1M0', 2, 6, -1, NULL, 0, -1, -1, -1, -1, -1, '2014-08-07', 4, 3, 1, 'St III T3N1M0', 1, 2, '71487-500/13', 'МТС  забрюш. л/у', 'test_user', '2014-10-14 08:12:50'),
(346, 348, 0, 'Темноклеточная аденокарцинома с прорастанием всех слоёв', 'C-r ректосигмоидного отдела             St III T4N1M0', 3, -1, 1, NULL, 6, -1, -1, -1, -1, -1, '2014-08-07', 5, 3, 1, 'St III T4N1M0', 1, -1, '20613-28/14', 'Темноклеточная аденокарцинома с прорастанием всех слоёв', 'test_user', '2014-10-14 08:14:28'),
(347, 349, 0, NULL, 'C-r слепой кишки                St III T3N1M0', 1, -1, -1, NULL, 5, -1, -1, -1, -1, -1, '2014-08-07', 4, 3, 1, 'St III T3N1M0', 1, 2, '1130-70/14', NULL, 'test_user', '2014-10-14 08:16:54'),
(348, 350, 0, 'нет', 'С-r сигмовидной кишки                St IIA T3N0M0', 2, 6, -1, NULL, 5, -1, -1, -1, -1, -1, '2014-08-12', 4, 3, 0, 'St IIA T3N0M0', 1, 2, '39684-94/14', NULL, 'test_user', '2014-10-14 08:19:38'),
(349, 351, 0, 'нет', 'С-r среднеампуярного отдела прямой кишки  St IIIB T4N1M0', 4, -1, 4, NULL, 1, -1, -1, -1, -1, -1, '2014-08-12', 5, 3, 1, 'T4N1M0', 1, 1, '34641-60/14', NULL, 'test_user', '2014-10-14 08:22:13'),
(350, 352, 0, 'нет', 'C-r ректосигмоидного отдела прямой кишки  St IV  T3N0MI  множественные мтс в печени', 3, -1, 1, NULL, 0, -1, -1, -1, -1, -1, '2014-08-12', 4, 4, 0, NULL, 1, 2, '23105/14', NULL, 'test_user', '2014-10-14 08:24:58'),
(351, 353, 0, 'нет', 'C-r восходящей ободочной кишки  St IIIC T4бN1сM0', 2, 1, -1, NULL, 3, -1, -1, -1, -1, -1, '2014-08-12', 6, 3, 1, NULL, 1, 3, '28231-3', NULL, 'test_user', '2014-10-14 08:27:26'),
(352, 354, 0, 'нет', 'C-r прямой кишки       St II T3N0M0', 4, -1, 8, NULL, 0, -1, -1, -1, -1, -1, '2014-08-12', -1, 2, 0, NULL, 1, 2, '2576/13', NULL, 'test_user', '2014-10-14 08:29:48'),
(353, 355, 0, 'нет', 'C-r сигмовидной кишки           St IIIA T3N1M0', 2, 6, -1, NULL, 0, -1, -1, -1, -1, -1, '2014-08-12', 4, 3, 1, NULL, 1, 1, '13437-13442/11', NULL, 'test_user', '2014-10-14 08:31:36'),
(354, 356, 0, 'нет', 'C-r в/ампулярного отдела прямой кишки St II T4N0M0', 4, -1, 2, NULL, 0, -1, -1, -1, -1, -1, '2014-08-26', 5, 2, 0, NULL, 1, 3, '8895-8897/14', NULL, 'test_user', '2014-10-14 08:34:11'),
(355, 357, 0, 'нет', 'C-r  нисходящего отдела ободочной кишки St III T3N1M0', 2, 5, -1, NULL, 0, -1, -1, -1, -1, -1, '2014-08-28', 4, 3, 1, NULL, 1, 3, '18569-72', NULL, 'test_user', '2014-10-14 08:36:41'),
(356, 358, 0, 'нет', 'C-r сигмовидного кишки St  IV T3NxM1', 2, 6, -1, NULL, 0, -1, -1, -1, -1, -1, '2014-08-28', 4, 4, -1, 'St IV T3NxM1', 1, 2, '639/14', 'Mts в печень', 'test_user', '2014-10-14 08:38:51'),
(357, 359, 1, 'C-r яичников StA', 'c-r  St IV    C-r ободочной кишки(слепой кишки?)', 2, 1, -1, NULL, 0, -1, -1, -1, -1, -1, '2014-09-03', -1, 4, -1, NULL, 1, 2, '16088', 'St IV', 'test_user', '2014-10-14 08:40:57'),
(358, 360, 0, 'нет', 'C-r прямой кишки  St IV T4N0M1   Дер. В печень', 4, -1, 8, NULL, 0, -1, -1, -1, -1, -1, '2014-09-17', 5, 4, 0, NULL, 1, 2, '3026/13', NULL, 'test_user', '2014-10-14 08:43:32'),
(359, 361, 0, 'нет', 'C-r прямой кишки', 4, -1, 8, NULL, 0, -1, -1, -1, -1, -1, '2014-09-17', -1, -1, -1, NULL, 1, 2, '7524/14', NULL, 'test_user', '2014-10-14 08:45:57'),
(360, 362, 0, 'нет', 'C-r прямой кишки   St IIIB T4aN1M0', 4, -1, 8, NULL, 0, -1, -1, -1, -1, -1, '2014-09-17', 5, 3, 1, NULL, 1, 2, '31276-79', NULL, 'test_user', '2014-10-14 08:48:30'),
(362, 365, 0, 'нет', 'C-r нижнеампулярного отдела  прямой кишки  St IV T4N0M1', 4, -1, 6, NULL, 0, -1, -1, -1, -1, -1, '2014-09-17', 5, 4, 0, NULL, 1, 2, '483662/14', NULL, 'test_user', '2014-10-14 08:56:42'),
(363, 366, 0, 'нет', 'Mts в  л/узел шеи', -1, -1, -1, NULL, 0, -1, -1, -1, -1, -1, '2014-09-17', -1, 4, -1, NULL, 1, 2, '49254-5; 28220-25/14', NULL, 'test_user', '2014-10-14 09:00:06'),
(364, 367, 0, 'нет', 'C-r сигмовидной кишки St III T4N1M0', 2, 6, -1, NULL, 0, -1, -1, -1, -1, -1, '2014-09-19', 5, 4, 1, 'St III T4N1M0', 1, 2, '49613-5/14', NULL, 'test_user', '2014-10-14 09:02:23'),
(365, 368, 0, NULL, 'C-r рак прямой кишки   St III  T3N1M0', 4, -1, 8, NULL, 0, -1, -1, -1, -1, -1, '2014-09-29', 4, 3, 1, NULL, 1, 2, '39186/13', 'St III  T3N1M0', 'test_user', '2014-10-14 09:04:26'),
(366, 369, 0, 'нет', 'C-r сигмовидной кишки', 2, 6, -1, 'операции и лечения не было', 6, -1, -1, -1, -1, -1, '2014-09-29', 1, 1, 0, 'St  I  T1NoMo', 1, 2, '52375/14;  8240/14', NULL, 'test_user', '2014-10-14 09:10:16'),
(367, 370, 0, NULL, 'C-r сигмовидной кишки St IV T3NXM1 Mts  в печень', 2, 6, -1, NULL, 3, -1, -1, -1, -1, -1, '2014-10-01', 4, 4, -1, 'St IV T3NxM1', 1, 2, '29217', 'Mts в печень', 'test_user', '2014-10-14 09:14:09'),
(368, 371, 0, NULL, 'C-r прямой кишки', 4, -1, -1, 'RRS биопсия', 5, -1, -1, -1, -1, -1, '2014-01-17', 5, 4, -1, 'St IV T4NxM1', 1, 2, '447-47-48/14', 'Mts в печень', 'test_user', '2014-10-17 09:21:43'),
(369, 372, 0, NULL, 'с-r  прямой кишки Mts в легкие', 4, -1, 8, 'RRS', 0, -1, -1, -1, -1, -1, '2014-05-06', 5, 4, -1, 'St IV T4NxM1', 1, 1, '5505-05-10/14', 'Mts в легкие', 'test_user', '2014-10-17 09:26:15'),
(370, 373, 0, 'нет', 'с-r сигмовидного отд. ободочной кишки', 2, 6, -1, NULL, 3, -1, -1, -1, -1, -1, '2014-06-19', 5, 4, -1, 'St IV T4NxM1', 1, 2, '8124-28/14', 'Mts в печень', 'test_user', '2014-10-17 09:32:12'),
(371, 374, 0, 'нет', 'С-r сигмовидной кишки', 2, 6, -1, 'операция Артмана', 3, -1, -1, -1, -1, -1, '2014-04-11', 5, 4, -1, 'St IV T4NxM1', 3, -1, '9613-15/14', 'Муцинозная аденокарцинома', 'test_user', '2014-10-17 09:36:30'),
(372, 375, 0, 'нет', 'С-r сигмовидной кишки', 2, 6, -1, NULL, 0, -1, -1, -1, -1, -1, '2014-09-18', 4, 4, 0, 'St IV T3NoM1', 1, 2, '13727-29-30/14', 'Аденокарцинома  G2', 'test_user', '2014-10-17 09:49:01'),
(373, 376, 1, 'C-r левой почки', 'C-r н/а отд прямой кишки', 4, -1, 6, '4 курса ПХТ', 0, -1, -1, -1, -1, -1, '2014-08-13', 4, 3, 1, 'St IV T3N1M0', 1, 2, '43996-8/14', NULL, 'test_user', '2014-10-17 09:55:19'),
(374, 377, 0, NULL, 'с-r  толстой кишки', 2, -1, -1, 'левост. гемиколоноэктомия', 0, -1, -1, -1, -1, -1, '2014-08-16', 4, 4, 1, 'St  III  T3N1M1', 1, 2, '4076-85/14', 'У/д аденкарцинома с прорастанием всех слоев', 'test_user', '2014-10-17 10:00:09'),
(375, 378, 0, 'нет', 'C-r прямой кишки   St IV T4N1M1', 4, -1, 8, NULL, 0, -1, -1, -1, -1, -1, '2014-06-10', 5, 4, 1, 'St IV T4N1M1', 3, -1, '7440-40-41/14', NULL, 'test_user', '2014-10-17 10:02:55'),
(376, 379, 0, NULL, 'с-r прямой кишки', 4, -1, 8, NULL, 0, -1, -1, -1, -1, -1, '2014-10-16', -1, -1, -1, NULL, 1, 2, '21414-7/12', NULL, 'test_user', '2014-12-06 17:28:36'),
(377, 380, 0, NULL, 'с-r прямой кишки', 4, -1, 8, NULL, 1, -1, -1, -1, -1, -1, '2014-10-16', -1, -1, -1, NULL, 1, 2, '20814-20-1/13', NULL, 'test_user', '2014-12-06 17:32:46'),
(378, 381, 0, 'нет', 'с-r сигмовидной  кишки', 2, 6, -1, NULL, 5, -1, -1, -1, -1, -1, '2014-10-16', -1, -1, -1, NULL, 1, 2, '4976-80/14', NULL, 'test_user', '2014-12-06 17:37:48'),
(379, 382, 0, 'нет', 'с-r  сигм отд. ободочной кишки', 2, 6, -1, NULL, 5, -1, -1, -1, -1, -1, '2014-10-20', 5, 3, -1, 'St  III  T4NxMo', 1, 2, '11620/14', NULL, 'test_user', '2014-12-06 18:22:40'),
(380, 383, 0, 'нет', 'с-r прямой кишки', 4, -1, 8, NULL, 0, -1, -1, -1, -1, -1, '2014-10-20', 6, 3, 1, 'St IIIC T4bN3M0', 1, 2, '4221/13', NULL, 'test_user', '2014-12-06 18:26:58'),
(381, 384, 0, 'нет', 'С-r ректосигмовидного отдела толстой кишки', 3, -1, 1, NULL, 0, -1, -1, -1, -1, -1, '2014-10-20', 4, 4, -1, 'St IV T3NxM1', 1, 2, '32181/13', NULL, 'test_user', '2014-12-06 18:33:28'),
(382, 385, 0, 'нет', 'с-r прямой кишки', 4, -1, 8, NULL, 0, -1, -1, -1, -1, -1, '2013-10-22', 4, 3, 0, 'St  III  T3NoMo', 1, 2, '9505-09/14', NULL, 'test_user', '2014-12-06 18:47:59'),
(383, 386, 0, 'нет', 'C-r прямой кишки', 4, -1, 8, NULL, -1, -1, -1, -1, -1, -1, '2014-10-22', 5, 4, 0, 'St IIIA T4N0M0             G2.', 1, 2, '1275/14', NULL, 'test_user', '2014-12-06 18:51:30'),
(384, 387, 0, 'нет', 'с-r прямой кишки', 4, -1, 8, NULL, 5, -1, -1, -1, -1, -1, '2014-10-22', 5, 4, -1, 'StVI NxM1', 1, 2, '55857/13', 'Мтс в печень', 'test_user', '2014-12-06 18:56:19'),
(385, 388, 0, 'нет', 'С-r ректосигмовидного отд  толстой кишки', 3, -1, 1, NULL, 3, -1, -1, -1, -1, -1, '2014-10-22', 5, 4, -1, 'St IV T4NxM1', 1, 2, '1351-65/14', NULL, 'test_user', '2014-12-06 19:00:38'),
(386, 389, 0, 'нет', 'с-r верхамп отд  прямой кишки', 4, -1, 2, NULL, 0, -1, -1, -1, -1, -1, '2014-10-22', 5, 2, 0, 'St  II  T4NoMo', 1, 2, '43911-13/14', NULL, 'test_user', '2014-12-06 19:06:47'),
(387, 390, 0, 'нет', 'С-r прямой кишки', 4, -1, 8, NULL, 5, -1, -1, -1, -1, -1, '2014-10-22', 4, 3, 1, 'St  III  T3N1Mo', 1, 2, '12474/14', NULL, 'test_user', '2014-12-08 16:18:49'),
(388, 391, 0, 'нет', 'С-r сред\\амп отд.прямой кишки', 4, -1, 4, NULL, 6, -1, -1, -1, -1, -1, '2014-10-22', 4, 3, -1, 'St  II  T3NxMx', 1, 2, '2100/14', NULL, 'test_user', '2014-12-08 16:28:49'),
(389, 392, 0, 'нет', 'С-r сигмовидной кишки', 2, 6, -1, NULL, 3, -1, -1, -1, -1, -1, '2014-10-22', 4, 4, -1, 'St IV T3NxM1', 1, 2, '15964-66', NULL, 'test_user', '2014-12-08 16:33:44'),
(390, 393, 0, 'нет', 'С-r сигмовидной кишки', 2, 6, -1, NULL, 6, -1, -1, -1, -1, -1, '2014-08-13', -1, -1, -1, NULL, 1, 1, '1355', NULL, 'test_user', '2014-12-08 16:42:51'),
(391, 394, 0, 'нет', 'с-r толстой кишки', -1, -1, -1, NULL, 0, -1, -1, -1, -1, -1, '2014-10-27', 4, 3, -1, NULL, 1, 2, '1497', NULL, 'test_user', '2014-12-08 16:46:37'),
(392, 395, 0, 'нет', 'С-r сигмовидной кишки', 2, 6, -1, NULL, 3, -1, -1, -1, -1, -1, '2014-07-14', 4, 3, -1, 'St  III', 1, 2, '1141', NULL, 'test_user', '2014-12-08 16:58:36'),
(393, 396, 0, 'нет', 'с-r прямой кишки', 4, -1, 8, NULL, 0, -1, -1, -1, -1, -1, '2014-09-24', -1, 3, -1, 'St III T3NxMх', 1, 2, '1645', NULL, 'test_user', '2014-12-08 17:01:57'),
(394, 397, 0, 'нет', 'С-r ректосигмовидного отд   кишки', 4, -1, 1, NULL, 0, -1, -1, -1, -1, -1, '2014-10-09', 3, 2, -1, 'StIINxMx', 1, 2, '1788', NULL, 'test_user', '2014-12-08 17:06:50'),
(395, 398, 0, 'нет', 'с-r нисх.отд. обод. кишки', 2, 5, -1, NULL, 0, -1, -1, -1, -1, -1, '2014-10-27', 3, 2, -1, NULL, 1, 2, '50763/14', NULL, 'test_user', '2014-12-08 17:11:27'),
(396, 399, 0, 'нет', 'С-r прямой кишки', 4, -1, 8, NULL, 3, -1, -1, -1, -1, -1, '2014-10-07', 5, 4, 1, 'St IV T4N2Mx', 1, 2, '4101/14', NULL, 'test_user', '2014-12-08 17:17:35'),
(397, 400, 0, 'нет', 'С-r прямой кишки', 4, -1, 8, NULL, 0, -1, -1, -1, -1, -1, '2014-09-29', 4, 3, 0, 'St  III  T3NoMo', 1, 2, '3818', NULL, 'test_user', '2014-12-08 17:20:25'),
(398, 401, 0, 'нет', 'С-r верх\\амп.отд прямой кишки', 4, -1, 2, NULL, 5, -1, -1, -1, -1, -1, '2014-02-27', 4, 4, -1, 'St IV T3NxM1', -1, -1, '4797/14', 'Карцинома', 'test_user', '2014-12-08 17:55:44'),
(399, 402, 0, 'нет', 'с-r нисх.отд. толстой кишки', 2, 5, -1, NULL, 0, -1, -1, -1, -1, -1, '2014-11-04', 5, 4, -1, 'St IV T4NxM1', 1, 2, '13363', 'Мтс в печень', 'test_user', '2014-12-09 08:31:30'),
(400, 403, 0, 'нет', 'С-r прямой кишки', 4, -1, 8, NULL, 5, -1, -1, -1, -1, -1, '2014-11-10', 5, 4, -1, 'St IV T4NxMo', 1, -1, '36056', 'слизеобразующая аденокарцинома', 'test_user', '2014-12-09 08:36:11'),
(401, 404, 0, 'нет', 'С-r прямой кишки', 4, -1, 8, NULL, 6, -1, -1, -1, -1, -1, '2014-11-10', 4, 3, -1, 'St  III  T3NxM1', 1, 2, '43502-504', 'Мтс в легкие', 'test_user', '2014-12-09 08:39:37'),
(402, 405, 0, 'нет', 'С-r ректосигмовид. отд. толстой  кишки', 3, -1, 1, NULL, 1, -1, -1, -1, -1, -1, '2014-11-13', 5, 4, -1, 'St IV T4NxM1', 1, 2, '47174-75', 'Мтс в легкие', 'test_user', '2014-12-09 17:05:16'),
(403, 406, 0, 'нет', 'С-r прямой кишки', 4, -1, 8, NULL, 5, -1, -1, -1, -1, -1, '2014-11-13', 5, 4, -1, 'St  II  T4NoM1', 1, 2, '46753-55', 'Мтс в печень', 'test_user', '2014-12-09 17:10:50'),
(404, 407, 0, 'нет', 'с-r селезеночного угла обод. кишки', 2, 4, -1, NULL, 0, -1, -1, -1, -1, -1, '2014-11-13', 4, 3, 1, 'St  III  T3N1Mo', 1, 2, '18592', NULL, 'test_user', '2014-12-09 17:17:15'),
(405, 408, 0, 'нет', 'С-r ср.амп. отд. прямой кишки', 4, -1, 4, NULL, 2, -1, -1, -1, -1, -1, '2014-11-13', 5, 4, 0, 'St  II B  T4NoMo', 1, 2, '59235', NULL, 'test_user', '2014-12-09 17:22:37'),
(406, 409, 0, 'нет', 'С-r прямой кишки', 4, -1, 8, NULL, 0, -1, -1, -1, -1, -1, '2014-11-19', 4, 3, 1, 'St  III  T3N1Mo', 1, 2, '45560-02', NULL, 'test_user', '2014-12-09 17:25:55'),
(407, 410, 0, 'нет', 'С-r сигмовидной кишки', 3, -1, 1, NULL, 5, -1, -1, -1, -1, -1, '2014-11-19', 4, 3, 1, 'St  III  T3N1Mx', 1, 2, '17166-9\\14', NULL, 'test_user', '2014-12-09 17:30:05'),
(408, 411, 0, 'нет', 'С-r слепой кишки', 1, -1, -1, NULL, 3, -1, -1, -1, -1, -1, '2014-11-19', 4, 3, 1, 'St  III  T3N1Mo', 1, 2, '12262-66/14', NULL, 'test_user', '2014-12-09 17:33:14'),
(409, 412, 0, 'нет', 'С-r прямой кишки', 4, -1, 8, NULL, 0, -1, -1, -1, -1, -1, '2014-11-19', 4, 3, -1, 'St III B T3NxM1', 1, 2, '12520-23/14', NULL, 'test_user', '2014-12-09 17:36:37'),
(410, 413, 0, 'нет', 'С-r слепой кишки', 1, -1, -1, NULL, 3, -1, -1, -1, -1, -1, '2014-11-19', 4, 3, 1, 'St  III  T4N1Mx', 1, 2, '13586-9/14', NULL, 'test_user', '2014-12-09 17:40:43'),
(411, 414, 0, 'нет', 'С-r сигмовидной кишки', 2, 6, -1, NULL, 4, -1, -1, -1, -1, -1, '2014-11-19', 4, 3, -1, 'St  IIIB  T3NxMo', 1, 2, '17371-74/14', NULL, 'test_user', '2014-12-09 17:45:51'),
(412, 415, 0, 'нет', 'С-r сигмовидной кишки', 2, 6, -1, NULL, 6, -1, -1, -1, -1, -1, '2014-11-19', 4, 3, 1, 'St  III  T3N1Mo', 1, 2, '21594-97/14', NULL, 'test_user', '2014-12-09 17:48:32'),
(413, 416, 0, NULL, 'С-r сигмовидной кишки', 2, 6, -1, NULL, 4, -1, -1, -1, -1, -1, '2014-11-19', 4, 2, 0, 'St  II  T3NoMo', 1, 2, '47124-25/14     3983', NULL, 'test_user', '2014-12-09 17:54:14'),
(414, 417, 0, NULL, 'с-r попер.обод. кишки', 2, 3, -1, NULL, 0, -1, -1, -1, -1, -1, '2014-11-19', 4, 4, -1, 'St IV T3NxM1', 3, 2, '13958', NULL, 'test_user', '2014-12-09 17:57:35'),
(415, 418, 0, NULL, 'рак толстого кишечникаT3N1Mx', -1, -1, -1, NULL, -1, -1, -1, -1, -1, -1, '2014-11-24', 4, 3, 1, 'St  III  T3N1Mx', 1, 2, NULL, NULL, 'test_user', '2014-12-09 18:00:19'),
(416, 419, 0, NULL, 'С-r слепой кишки', 1, -1, -1, NULL, 3, -1, -1, -1, -1, -1, '2014-11-24', 5, 3, 1, 'St  IIIB  T4N1Mo', 1, 2, '13279-82/12', NULL, 'test_user', '2014-12-09 18:04:24'),
(417, 420, 0, NULL, 'C-r восх.отд.обод. кишки', 2, 1, -1, NULL, 0, -1, -1, -1, -1, -1, '2014-11-24', 5, 4, -1, 'St III T4NxM1', 1, 2, '16195-98', NULL, 'test_user', '2014-12-09 18:07:01'),
(418, 421, 0, NULL, 'С-r нисход. отд.обод. кишки', 2, 5, -1, NULL, -1, -1, -1, -1, -1, -1, '2014-11-24', 5, -1, -1, 'St  III  T4NxMx', 1, 2, NULL, NULL, 'test_user', '2014-12-09 18:09:55'),
(419, 422, 0, NULL, 'с-r восх.отд.обод.кишки', 2, 1, -1, NULL, 5, -1, -1, -1, -1, -1, '2014-11-24', 5, -1, -1, 'St  III  T4NxMx', 1, 2, '21425-28', NULL, 'test_user', '2014-12-10 03:53:20'),
(420, 423, 0, NULL, 'С-r сигмовидной кишки', 2, 6, -1, NULL, 0, -1, -1, -1, -1, -1, '2014-11-26', 5, 3, 0, 'St  III  T4NoMo', 1, 2, '58260/14', NULL, 'test_user', '2014-12-10 15:38:22'),
(421, 424, 1, 'С-r   правого яичника, полип матки', 'С-r верх. амп. отд.прямой кишки', 4, -1, 2, NULL, 3, -1, -1, -1, -1, -1, '2014-01-08', 5, 4, 0, 'St IV T4NoM1', 1, 2, '593/14', 'Мтс в легкие,  в печень, темноклеточная', 'test_user', '2014-12-10 15:52:36'),
(422, 425, 0, NULL, 'с-r ректосигмовидного отд.толстой кишки', 3, -1, 1, NULL, 6, -1, -1, -1, -1, -1, '2014-11-26', 4, -1, -1, 'St  III  T3NxMx', 1, 2, '2403', NULL, 'test_user', '2014-12-10 16:01:47'),
(423, 426, 0, NULL, 'С-r сигмовидной кишки', 2, 6, -1, NULL, 0, -1, -1, -1, -1, -1, '2014-11-26', 4, -1, -1, 'St  III  T3NxMx', 1, 2, '16025/12', NULL, 'test_user', '2014-12-10 16:05:23'),
(424, 427, 0, NULL, 'С-r нижн. амп.отд.прямой кишки', 4, -1, 6, NULL, 0, -1, -1, -1, -1, -1, '2014-11-26', 4, 3, 1, 'St  II  T3N1Mx', 1, 2, '20248/14', 'слизеобразующая аденокарцинома', 'test_user', '2014-12-10 16:08:40'),
(425, 428, 0, NULL, 'С-r нижн.амп.отд. прямой кишки', 4, -1, 6, NULL, 0, -1, -1, -1, -1, -1, '2014-11-26', 4, 3, 1, 'St  II  T3N1Mo', 1, 2, '20310/14', NULL, 'test_user', '2014-12-10 16:12:29'),
(426, 429, 0, NULL, 'С-r верх.амп.отд.прямой кишки', 4, -1, 2, NULL, 0, -1, -1, -1, -1, -1, '2014-11-26', 4, 4, 0, 'St IV T3NoM1', 1, 2, '14838/14', NULL, 'test_user', '2014-12-10 16:16:53'),
(427, 430, 0, NULL, 'С-r прямой кишки', 4, -1, 8, NULL, 0, -1, -1, -1, -1, -1, '2014-11-26', 5, 4, -1, 'St IV T4NxM1', 1, 2, '32667', NULL, 'test_user', '2014-12-10 16:22:15'),
(428, 431, 0, NULL, 'С-r сигмовидной кишки', 2, 6, -1, NULL, 0, -1, -1, -1, -1, -1, '2014-11-26', 4, 3, 1, 'St  III A T3N1Mo', 1, 2, '2390/14', NULL, 'test_user', '2014-12-10 17:21:52'),
(429, 432, 0, NULL, 'С-r сигмовидной кишки', 2, 6, -1, NULL, 3, -1, -1, -1, -1, -1, '2014-11-26', 3, 4, -1, 'St IV T2NxM1', 1, 2, '10947/14    309/14', NULL, 'test_user', '2014-12-10 17:25:01'),
(430, 433, 0, NULL, 'С-r прямой кишки', 4, -1, 8, NULL, -1, -1, -1, -1, -1, -1, '2014-12-10', -1, 4, -1, 'St IV TxNxM1', 1, 2, NULL, '1 стеклопрепарат', 'test_user', '2014-12-10 17:30:11'),
(431, 434, 0, NULL, 'С-r прямой кишки', 4, -1, 8, NULL, 3, -1, -1, -1, -1, -1, '2014-12-10', 4, 4, -1, 'St IV T3NxM1', 1, 2, '4434-39/14', NULL, 'test_user', '2014-12-10 17:32:37'),
(432, 435, 0, NULL, 'С-r обод. кишки', 2, -1, -1, NULL, 0, -1, -1, -1, -1, -1, '2014-12-10', 5, 3, 1, 'St IIIB T4N1Mo', 1, 2, '35712', NULL, 'test_user', '2014-12-10 17:35:41'),
(433, 217, 0, NULL, 'C-r сигмовидной кишки', 2, 6, -1, NULL, 0, -1, -1, -1, -1, -1, '2014-05-04', 4, 4, 1, 'St IV T3N2M1', 1, 1, '6478', 'St IV T3N2M1', 'test_user', '2014-12-11 09:11:52'),
(434, 436, 0, NULL, 'C-r нижнеампулярного отдела прямой кишки', 4, -1, 6, NULL, 3, -1, -1, -1, -1, -1, '2014-12-09', 3, 1, 0, 'St I T2N0M0', 1, 2, '56177', NULL, 'test_user', '2014-12-12 09:13:16'),
(435, 437, 0, NULL, 'C-r селезоночного угла ободочной кишки', 2, 4, -1, NULL, 2, -1, -1, -1, -1, -1, '2014-12-09', 5, 4, 1, 'St IV T4N1M1', 1, 2, '65203/14', NULL, 'test_user', '2014-12-12 09:17:21'),
(436, 438, 0, NULL, 'C-r толстой кишки', -1, -1, -1, NULL, 0, -1, -1, -1, -1, -1, '2014-12-09', 5, 3, -1, 'St IV T4NxM0', 1, 2, '2088', NULL, 'test_user', '2014-12-12 09:20:50'),
(437, 439, 0, NULL, 'C-r прямой кишки', 4, -1, 8, NULL, 0, -1, -1, -1, -1, -1, '2014-12-09', 5, 3, -1, 'St IV T4NxM0', 1, 2, '1994', NULL, 'test_user', '2014-12-12 09:23:41'),
(438, 440, 0, NULL, 'C-r сигмовидной кишки', 2, 6, -1, NULL, 0, -1, -1, -1, -1, -1, '2014-12-09', 4, 3, -1, 'St III T3NхMо', 1, 2, '5279-80', NULL, 'test_user', '2014-12-12 09:29:33'),
(439, 441, 0, NULL, 'C-r ректосигмовидного отдела толстой кишки', 3, -1, 1, NULL, 4, -1, -1, -1, -1, -1, '2014-12-09', 4, 3, 1, 'St III T3N1M0', 1, 3, '16744-50/14', NULL, 'test_user', '2014-12-12 09:37:32'),
(440, 442, 0, NULL, 'с-r прямой кишки', 4, -1, 8, NULL, -1, -1, -1, -1, -1, -1, '2014-10-16', 3, 2, 0, 'StII T2N0M0', 1, 2, '1435/14', NULL, 'test_user', '2014-12-12 17:51:18'),
(441, 336, 0, 'нет', 'C-r  толстой кишки', -1, -1, -1, NULL, 0, -1, -1, -1, -1, -1, '2014-06-02', 3, 3, 0, 'St III T2N0M0', 1, 2, '35587/14   14340/14', NULL, 'test_user', '2014-12-12 18:50:52'),
(442, 443, 0, NULL, 'С-r слепой кишки', 1, -1, -1, NULL, 5, -1, -1, -1, -1, -1, '2014-11-29', -1, -1, -1, NULL, 1, 1, '1070', NULL, 'test_user', '2014-12-13 06:50:17'),
(443, 444, 0, NULL, 'С-r толстой кишки T3NxMх', -1, -1, -1, NULL, 0, -1, -1, -1, -1, -1, '2014-11-29', -1, -1, -1, 'St IV T3NxMх', 1, -1, '1521', 'дифференцированная темноклеточная аденокарцинома', 'test_user', '2014-12-13 12:52:33'),
(444, 445, 0, NULL, 'С-r толсой кишки T3Nx1', -1, -1, -1, NULL, 0, -1, -1, -1, -1, -1, '2014-11-29', 4, 4, -1, 'St IV T3Nx1', 1, 3, '2637', NULL, 'test_user', '2014-12-13 13:00:21'),
(445, 446, 0, NULL, 'С-r прямой кишки', 4, -1, 8, NULL, 0, -1, -1, -1, -1, -1, '2014-11-29', -1, -1, -1, 'тубуловорсинчатая  аденокарцинома с признаками малигнизации', 1, 3, '5338', NULL, 'test_user', '2014-12-13 17:39:38'),
(446, 447, 0, NULL, 'с-r толстой кишки', -1, -1, -1, NULL, 0, -1, -1, -1, -1, -1, '2014-11-29', -1, -1, -1, NULL, 1, 3, '6561', NULL, 'test_user', '2014-12-13 17:50:39'),
(447, 448, 0, NULL, 'С-r сигмовидной кишки St IV', 2, 6, -1, NULL, 3, -1, -1, -1, -1, -1, '2014-11-29', -1, 4, -1, 'St IV', 1, 3, '7386', NULL, 'test_user', '2014-12-13 17:53:54'),
(448, 449, -1, NULL, 'с-r толстой кишки  с распадом', -1, -1, -1, NULL, 2, -1, -1, -1, -1, -1, '2014-11-29', 5, 4, -1, 'St IV T4NxMх', 1, 2, NULL, NULL, 'test_user', '2014-12-13 17:57:58'),
(449, 450, 0, NULL, 'с-r толстой кишки', -1, -1, -1, NULL, 0, -1, -1, -1, -1, -1, '2014-11-29', -1, 4, -1, 'St IV', 1, 2, '8992', NULL, 'test_user', '2014-12-13 18:02:37'),
(450, 363, 0, 'нет', 'C-r прямой кишки     St IIb T3NxMo', 4, -1, 8, NULL, 0, -1, -1, -1, -1, -1, '2014-09-17', 4, 2, -1, 'St IIb T3NxMo', 1, 2, '2206/14', NULL, 'test_user', '2014-12-20 12:24:50'),
(451, 451, -1, NULL, 'Cr-толстой кишки St IV T4N1M1 метастазы аденокарциномы', -1, -1, -1, NULL, 5, -1, -1, -1, -1, -1, '2015-01-12', -1, 4, -1, NULL, 1, -1, '109441-61403/14', NULL, 'test_user', '2015-08-11 02:51:31'),
(452, 452, -1, NULL, 'Cr-ректосигмойдного отдела прямой кишки St IVA T4 N0 M1a', -1, -1, -1, NULL, 1, -1, -1, -1, -1, -1, '2015-01-12', -1, 4, -1, NULL, -1, -1, '50869-72/68184/14', NULL, 'test_user', '2015-08-11 02:55:16'),
(453, 453, -1, NULL, 'Cr- поперечно- Ободочной кишки     St II T3 N0 M0', -1, -1, -1, NULL, 5, -1, -1, -1, -1, -1, '2015-01-12', -1, 3, -1, NULL, -1, -1, '18029/14', NULL, 'test_user', '2015-08-11 02:58:12'),
(454, 454, -1, NULL, 'Cr-прямой кишки  St I Т1 Nх М0 аденокарцинома', -1, -1, -1, NULL, 3, -1, -1, -1, -1, -1, '2015-01-12', -1, 1, -1, NULL, -1, -1, '11828-32/952/14', NULL, 'test_user', '2015-08-11 03:02:27'),
(455, 455, -1, NULL, 'Cr- ректосигмойдного отдела толстой кишки  St IV T4N1M1 Умеренно Дифференцированная аденокарцинома с изъявлением', -1, -1, -1, NULL, 0, 0, 0, 0, 0, 0, '2015-01-12', -1, 4, -1, NULL, -1, -1, '33604-606/3387/14', NULL, 'test_user', '2015-08-11 03:08:12'),
(456, 456, -1, NULL, 'Cr- прямой кишки  St II T4 N0 M0 аденокарцинома', -1, -1, -1, NULL, 3, -1, -1, -1, -1, -1, '2015-01-12', -1, 4, -1, NULL, -1, -1, '9672/10', NULL, 'test_user', '2015-08-11 03:10:23'),
(457, 457, -1, NULL, 'C-r ректосигмоидного отдела толстой кишки', 3, -1, -1, NULL, 0, 0, 0, 0, 0, 0, '2015-04-12', -1, -1, -1, NULL, -1, -1, '48799-800/4664/13', NULL, 'test_user', '2015-08-11 05:24:48'),
(458, 458, -1, NULL, 'C-r прямой кишки', -1, -1, -1, NULL, 1, -1, -1, -1, -1, -1, '2015-01-12', -1, 2, -1, NULL, -1, -1, '410-5/с-15', NULL, 'test_user', '2015-08-11 05:29:39');
INSERT INTO `kras_investigation` (`id`, `patient_id`, `tumor_another_existence_yes_no_id`, `tumor_another_existence_discr`, `diagnosis`, `intestinum_crassum_part_id`, `colon_part_id`, `rectum_part_id`, `treatment_discr`, `status_gene_kras_id`, `status_gene_kras3_id`, `status_gene_kras4_id`, `status_gene_nras2_id`, `status_gene_nras3_id`, `status_gene_nras4_id`, `date_invest`, `depth_of_invasion_id`, `stage_id`, `metastasis_regional_lymph_nodes_yes_no_id`, `metastasis_regional_lymph_nodes_discr`, `tumor_histological_type_id`, `tumor_differentiation_degree_id`, `block`, `comments`, `user`, `insert_date`) VALUES
(459, 552, -1, NULL, 'Cr- печеночного угла толстой кишки St IIА T3N0M0  у/д аденокарцинома', -1, -1, -1, NULL, 6, -1, -1, -1, -1, -1, '2015-05-05', -1, 3, -1, NULL, -1, -1, '2260-61', NULL, 'test_user', '2015-08-12 02:37:14'),
(460, 553, -1, NULL, 'Cr-сигмовидной кишки St IIIС T3N2бM0  у/д аденокарцинома GII', -1, -1, -1, NULL, 6, -1, -1, -1, -1, -1, '2015-05-05', -1, 3, -1, NULL, -1, -1, '6203-04', NULL, 'test_user', '2015-08-12 02:39:46'),
(461, 554, -1, NULL, 'Cr- среднеампулярного отдела прямой кишки St III T4аNхM0  дифференцированная аденокарцинома', -1, -1, -1, NULL, 0, 0, 0, 0, 0, 0, '2015-05-05', -1, 4, -1, NULL, -1, -1, '27295-98', NULL, 'test_user', '2015-08-12 02:42:01'),
(462, 555, -1, NULL, 'Cr-сигмовидной кишки St III T4N1M0 аденокарцинома  G2', -1, -1, -1, NULL, 0, 0, 0, 0, 0, 0, '2015-05-05', -1, 4, -1, NULL, -1, -1, '16781/12', NULL, 'test_user', '2015-08-12 02:48:36'),
(463, 556, -1, NULL, 'Cr-прямой кишки  аденокарцинома', -1, -1, -1, NULL, 3, -1, -1, -1, -1, -1, '2015-05-05', -1, -1, -1, NULL, -1, -1, '3124/15', NULL, 'test_user', '2015-08-12 02:51:16'),
(464, 557, -1, NULL, 'Cr- сигмовидной кишки St II T3N0M0 у/д аденокарцинома', -1, -1, -1, NULL, 4, -1, -1, -1, -1, -1, '2015-05-05', -1, 3, -1, NULL, -1, -1, '26918-21 2163/14', NULL, 'test_user', '2015-08-12 02:53:37'),
(465, 558, -1, NULL, 'Cr- слепоц кишки St IV T4аN1M1 у/д аденокарцинома   G2', -1, -1, -1, NULL, 2, -1, -1, -1, -1, -1, '2015-05-05', -1, 4, -1, NULL, -1, -1, '13407-08', NULL, 'test_user', '2015-08-12 02:55:50'),
(466, 559, -1, NULL, 'Cr- слепоц кишки St IV T4NхM0', -1, -1, -1, NULL, 0, 0, 0, 0, 0, 0, '2015-05-05', -1, 4, -1, NULL, -1, -1, '805', NULL, 'test_user', '2015-08-12 03:00:51'),
(467, 560, -1, NULL, 'Cr- сигмовидной кишки St IV', -1, -1, -1, NULL, 0, 0, 0, 0, 0, 0, '2015-05-05', -1, -1, -1, NULL, -1, -1, '17717/15', NULL, 'test_user', '2015-08-12 03:04:19'),
(468, 561, -1, NULL, NULL, -1, -1, -1, NULL, 6, -1, -1, -1, -1, -1, '2015-05-05', -1, -1, -1, NULL, -1, -1, '19216/15', NULL, 'test_user', '2015-08-12 07:58:57'),
(469, 562, -1, NULL, 'Cr-поперечно ободочной кишки St IIВ T4N0M0 у/д аденокарцинома', -1, -1, -1, NULL, 0, 0, 0, 0, 0, 0, '2015-05-05', -1, 4, -1, NULL, -1, -1, '18925/15', NULL, 'test_user', '2015-08-12 08:02:39'),
(470, 563, -1, NULL, 'Cr- сигмовидной кишки St III T3N0M0', -1, -1, -1, NULL, 1, -1, -1, -1, -1, -1, '2015-05-05', -1, 3, -1, NULL, -1, -1, '16032/11', NULL, 'test_user', '2015-08-12 08:05:33'),
(471, 564, -1, NULL, 'Cr- селезеночного угла ободочной кишки St IV T3N0M1 у/д аденокарцинома', -1, -1, -1, NULL, 0, 0, 0, 0, 0, 0, '2015-05-05', -1, 3, -1, NULL, -1, -1, '6581/15', NULL, 'test_user', '2015-08-12 08:12:53'),
(472, 565, -1, NULL, 'Cr- среднеампулярного отдела прямой кишки St IV T3NхM1 у/д аденокарцинома', -1, -1, -1, NULL, 6, -1, -1, -1, -1, -1, '2015-05-05', -1, 3, -1, NULL, -1, -1, '3538 3544(7)/15', NULL, 'test_user', '2015-08-12 08:14:17'),
(473, 566, -1, NULL, 'Cr- сигмовидной кишки St IV T4аN2бM1 у/д аденокарцинома', -1, -1, -1, NULL, 2, -1, -1, -1, -1, -1, '2015-05-05', -1, 4, -1, NULL, -1, -1, '9774-76 977/13', NULL, 'test_user', '2015-08-12 08:15:48'),
(474, 567, -1, NULL, 'Cr- сигмовидной кишки St III T3N1M0', -1, -1, -1, NULL, 2, -1, -1, -1, -1, -1, '2015-05-05', -1, 3, -1, NULL, -1, -1, '2525/14', NULL, 'test_user', '2015-08-12 08:17:19'),
(475, 568, -1, NULL, 'Cr-прямой кишки  St III T4аN1M0 у/д аденокарцинома  с изъязвлением', -1, -1, -1, NULL, 1, -1, -1, -1, -1, -1, '2015-05-05', -1, 4, -1, NULL, -1, -1, '7888-90 780/15', NULL, 'test_user', '2015-08-12 08:18:44'),
(476, 569, -1, NULL, 'Cr-прямой кишки  St II T2NхM0 у/д аденокарцинома', -1, -1, -1, NULL, 4, -1, -1, -1, -1, -1, '2015-05-20', -1, 2, -1, NULL, -1, -1, '5151-52 536/12', NULL, 'test_user', '2015-08-12 08:20:14'),
(477, 570, -1, NULL, 'Cr- печеночного угла ободочной кишки St III T3NхM0 у/д аденокарцинома', -1, -1, -1, NULL, 3, -1, -1, -1, -1, -1, '2015-05-20', -1, 3, -1, NULL, -1, -1, '10885-86 1044/15', NULL, 'test_user', '2015-08-12 09:28:53'),
(478, 571, -1, NULL, 'Cr- ободочной кишки St IV T4N1Mх муцинозная аденокарцинома', -1, -1, -1, NULL, 3, -1, -1, -1, -1, -1, '2015-05-20', -1, 4, -1, NULL, -1, -1, '1', NULL, 'test_user', '2015-08-12 09:30:41'),
(479, 572, -1, NULL, 'Cr- слепоц кишки St IV T1NхMх престневидно-клеточная карцинома', -1, -1, -1, NULL, 0, 0, 0, 0, 0, 0, '2015-05-20', -1, 1, -1, NULL, -1, -1, '4690', NULL, 'test_user', '2015-08-12 09:32:27'),
(480, 573, -1, NULL, 'Cr- толстой кишки у/д аденокарцинома', -1, -1, -1, NULL, 5, -1, -1, -1, -1, -1, '2015-05-20', -1, -1, -1, NULL, -1, -1, '2', NULL, 'test_user', '2015-08-12 09:34:49'),
(481, 574, -1, NULL, 'Cr-прямой кишки   St II T3N0M0 н/д аденокарцинома', -1, -1, -1, NULL, 0, 0, 0, 0, 0, 0, '2015-05-20', -1, -1, -1, NULL, -1, -1, '770-74/15', NULL, 'test_user', '2015-08-12 09:36:02'),
(482, 575, -1, NULL, 'Cr- ободочной кишки St III T3N1M0 н/д аденокарцинома', -1, -1, -1, NULL, 0, 0, 0, 0, 0, 0, '2015-05-20', -1, 3, -1, NULL, -1, -1, '2158-61/15', NULL, 'test_user', '2015-08-12 09:37:35'),
(483, 576, -1, NULL, 'Cr-прямой кишки   St II T3N0M0 аденокарцинома', -1, -1, -1, NULL, 0, 0, 0, 0, 0, 0, '2015-05-20', -1, 3, -1, NULL, -1, -1, '9446-47/14', NULL, 'test_user', '2015-08-12 09:39:16'),
(484, 577, -1, NULL, 'Cr-прямой кишки   St IIА T3N0M0 аденокарцинома', -1, -1, -1, NULL, 0, 0, 0, 0, 0, 0, '2015-05-20', -1, 3, -1, NULL, -1, -1, '8402/14', NULL, 'test_user', '2015-08-12 09:40:39'),
(485, 578, -1, NULL, 'Cr-прямой кишки   St II T3N0M0 н/д муцинозный', -1, -1, -1, NULL, 0, 0, 0, 0, 0, 0, '2015-05-20', -1, 3, -1, NULL, -1, -1, '20669-72/14', NULL, 'test_user', '2015-08-12 09:45:09'),
(486, 579, -1, NULL, 'Cr-прямой кишки   St II T3N0M0 аденокарцинома у/д аденокарцинома', -1, -1, -1, NULL, 3, -1, -1, -1, -1, -1, '2015-05-20', -1, 3, -1, NULL, -1, -1, '25623-26/14', NULL, 'test_user', '2015-08-12 09:46:33'),
(487, 580, -1, NULL, 'Cr- сигмовидной кишки St III T3NхM0 у/д аденокарцинома', -1, -1, -1, NULL, 0, 0, 0, 0, 0, 0, '2015-05-21', -1, 3, -1, NULL, -1, -1, '20913-14', NULL, 'test_user', '2015-08-12 09:47:49'),
(488, 581, -1, NULL, 'Cr- поперечно-ободочной кишки St II T4N0M0 у/д аденокарцинома', -1, -1, -1, NULL, 5, -1, -1, -1, -1, -1, '2015-05-21', -1, 4, -1, NULL, -1, -1, '14412/12', NULL, 'test_user', '2015-08-12 09:49:11'),
(489, 582, -1, NULL, 'Cr-сигмавидного отдела ободочной кишки St II T4N0M0', -1, -1, -1, NULL, 5, -1, -1, -1, -1, -1, '2015-05-21', -1, 4, -1, NULL, -1, -1, '40010/13', NULL, 'test_user', '2015-08-12 09:50:41'),
(490, 583, -1, NULL, 'Cr- поперечно-ободочной кишки St II T4N0M0 аденокарцинома', -1, -1, -1, NULL, 0, 0, 0, 0, 0, 0, '2015-05-21', -1, 4, -1, NULL, -1, -1, '3183/13', NULL, 'test_user', '2015-08-12 09:52:29'),
(491, 584, -1, NULL, 'Cr- селезеночного угла ободочной кишки St IV T4N1M1 н/д аденокарцинома', -1, -1, -1, NULL, 5, -1, -1, -1, -1, -1, '2015-05-21', -1, 4, -1, NULL, -1, -1, '23535/15', NULL, 'test_user', '2015-08-12 09:56:39'),
(492, 585, -1, NULL, 'Cr- сигмовидной кишки St IIIб T4N1M0 н/д аденокарцинома', -1, -1, -1, NULL, 0, 0, 0, 0, 0, 0, '2015-05-28', -1, 4, -1, NULL, -1, -1, '19664', NULL, 'test_user', '2015-08-12 10:03:05'),
(493, 586, -1, NULL, 'Cr- сигмовидной кишки  St III T4N0M0 н/д аденокарцинома', -1, -1, -1, NULL, 0, 0, 0, 0, 0, 0, '2015-05-28', -1, 4, -1, NULL, -1, -1, '58260/14', NULL, 'test_user', '2015-08-12 10:04:51'),
(494, 587, -1, NULL, 'Cr-прямой кишки', -1, -1, -1, NULL, 6, -1, -1, -1, -1, -1, '2015-05-28', -1, -1, -1, NULL, -1, -1, '16168/15', NULL, 'test_user', '2015-08-12 10:12:26'),
(495, 588, -1, NULL, 'Cr- сигмовидной кишки St II T4NхM0 фиброзна-жировая ткань с элементами аденокарциномы', -1, -1, -1, NULL, 0, 0, 0, 0, 0, 0, '2015-05-28', -1, 4, -1, NULL, -1, -1, '10852/15', NULL, 'test_user', '2015-08-12 10:16:18'),
(496, 589, -1, NULL, 'Cr- ректосигмойдного отдела толстой кишки  St II T4N0M0 цитограмма характерна для аденокарциномы', -1, -1, -1, NULL, 0, 0, 0, 0, 0, 0, '2015-05-28', -1, 4, -1, NULL, -1, -1, '4065/12', NULL, 'test_user', '2015-08-12 10:18:13'),
(497, 590, -1, NULL, 'Cr- сигмовидной кишки', -1, -1, -1, NULL, 3, -1, -1, -1, -1, -1, '2015-05-28', -1, -1, -1, NULL, -1, -1, '5658', NULL, 'test_user', '2015-08-12 10:21:23'),
(498, 591, -1, NULL, 'Cr- прямой кишки  St III у/д аденокарцинома', -1, -1, -1, NULL, 5, -1, -1, -1, -1, -1, '2015-05-28', -1, -1, -1, NULL, -1, -1, '13198', NULL, 'test_user', '2015-08-12 10:22:46'),
(499, 592, -1, NULL, 'Cr- прямой кишки   St IV T3N2бM1 у/д аденокарцинома с изъязвлением', -1, -1, -1, NULL, 0, 0, 0, 0, 0, 0, '2015-05-28', -1, 3, -1, NULL, -1, -1, '16346-47 1523/15', NULL, 'test_user', '2015-08-12 10:30:59'),
(500, 593, -1, NULL, 'Cr- слепой кишки  St IV T3N0M1 у/д аденокарцинома', -1, -1, -1, NULL, 3, -1, -1, -1, -1, -1, '2015-05-28', -1, 3, -1, NULL, -1, -1, '28117-18', NULL, 'test_user', '2015-08-12 10:40:47'),
(501, 594, -1, NULL, 'Cr- ректосигмойдного отдела ободочной  кишки  St II T3N0M0 у/д аденокарцинома', -1, -1, -1, NULL, 0, 0, 0, 0, 0, 0, '2015-05-28', -1, 3, -1, NULL, -1, -1, '314/17/15', NULL, 'test_user', '2015-08-12 10:42:30'),
(502, 595, -1, NULL, 'Cr- recti  St II T3N0M0  у/д аденокарцинома', -1, -1, -1, NULL, 0, 0, 0, 0, 0, 0, '2015-05-28', -1, 3, -1, NULL, -1, -1, '23439-40/14', NULL, 'test_user', '2015-08-12 10:43:55'),
(503, 596, -1, NULL, 'Cr- сигмовидной кишки St II T4N0M0 у/д аденокарцинома', -1, -1, -1, NULL, 4, -1, -1, -1, -1, -1, '2015-05-28', -1, 4, -1, NULL, -1, -1, '25888-91/14', NULL, 'test_user', '2015-08-12 10:45:06'),
(504, 597, -1, NULL, 'C-r  прямой кишки St II T3N0M0  Низкодифф аденокарцинома', -1, -1, -1, NULL, 2, -1, -1, -1, -1, -1, '2015-06-11', -1, 3, -1, NULL, -1, -1, '22684-88/14', NULL, 'test_user', '2015-08-13 02:36:39'),
(505, 598, -1, NULL, 'C-r прямой кишки St II T3N0M0  Умереннодифф аденокарцинома', -1, -1, -1, NULL, 3, -1, -1, -1, -1, -1, '2015-06-11', -1, 3, -1, NULL, -1, -1, '690-97/15', NULL, 'test_user', '2015-08-13 02:38:01'),
(506, 599, -1, NULL, 'C-r ободочной кишки St II T3N0M0  Слизистый рак', -1, -1, -1, NULL, 0, 0, 0, 0, 0, 0, '2015-06-11', -1, 3, -1, NULL, -1, -1, '3153-56/15', NULL, 'test_user', '2015-08-13 02:39:18'),
(507, 600, -1, NULL, 'C-r  прямой кишки St IIb T3N2M0  Умереннодифф аденокарцинома', -1, -1, -1, NULL, 6, -1, -1, -1, -1, -1, '2015-06-11', -1, 3, -1, NULL, -1, -1, '12518-25/14', NULL, 'test_user', '2015-08-13 02:41:00'),
(508, 601, -1, NULL, 'C-r  прямой кишки St II T3N0M0  Аденокарцинома', -1, -1, -1, NULL, 0, 0, 0, 0, 0, 0, '2015-06-11', -1, 3, -1, NULL, -1, -1, '14293/15', NULL, 'test_user', '2015-08-13 02:42:17'),
(509, 602, -1, NULL, 'C-r  прямой кишки St II T3N0M0  Аденокарцинома', -1, -1, -1, NULL, 1, -1, -1, -1, -1, -1, '2015-06-11', -1, 3, -1, NULL, -1, -1, '12562/15', NULL, 'test_user', '2015-08-13 02:43:35'),
(510, 603, -1, NULL, 'C-r ректосигмоидного отдела толстой кишки  St IV T4N0Mx Аденокарцинома', -1, -1, -1, NULL, 0, 0, 0, 0, 0, 0, '2015-06-11', -1, -1, -1, NULL, -1, -1, '21059/15', NULL, 'test_user', '2015-08-13 02:44:49'),
(511, 604, -1, NULL, 'C-r селезеночного угла ободочной кишки St II T3N0M0  Аденокарцинома', -1, -1, -1, NULL, 0, 0, 0, 0, 0, 0, '2015-06-11', -1, 3, -1, NULL, -1, -1, '21038/15', NULL, 'test_user', '2015-08-13 02:46:36'),
(512, 605, -1, NULL, 'C-r прямой кишки  St IIb T4N0M0  Аденокарцинома', -1, -1, -1, NULL, 5, -1, -1, -1, -1, -1, '2015-06-11', -1, 4, -1, NULL, -1, -1, '23100/14', NULL, 'test_user', '2015-08-13 02:48:15'),
(513, 606, -1, NULL, 'Карцинома печеночного  угла ободочной кишки  St IIIb pT4N1M0  Низкодифф аденокарцинома', -1, -1, -1, NULL, 0, 0, 0, 0, 0, 0, '2015-06-11', -1, 4, -1, NULL, -1, -1, '13987/15', NULL, 'test_user', '2015-08-13 02:49:52'),
(514, 607, -1, NULL, 'C-r сигмовидной кишки  St IV  T4NxMx  Умеренно дифф аденокарцинома', -1, -1, -1, NULL, 0, 0, 0, 0, 0, 0, '2015-06-11', -1, 4, -1, NULL, -1, -1, '8695/15', NULL, 'test_user', '2015-08-13 02:51:11'),
(515, 608, -1, NULL, 'C-r ректосимоидного отдела прямой кишки St III T3NxM0  Аденокарцинома', -1, -1, -1, NULL, 6, -1, -1, -1, -1, -1, '2015-06-17', -1, 3, -1, NULL, -1, -1, '32014-14', NULL, 'test_user', '2015-08-13 02:53:20'),
(516, 609, -1, NULL, 'C-r  н/а отдела прямой кишки  St IV T4N1M1 Mts в печень   Умереннодиф аденокарцинома', -1, -1, -1, NULL, 0, 0, 0, 0, 0, 0, '2015-06-17', -1, 4, -1, NULL, -1, -1, '29597/15', NULL, 'test_user', '2015-08-13 02:54:31'),
(517, 610, -1, NULL, 'C-r  печеночного угла ободочной кишки St IV T3N0M1 Mts в печень  Аденокарцинома', -1, -1, -1, NULL, 0, 0, 0, 0, 0, 0, '2015-06-17', -1, 3, -1, NULL, -1, -1, '19437/15', NULL, 'test_user', '2015-08-13 02:55:56'),
(518, 611, -1, NULL, 'C-r  поперечно-ободочной кишки       St II  T4N0M0  Аденокарцинома', -1, -1, -1, NULL, 5, -1, -1, -1, -1, -1, '2015-06-17', -1, 4, -1, NULL, -1, -1, '35789/13', NULL, 'test_user', '2015-08-13 02:57:06'),
(519, 612, -1, NULL, 'C-r ректосигмоидного отдела прямой кишки  St IV T3N0M1 Mts в печень  Умереннодифф аденокарцинома', -1, -1, -1, NULL, 5, -1, -1, -1, -1, -1, '2015-06-17', -1, 3, -1, NULL, -1, -1, '21293/15', NULL, 'test_user', '2015-08-13 02:58:27'),
(520, 613, -1, NULL, 'C-r сигмовидной кишки  T4NxM1', -1, -1, -1, NULL, 0, 0, 0, 0, 0, 0, '2015-06-17', -1, 4, -1, NULL, -1, -1, '390/13', NULL, 'test_user', '2015-08-13 02:59:52'),
(521, 614, -1, NULL, 'C-r  восходящего отдела толстой кишки St IV T4aN0M0  Умереннодифф аденокарцинома', -1, -1, -1, NULL, 0, 0, 0, 0, 0, 0, '2015-06-24', -1, 4, -1, NULL, -1, -1, '93/890-91', NULL, 'test_user', '2015-08-13 03:01:52'),
(522, 615, -1, NULL, 'C-r нисходящего отдела ободочной кишки St IV T4N1M1  Умереннодифф аденокарцинома', -1, -1, -1, NULL, 0, 0, 0, 0, 0, 0, '2015-06-24', -1, 4, -1, NULL, -1, -1, '1716/18580-81 от 20.05.15', NULL, 'test_user', '2015-08-13 03:03:34'),
(523, 616, -1, NULL, 'C-r сигмовидной кишки  St IV T3N1M1  Mts в печень Умереннодифф аденокарцинома толстой кишки GII', -1, -1, -1, NULL, 0, 0, 0, 0, 0, 0, '2015-06-24', -1, 3, -1, NULL, -1, -1, '2068/22130-31 от 09.06.15', NULL, 'test_user', '2015-08-13 03:05:13'),
(524, 617, -1, NULL, 'C-r прямой кишки  St II Умереннодифф аденокарцинома', -1, -1, -1, NULL, 0, 0, 0, 0, 0, 0, '2015-06-24', -1, -1, -1, NULL, -1, -1, '32023/15', NULL, 'test_user', '2015-08-13 03:06:36'),
(525, 618, -1, NULL, 'с-r', -1, -1, -1, NULL, 0, 0, 0, 0, 0, 0, '2015-06-24', -1, -1, -1, NULL, -1, -1, '23500/13', NULL, 'test_user', '2015-08-13 03:10:23'),
(526, 619, -1, NULL, 'C-r селезеночного угла толстой кишки     St III T4aN0M0b    Метастаз аденокарциномы', -1, -1, -1, NULL, 0, 0, 0, 0, 0, 0, '2015-07-03', -1, 4, -1, NULL, -1, -1, '23785-86', NULL, 'test_user', '2015-08-13 09:58:50'),
(527, 620, -1, NULL, 'C-r печеночного угла ободочной кишки      St III T4NxM0  умеренно диф аденокарцинома', -1, -1, -1, NULL, 0, 0, 0, 0, 0, 0, '2015-07-03', -1, 4, -1, NULL, -1, -1, '2846-7', NULL, 'test_user', '2015-08-13 10:00:10'),
(528, 621, -1, NULL, 'C-r прямой кишки  St III T3N1Mx Аденокарцинома кишечника мтс в л/у', -1, -1, -1, NULL, 1, -1, -1, -1, -1, -1, '2015-07-03', -1, 3, -1, NULL, -1, -1, '1192', NULL, 'test_user', '2015-08-13 10:02:41'),
(529, 622, -1, NULL, 'C-r  восходящего отдела толстой кишки   Аденокарцинома', -1, -1, -1, NULL, 0, 0, 0, 0, 0, 0, '2015-07-03', -1, -1, -1, NULL, -1, -1, '1179', NULL, 'test_user', '2015-08-13 10:04:46'),
(530, 623, -1, NULL, 'C-r сигмовидной кишки  St II T4N0M0   Высокодифф аденокарцинома', -1, -1, -1, NULL, 0, 0, 0, 0, 0, 0, '2015-07-07', -1, 4, -1, NULL, -1, -1, '22443/12', NULL, 'test_user', '2015-08-13 10:06:08'),
(531, 624, -1, NULL, 'C-r сигмовидной кишки  St II T4NхM0', -1, -1, -1, NULL, 5, -1, -1, -1, -1, -1, '2015-07-07', -1, 4, -1, NULL, -1, -1, '12350/15', NULL, 'test_user', '2015-08-13 10:07:22'),
(532, 625, -1, NULL, 'C-r сигмовидной кишки  St IIб Умеренно диф аденокарцинома', -1, -1, -1, NULL, 0, 0, 0, 0, 0, 0, '2015-07-07', -1, -1, -1, NULL, -1, -1, '10543-51(3)', NULL, 'test_user', '2015-08-13 10:08:38'),
(533, 626, -1, NULL, 'C-r сигмовидной кишки  St IIа  Малодифф аденокарцинома', -1, -1, -1, NULL, 0, 0, 0, 0, 0, 0, '2015-07-07', -1, -1, -1, NULL, -1, -1, '9748/54 (2)', NULL, 'test_user', '2015-08-13 10:10:03'),
(534, 627, -1, NULL, 'C-r  среднеампулярного отдела прямой кишки  St III T3N1M0  Умеренно диф аденокарцинома', -1, -1, -1, NULL, 0, 0, 0, 0, 0, 0, '2015-07-09', -1, 3, -1, NULL, -1, -1, '4087/14', NULL, 'test_user', '2015-08-13 10:11:26'),
(535, 628, -1, NULL, 'C-r нисходящего отдела толстого кишечника', -1, -1, -1, NULL, 3, -1, -1, -1, -1, -1, '2015-07-09', -1, -1, -1, NULL, -1, -1, '14209/15', NULL, 'test_user', '2015-08-13 10:15:21'),
(536, 629, -1, NULL, 'c-r сигмовидной кишки  St IV T4N1Mx умеренно диф аденокарцинома', -1, -1, -1, NULL, 0, 0, 0, 0, 0, 0, '2015-07-09', -1, 4, -1, NULL, -1, -1, '10115-21/1ас15', NULL, 'test_user', '2015-08-13 10:18:17'),
(537, 630, -1, NULL, 'C-r прямой кишки  St III pT4N2M0', -1, -1, -1, NULL, 0, 0, 0, 0, 0, 0, '2015-07-09', -1, 4, -1, NULL, -1, -1, '36853/15', NULL, 'test_user', '2015-08-13 10:23:57'),
(538, 631, -1, NULL, 'C-r прямой кишки  St II  T4N0M0 Умеренно дифф аденокарцинома', -1, -1, -1, NULL, 0, 0, 0, 0, 0, 0, '2015-07-17', -1, 4, -1, NULL, -1, -1, '23324  32/2', NULL, 'test_user', '2015-08-13 10:28:42'),
(539, 632, -1, NULL, 'C-r  ректосигмоидного отдела толстой  кишки  St II T3N0M0 Умеренно дифф аденокарцинома', -1, -1, -1, NULL, 0, 0, 0, 0, 0, 0, '2015-07-17', -1, 3, -1, NULL, -1, -1, '19304/13', NULL, 'test_user', '2015-08-13 10:30:20'),
(540, 459, -1, NULL, 'Cr- толстой кишки  St IV T4N2M1 метастаз аденокарциномы', -1, -1, -1, NULL, 3, -1, -1, -1, -1, -1, '2015-01-15', -1, 4, -1, NULL, -1, -1, '11650-4-1ст', NULL, 'test_user', '2015-08-14 08:11:08'),
(541, 460, -1, NULL, 'Cr- прямой кишки ,  Cr- сигмавидной кишки  St  T3N0M0 высокодифференцированная аденокарцинома', -1, -1, -1, NULL, 0, 0, 0, 0, 0, 0, '2015-01-15', -1, 3, -1, NULL, -1, -1, '443461', NULL, 'test_user', '2015-08-14 08:12:44'),
(542, 461, -1, NULL, 'Cr- прямой кишки   St III T3 N1 M0 аденокарцинома', -1, -1, -1, NULL, 0, 0, 0, 0, 0, 0, '2015-01-15', -1, 3, -1, NULL, -1, -1, '5268/14', NULL, 'test_user', '2015-08-14 08:14:00'),
(543, 462, -1, NULL, 'St III T3 Nх Mх муцинпродуцирующая аденокарцинома', -1, -1, -1, NULL, 5, -1, -1, -1, -1, -1, '2015-01-15', -1, 3, -1, NULL, -1, -1, '23971-5/14', NULL, 'test_user', '2015-08-14 08:16:21'),
(544, 463, -1, NULL, 'Cr- ректосигмойдного отдела St III T3 N1 Mх у/д аденокарцинома толстой кишки', -1, -1, -1, NULL, 0, 0, 0, 0, 0, 0, '2015-01-15', -1, 3, -1, NULL, -1, -1, '319-23', NULL, 'test_user', '2015-08-14 08:17:30'),
(545, 464, -1, NULL, 'Cr- сигмавидной кишки  St IV T3N1M1 н/д аденокарцинома', -1, -1, -1, NULL, 0, 0, 0, 0, 0, 0, '2015-01-15', -1, 4, -1, NULL, -1, -1, '23366-73/15', NULL, 'test_user', '2015-08-14 08:18:31'),
(546, 465, -1, NULL, 'Cr- прямой кишки   аденокарцинома', -1, -1, -1, NULL, 0, 0, 0, 0, 0, 0, '2015-01-20', -1, -1, -1, NULL, -1, -1, '4677/14', NULL, 'test_user', '2015-08-14 08:19:36'),
(547, 466, -1, NULL, 'Cr- прямой кишки    St IV T4N2M1 у/д аденокарцинома', -1, -1, -1, NULL, 2, -1, -1, -1, -1, -1, '2015-01-20', -1, 4, -1, NULL, -1, -1, '4466', NULL, 'test_user', '2015-08-14 08:20:47'),
(548, 467, -1, NULL, 'Cr- сигмавидной кишки    St IV T3N0M1…..аденокарцинома', -1, -1, -1, NULL, 3, -1, -1, -1, -1, -1, '2015-01-20', -1, 4, -1, NULL, -1, -1, '24040', NULL, 'test_user', '2015-08-14 08:22:39'),
(549, 468, -1, NULL, 'Cr-сигмавидной кишки St II T4 NхMх у/д аденокарцинома', -1, -1, -1, NULL, 0, 0, 0, 0, 0, 0, '2015-01-20', -1, 4, -1, NULL, -1, -1, 'Б4879/09', NULL, 'test_user', '2015-08-14 08:23:43'),
(550, 469, -1, NULL, 'Cr- нисходящего отдела толстой кишки н/д аденокарцинома', -1, -1, -1, NULL, 0, 0, 0, 0, 0, 0, '2015-01-20', -1, -1, -1, NULL, -1, -1, '23468/14', NULL, 'test_user', '2015-08-14 08:24:41'),
(551, 470, -1, NULL, 'Cr-слепой кишки  St IIIБ T3 N1 Mх н/д аденокарцинома', -1, -1, -1, NULL, 0, 0, 0, 0, 0, 0, '2015-01-26', -1, 3, -1, NULL, -1, -1, '26309-12-2', NULL, 'test_user', '2015-08-14 08:25:50'),
(552, 471, -1, NULL, 'Cr-восходящего отдела толтой кишки St III T3 N1 M0 аденокарцинома', -1, -1, -1, NULL, 0, 0, 0, 0, 0, 0, '2015-01-26', -1, 3, -1, NULL, -1, -1, '31778-82/14', NULL, 'test_user', '2015-08-14 08:27:10'),
(553, 472, -1, NULL, 'Cr- ректосигмойдного отдела    St III T3 N1 Mх аденокарциномма', -1, -1, -1, NULL, 0, 0, 0, 0, 0, 0, '2015-01-26', -1, 3, -1, NULL, -1, -1, '39108-14/4', NULL, 'test_user', '2015-08-14 08:31:18'),
(554, 473, -1, NULL, 'Cr-сигмавидной кишки  St III T4 N0M0', -1, -1, -1, NULL, 0, 0, 0, 0, 0, 0, '2015-01-26', -1, 3, -1, NULL, -1, -1, '21606-19/1а', NULL, 'test_user', '2015-08-14 08:32:37'),
(555, 474, -1, NULL, 'Cr-сигмавидной кишки  St III T2 N0M0 mts аденокарциномы в легкое', -1, -1, -1, NULL, 0, 0, 0, 0, 0, 0, '2015-02-11', -1, 3, -1, NULL, -1, -1, '2001-5/3', NULL, 'test_user', '2015-08-14 08:33:42'),
(556, 475, -1, NULL, 'Cr- прямой кишки  St IIIВ T4 N0M0 у/д аденокарцинома', -1, -1, -1, NULL, 0, 0, 0, 0, 0, 0, '2015-02-11', -1, 3, -1, NULL, -1, -1, '68809/14', NULL, 'test_user', '2015-08-14 08:34:43'),
(557, 476, -1, NULL, 'Cr- прямой кишки    аденокарцинома', -1, -1, -1, NULL, 0, 0, 0, 0, 0, 0, '2015-02-11', -1, -1, -1, NULL, -1, -1, '228-04/15', NULL, 'test_user', '2015-08-14 08:35:43'),
(558, 477, -1, NULL, 'Cr-в/амп отдела прямой кишки  St IV T3NхM1 у/д аденокарцинома', -1, -1, -1, NULL, 5, -1, -1, -1, -1, -1, '2015-02-11', -1, 4, -1, NULL, -1, -1, '25154-7/13', NULL, 'test_user', '2015-08-14 08:38:25'),
(559, 478, -1, NULL, 'Cr-сигмавидной кишки   St IV T3NхM1', -1, -1, -1, NULL, -1, -1, -1, -1, -1, -1, '2015-02-11', -1, 3, -1, NULL, -1, -1, '28849/14', NULL, 'test_user', '2015-08-14 08:39:31'),
(560, 479, -1, NULL, 'Cr-печеночног угла поперечно-ободочной кишки', -1, -1, -1, NULL, 2, -1, -1, -1, -1, -1, '2015-02-23', -1, -1, -1, NULL, -1, -1, '35171-91/14 19039/14', NULL, 'test_user', '2015-08-14 08:42:00'),
(561, 480, -1, NULL, 'St II Б', -1, -1, -1, NULL, 0, 0, 0, 0, 0, 0, '2015-02-23', -1, 2, -1, NULL, -1, -1, NULL, NULL, 'test_user', '2015-08-14 08:42:58'),
(562, 481, -1, NULL, 'Cr-н/амп отдела прямой кишки  St II  T4 N0M0 у/д аденокарцинома', -1, -1, -1, NULL, 0, 0, 0, 0, 0, 0, '2015-02-23', -1, 2, -1, NULL, -1, -1, '30408/15', NULL, 'test_user', '2015-08-14 08:43:50'),
(563, 482, -1, NULL, 'Cr- прямой кишки  St IIIсі T3 N2M0 у/д аденокарцинома', -1, -1, -1, NULL, 3, -1, -1, -1, -1, -1, '2015-02-23', -1, 3, -1, NULL, -1, -1, '124/15/04', NULL, 'test_user', '2015-08-14 08:44:51'),
(564, 483, -1, NULL, 'Cr- ректосигмойдного отдела  St II  T2N0M0', -1, -1, -1, NULL, 3, -1, -1, -1, -1, -1, '2015-02-23', -1, 2, -1, NULL, -1, -1, '6524/15', NULL, 'test_user', '2015-08-14 08:45:46'),
(565, 484, -1, NULL, 'Cr-толстого кишечника  St II T3N0M0', -1, -1, -1, NULL, 1, -1, -1, -1, -1, -1, '2015-02-27', -1, 3, -1, NULL, -1, -1, '60131/27701-11/14', NULL, 'test_user', '2015-08-14 08:46:46'),
(566, 485, -1, NULL, 'Cr- reсti  St III T3NхM0 аденокарцинома', -1, -1, -1, NULL, 3, -1, -1, -1, -1, -1, '2015-02-27', -1, 3, -1, NULL, -1, -1, '42/15', NULL, 'test_user', '2015-08-14 08:51:13'),
(567, 486, -1, NULL, 'Cr- rесti   St IV T4NхM0 аденокарцинома кишечника аденокарцинома мягких тканей', -1, -1, -1, NULL, 0, 0, 0, 0, 0, 0, '2015-02-27', -1, 4, -1, NULL, -1, -1, '149', NULL, 'test_user', '2015-08-14 08:52:16'),
(568, 487, -1, NULL, 'Cr- яичника  St III T3N0M0 аденокарцинома', -1, -1, -1, NULL, 0, 0, 0, 0, 0, 0, '2015-02-27', -1, 3, -1, NULL, -1, -1, '235/15', NULL, 'test_user', '2015-08-14 08:53:52'),
(569, 488, -1, NULL, 'Cr-сигмавидной кишки St III T3NхMх н/д аденокарцинома', -1, -1, -1, NULL, 0, 0, 0, 0, 0, 0, '2015-02-27', -1, 3, -1, NULL, -1, -1, '243', NULL, 'test_user', '2015-08-14 08:54:38'),
(570, 489, -1, NULL, 'Cr- ректосигмойдного отдела толстого кишечника   St IV T4NхM1', -1, -1, -1, NULL, 0, 0, 0, 0, 0, 0, '2015-02-27', -1, 4, -1, NULL, -1, -1, '247', NULL, 'test_user', '2015-08-14 08:55:23'),
(571, 490, -1, NULL, 'Cr- прямой кишки  St IV T4NхM1 аденокарцинома', -1, -1, -1, NULL, 5, -1, -1, -1, -1, -1, '2015-02-27', -1, -1, -1, NULL, -1, -1, '282', NULL, 'test_user', '2015-08-14 08:56:16'),
(572, 491, -1, NULL, 'Cr- Восходящего отдела ободочной кишки  St IV T4NхM1', -1, -1, -1, NULL, 0, 0, 0, 0, 0, 0, '2015-02-27', -1, 4, -1, NULL, -1, -1, '30156/14', NULL, 'test_user', '2015-08-14 08:56:59'),
(573, 492, -1, NULL, 'Cr- н/а отдела прямой кишки  St II T3NхM0 у/д аденокарцинома', -1, -1, -1, NULL, 6, -1, -1, -1, -1, -1, '2015-03-04', -1, 3, -1, NULL, -1, -1, '68794', NULL, 'test_user', '2015-08-14 08:57:47'),
(574, 493, -1, NULL, 'Cr-сигмавидной кишки  StIIС T4N0M0R0 аденокарцинома', -1, -1, -1, NULL, 0, 0, 0, 0, 0, 0, '2015-03-04', -1, 4, -1, NULL, -1, -1, '6508/15', NULL, 'test_user', '2015-08-14 08:58:40'),
(575, 494, -1, NULL, 'Cr- ректосигмойдного отдела толстй кишки   St IV T4NхM1', -1, -1, -1, NULL, 0, 0, 0, 0, 0, 0, '2015-03-04', -1, 4, -1, NULL, -1, -1, '23471-I/14', NULL, 'test_user', '2015-08-14 08:59:28'),
(576, 495, -1, NULL, 'Cr- прямой кишки   St II T3NхM0 аденокарцинома', -1, -1, -1, NULL, 3, -1, -1, -1, -1, -1, '2015-03-04', -1, 3, -1, NULL, -1, -1, '19730/14', NULL, 'test_user', '2015-08-14 09:00:10'),
(577, 496, -1, NULL, 'Cr-сигмовидной кишки St IV T4N0M0   , Cr- прямой кишки   TisN0M0 у/д аденокарцинома', -1, -1, -1, NULL, 5, -1, -1, -1, -1, -1, '2015-03-04', -1, 4, -1, NULL, -1, -1, '6134-5/15', NULL, 'test_user', '2015-08-14 09:00:55'),
(578, 497, -1, NULL, 'Cr-толстой кишки    St IIIа T1N1M0', -1, -1, -1, NULL, 0, 0, 0, 0, 0, 0, '2015-03-11', -1, 1, -1, NULL, -1, -1, '34270/14', NULL, 'test_user', '2015-08-14 09:01:45'),
(579, 498, -1, NULL, 'Cr-сигмовидной кишки  St IIIа T3NхM0 аденокарцинома', -1, -1, -1, NULL, 0, 0, 0, 0, 0, 0, '2015-03-11', -1, 3, -1, NULL, -1, -1, '926/15', NULL, 'test_user', '2015-08-14 09:02:35'),
(580, 499, -1, NULL, 'Cr- прямой кишки    St IV T3N0M1 у/д аденокарцинма', -1, -1, -1, NULL, 2, -1, -1, -1, -1, -1, '2015-03-11', -1, 3, -1, NULL, -1, -1, '40043/14', NULL, 'test_user', '2015-08-14 09:03:32'),
(581, 501, -1, NULL, 'Cr- прямой кишки   St IIIВ T4N1M0 у/д аденокарцинома', -1, -1, -1, NULL, 0, 0, 0, 0, 0, 0, '2015-03-11', -1, 4, -1, NULL, -1, -1, '2654/III-3', NULL, 'test_user', '2015-08-14 09:04:42'),
(582, 500, -1, NULL, 'Cr- прямой кишки   St III T3N1M0  н/д аденокарцинома', -1, -1, -1, NULL, 0, 0, 0, 0, 0, 0, '2015-03-11', -1, 3, -1, NULL, -1, -1, '15321/14', NULL, 'test_user', '2015-08-14 09:05:27'),
(583, 502, -1, NULL, 'Cr-правой молочной железы St II T2NхM0, Cr-селезеночного угла ободочной кишки  St IV T4NхM1 у/д аденокарцинома кишки с очагами некроза', -1, -1, -1, NULL, 0, 0, 0, 0, 0, 0, '2015-03-11', -1, 4, -1, NULL, -1, -1, '4035-38', NULL, 'test_user', '2015-08-14 09:06:22'),
(584, 503, -1, NULL, 'Cr-сигмовидной кишки   St IIIс T4N2M0', -1, -1, -1, NULL, 0, 0, 0, 0, 0, 0, '2015-03-11', -1, 4, -1, NULL, -1, -1, '7252/12', NULL, 'test_user', '2015-08-14 09:07:18'),
(585, 504, -1, NULL, 'Cr-селезеночного угла ободочной кишки   St IIIА T3N1M0 у/д аденокарцинома', -1, -1, -1, NULL, 3, -1, -1, -1, -1, -1, '2015-03-17', -1, 3, -1, NULL, -1, -1, '2552/14', NULL, 'test_user', '2015-08-14 09:08:22'),
(586, 505, -1, NULL, 'Cr-восходчщего отдела толстого кишечника  St IVT3NхM1аденокарцинома', -1, -1, -1, NULL, 0, 0, 0, 0, 0, 0, '2015-03-17', -1, 3, -1, NULL, -1, -1, '2464-68/(5)', NULL, 'test_user', '2015-08-14 09:09:09'),
(587, 506, -1, NULL, 'Cr-сигмовидной кишки St III T4N1хM1   у/д аденокарцинома', -1, -1, -1, NULL, 0, 0, 0, 0, 0, 0, '2015-03-17', -1, 3, -1, NULL, -1, -1, '2914/5922/11', NULL, 'test_user', '2015-08-14 09:09:58'),
(588, 507, -1, NULL, 'Cr-сигмовидной кишки  St IV T3NхM1 у/д аденокарцинома', -1, -1, -1, NULL, 0, 0, 0, 0, 0, 0, '2015-03-17', -1, 3, -1, NULL, -1, -1, '19791/15р', NULL, 'test_user', '2015-08-14 09:10:42'),
(589, 508, -1, NULL, 'Cr-слепой кишки  St IV T4N1M1 н/д аденокарцинома', -1, -1, -1, NULL, 5, -1, -1, -1, -1, -1, '2015-03-17', -1, 4, -1, NULL, -1, -1, '13770/15', NULL, 'test_user', '2015-08-14 09:11:24'),
(590, 509, -1, NULL, 'Cr-нисходящего отдела ободочной кишки  St I T1N1M1 у/д аденокарцинома', -1, -1, -1, NULL, 5, -1, -1, -1, -1, -1, '2015-03-17', -1, 1, -1, NULL, -1, -1, '40816', NULL, 'test_user', '2015-08-14 09:12:07'),
(591, 510, -1, NULL, 'Cr-сигмовидной кишки  St IV T3N2M0', -1, -1, -1, NULL, 2, -1, -1, -1, -1, -1, '2015-03-17', -1, 3, -1, NULL, -1, -1, '18432/41 2лу/14', NULL, 'test_user', '2015-08-14 09:13:19'),
(592, 511, -1, NULL, 'Cr-сигмовидной кишки', -1, -1, -1, NULL, 6, -1, -1, -1, -1, -1, '2015-03-17', -1, -1, -1, NULL, -1, -1, '488/13 20521-12', NULL, 'test_user', '2015-08-17 07:11:34'),
(593, 512, -1, NULL, 'Cr-прямой кишки  St III T3N1M0 аденокарцинома', -1, -1, -1, NULL, 0, 0, 0, 0, 0, 0, '2015-03-17', -1, 3, -1, NULL, -1, -1, '26773/14', NULL, 'test_user', '2015-08-17 07:12:21'),
(594, 513, -1, NULL, 'Cr- ректосигмойдного отдела  St IIб TNM в/д аденокарцинома', -1, -1, -1, NULL, 0, 0, 0, 0, 0, 0, '2015-03-17', -1, 2, -1, NULL, -1, -1, '1030-7/1ас15', NULL, 'test_user', '2015-08-17 07:13:11'),
(595, 514, -1, NULL, 'Cr-прямой кишки   St IV T3N2M1', -1, -1, -1, NULL, -1, -1, -1, -1, -1, -1, '2015-03-17', -1, 3, -1, NULL, -1, -1, '17026/15 31833/14', NULL, 'test_user', '2015-08-17 07:13:51'),
(596, 515, -1, NULL, 'Cr-сигмовидной кишки   St I T2N0M0  у/д аденокарцинома', -1, -1, -1, NULL, 2, -1, -1, -1, -1, -1, '2015-03-17', -1, 2, -1, NULL, -1, -1, '15233-4/15', NULL, 'test_user', '2015-08-17 07:14:38'),
(597, 516, -1, NULL, 'Cr- ректосигмойдного отдела  толстой кишки  St II T4NхM0', -1, -1, -1, NULL, 0, 0, 0, 0, 0, 0, '2015-03-17', -1, 4, -1, NULL, -1, -1, '3235', NULL, 'test_user', '2015-08-17 07:15:27'),
(598, 517, -1, NULL, 'Cr-сигмовидной кишки   St III T2N1M0 аденокарцинома', -1, -1, -1, NULL, 0, 0, 0, 0, 0, 0, '2015-03-17', -1, 2, -1, NULL, -1, -1, '9903/15', NULL, 'test_user', '2015-08-17 07:16:11'),
(599, 518, -1, NULL, 'Cr-сигмовидной кишки   St IV T4NхM1', -1, -1, -1, NULL, 5, -1, -1, -1, -1, -1, '2015-03-17', -1, 4, -1, NULL, -1, -1, '19445/14 II', NULL, 'test_user', '2015-08-17 07:16:55'),
(600, 519, -1, NULL, 'Cr-слепой кишки  St IV у/д аденокарцинома', -1, -1, -1, NULL, 0, 0, 0, 0, 0, 0, '2015-03-17', -1, 4, -1, NULL, -1, -1, '15672/74', NULL, 'test_user', '2015-08-17 07:17:44'),
(601, 520, -1, NULL, 'Cr-нисходящего отдела прямой кишки  St II T2NхM0 многокамерная муцинозная цистаденокарцинома', -1, -1, -1, NULL, 2, -1, -1, -1, -1, -1, '2015-03-17', -1, 2, -1, NULL, -1, -1, '1763/15', NULL, 'test_user', '2015-08-17 07:18:27'),
(602, 521, -1, NULL, 'Cr-средне и нижнеампулярного отделов прямой кишки StIV  T3N1M1 в/д аденокарцинома', -1, -1, -1, NULL, 5, -1, -1, -1, -1, -1, '2015-03-17', -1, 3, -1, NULL, -1, -1, '32534/14', NULL, 'test_user', '2015-08-17 07:19:07'),
(603, 522, -1, NULL, 'Cr-сигмовидной кишки    St T3NхM0 аденокарцинома', -1, -1, -1, NULL, 0, 0, 0, 0, 0, 0, '2015-03-17', -1, 3, -1, NULL, -1, -1, '424/15', NULL, 'test_user', '2015-08-17 07:19:52'),
(604, 523, -1, NULL, 'Cr-сигмавидного отдела толстой кишки  St IIIС T4N2M1', -1, -1, -1, NULL, 5, -1, -1, -1, -1, -1, '2015-03-17', -1, 4, -1, NULL, -1, -1, '37751-53 3141/14', NULL, 'test_user', '2015-08-17 07:20:34'),
(605, 524, -1, NULL, 'Cr-сигмовидной кишки  St II T3N0M0', -1, -1, -1, NULL, 0, 0, 0, 0, 0, 0, '2015-03-17', -1, 3, -1, NULL, -1, -1, '12350/14 726-32/15', NULL, 'test_user', '2015-08-17 07:21:18'),
(606, 525, -1, NULL, 'Cr-прямой кишки   St IV T3N1M1', -1, -1, -1, NULL, 0, 0, 0, 0, 0, 0, '2015-03-17', -1, 3, -1, NULL, -1, -1, '13914/14', NULL, 'test_user', '2015-08-17 07:22:02'),
(607, 526, -1, NULL, 'Аденокарцинома нисход. отдела ободочной кишки  St IV T4N0M1 в/д аденокарцинома', -1, -1, -1, NULL, 0, 0, 0, 0, 0, 0, '2015-03-17', -1, 4, -1, NULL, -1, -1, '4549-54/15', NULL, 'test_user', '2015-08-17 07:22:45'),
(608, 527, -1, NULL, 'Cr-слепой кишки   St III T3NхM0  аденокарцинома', -1, -1, -1, NULL, 0, 0, 0, 0, 0, 0, '2015-03-17', -1, 3, -1, NULL, -1, -1, '11006/15', NULL, 'test_user', '2015-08-17 07:23:42'),
(609, 528, -1, NULL, 'Cr- ободочной кишки', -1, -1, -1, NULL, 0, 0, 0, 0, 0, 0, '2015-03-17', -1, -1, -1, NULL, -1, -1, '6008/09', NULL, 'test_user', '2015-08-17 07:24:30'),
(610, 529, -1, NULL, 'Cr- ректосигмойдного отдела  толстой кишки   St IV T4N1M1 у/д аденокарцинома', -1, -1, -1, NULL, 6, -1, -1, -1, -1, -1, '2015-03-17', -1, 4, -1, NULL, -1, -1, '4067', NULL, 'test_user', '2015-08-17 07:25:09'),
(611, 530, -1, NULL, 'Cr-сигмовидной кишки   St III T3N1M0  аденокарцинома', -1, -1, -1, NULL, 0, 0, 0, 0, 0, 0, '2015-03-17', -1, 3, -1, NULL, -1, -1, '18760/14', NULL, 'test_user', '2015-08-17 07:25:55'),
(612, 531, -1, NULL, 'Cr-н/а отдела прямой кишки  St IV T3N1M1', -1, -1, -1, NULL, 0, 0, 0, 0, 0, 0, '2015-03-17', -1, 3, -1, NULL, -1, -1, '66465/14', NULL, 'test_user', '2015-08-17 07:26:50'),
(613, 532, -1, NULL, 'Cr-поперечно-ободочной кишки  St IV T4N1M1  у/д аденокарцинома', -1, -1, -1, NULL, 0, 0, 0, 0, 0, 0, '2015-03-17', -1, 4, -1, NULL, -1, -1, '68681-2/14', NULL, 'test_user', '2015-08-17 07:27:38'),
(614, 533, -1, NULL, 'Cr-карцинома нисходящего отдела ободочной кишки  St IV T4NхM1 у/д аденокарцинома', -1, -1, -1, NULL, 0, 0, 0, 0, 0, 0, '2015-03-17', -1, 4, -1, NULL, -1, -1, '57522/13', NULL, 'test_user', '2015-08-17 07:28:29'),
(615, 534, -1, NULL, 'Cr-нисходящего отдела толстой кищки St III T3N0M0  у/д аденокарцинома', -1, -1, -1, NULL, 0, 0, 0, 0, 0, 0, '2015-03-17', -1, 3, -1, NULL, -1, -1, '7547-48/15', NULL, 'test_user', '2015-08-17 07:29:28'),
(616, 535, -1, NULL, 'Cr-сигмовидной кишки  St IIб T4N0M0    у/д аденокарцинома', -1, -1, -1, NULL, 0, 0, 0, 0, 0, 0, '2015-03-17', -1, 4, -1, NULL, -1, -1, '5595/15/1г', NULL, 'test_user', '2015-08-17 07:30:12'),
(617, 536, -1, NULL, 'Cr-восходящего отдела толстой кишки   St III T4N1M0', -1, -1, -1, NULL, 0, 0, 0, 0, 0, 0, '2015-03-17', -1, 4, -1, NULL, -1, -1, '39765-6', NULL, 'test_user', '2015-08-17 07:31:00'),
(618, 537, -1, NULL, 'Cr- н/а отдела толстой кишки  St III T3N1M0 аденокарцинома', -1, -1, -1, NULL, 0, 0, 0, 0, 0, 0, '2015-04-22', -1, 3, -1, NULL, -1, -1, '25869/10', NULL, 'test_user', '2015-08-17 07:31:48'),
(619, 538, -1, NULL, 'Cr-прямой кишки   St IV T3NхM1 карцинома', -1, -1, -1, NULL, 5, -1, -1, -1, -1, -1, '2015-04-22', -1, 3, -1, NULL, -1, -1, '13851/15', NULL, 'test_user', '2015-08-17 07:34:27'),
(620, 539, -1, NULL, 'Cr- анального канала  St II T3N0M0  Cr- правой молочной железы   St IIВ  T2N1M0', -1, -1, -1, NULL, 0, 0, 0, 0, 0, 0, '2015-04-22', -1, 3, -1, NULL, -1, -1, '10382/15', NULL, 'test_user', '2015-08-17 07:35:34'),
(621, 540, -1, NULL, 'Cr- ректосигмойдного отдела  толстой кишки   St III T3N1M0  аденокарцинома', -1, -1, -1, NULL, 6, -1, -1, -1, -1, -1, '2015-04-22', -1, 3, -1, NULL, -1, -1, '12729/15', NULL, 'test_user', '2015-08-17 07:36:18'),
(622, 541, -1, NULL, 'Cr-прямой кишки   St III T3N1M0 аденокарцинома', -1, -1, -1, NULL, 0, 0, 0, 0, 0, 0, '2015-04-22', -1, 3, -1, NULL, -1, -1, '12471/15', NULL, 'test_user', '2015-08-17 07:37:05'),
(623, 542, -1, NULL, NULL, -1, -1, -1, NULL, 0, 0, 0, 0, 0, 0, '2015-04-24', -1, -1, -1, NULL, -1, -1, '13226', NULL, 'test_user', '2015-08-17 07:38:19'),
(624, 543, -1, NULL, 'Cr-сигмовидной кишки   St II T4N0M0  у/д аденокарцинома', -1, -1, -1, NULL, 6, -1, -1, -1, -1, -1, '2015-04-24', -1, 4, -1, NULL, -1, -1, '4123', NULL, 'test_user', '2015-08-17 07:39:05'),
(625, 544, -1, NULL, 'Cr-яичников,  Cr- ректосигмойдного отдела толстой кишки серозная папиллярная цистаденокарцинома яичника, G -2 с очагами некроза', -1, -1, -1, NULL, 0, 0, 0, 0, 0, 0, '2015-04-24', -1, -1, -1, NULL, -1, -1, '1665', NULL, 'test_user', '2015-08-17 07:40:08'),
(626, 545, -1, NULL, 'Cr- толстого кишечника  St III T3N1M0 у/д аденокарцинома', -1, -1, -1, NULL, 0, 0, 0, 0, 0, 0, '2015-04-29', -1, 3, -1, NULL, -1, -1, '12677-78', NULL, 'test_user', '2015-08-17 07:40:53'),
(627, 546, -1, NULL, 'Cr- толстого кишечника  St III T3N1M0 в/д аденокарцинома', -1, -1, -1, NULL, 3, -1, -1, -1, -1, -1, '2015-04-29', -1, 3, -1, NULL, -1, -1, '10228-34', NULL, 'test_user', '2015-08-17 07:41:40'),
(628, 547, -1, NULL, 'Cr-сигмавидного отдела толстой кишки   St IV T3N1M1', -1, -1, -1, NULL, 0, 0, 0, 0, 0, 0, '2015-04-29', -1, 3, -1, NULL, -1, -1, '14994', NULL, 'test_user', '2015-08-17 07:42:31'),
(629, 548, -1, NULL, 'Cr- ректосигмойдного отдела толстой кишки рT3рN0рM1 в/д аденокарцинома', -1, -1, -1, NULL, 0, 0, 0, 0, 0, 0, '2015-04-29', -1, 3, -1, NULL, -1, -1, '3030-31', NULL, 'test_user', '2015-08-17 07:43:36'),
(630, 549, -1, NULL, 'Cr-сигмовидной кишки  St IV T3N1M1  у/д аденокарцинома', -1, -1, -1, NULL, 6, -1, -1, -1, -1, -1, '2015-05-05', -1, 3, -1, NULL, -1, -1, '29217/14', NULL, 'test_user', '2015-08-17 07:44:24'),
(631, 550, -1, NULL, 'Cr- нисходящего отдела ободочной кишки St IV T4NхM0', -1, -1, -1, NULL, 3, -1, -1, -1, -1, -1, '2015-05-05', -1, 4, -1, NULL, -1, -1, '51332-33', NULL, 'test_user', '2015-08-17 07:45:06'),
(632, 551, -1, NULL, 'Cr-прямой кишки   St IIIБ T3N1M0  у/д аденокарцинома', -1, -1, -1, NULL, 0, 0, 0, 0, 0, 0, '2015-05-05', -1, 3, -1, NULL, -1, -1, '36234-35', NULL, 'test_user', '2015-08-17 07:45:53');

-- --------------------------------------------------------

--
-- Структура таблицы `kras_nationality`
--

CREATE TABLE IF NOT EXISTS `kras_nationality` (
`id` int(11) NOT NULL,
  `name` varchar(100) NOT NULL DEFAULT '',
  `user` varchar(25) DEFAULT NULL
) ENGINE=InnoDB AUTO_INCREMENT=9 DEFAULT CHARSET=utf8;

--
-- Дамп данных таблицы `kras_nationality`
--

INSERT INTO `kras_nationality` (`id`, `name`, `user`) VALUES
(-1, 'Нет данных', NULL),
(1, 'казахи', NULL),
(2, 'русские', NULL),
(3, 'украинцы', NULL),
(4, 'татары', NULL),
(5, 'немцы', NULL),
(6, 'корейцы', NULL),
(7, 'уйгуры', NULL),
(8, 'турки', NULL);

-- --------------------------------------------------------

--
-- Структура таблицы `kras_patient`
--

CREATE TABLE IF NOT EXISTS `kras_patient` (
`id` int(11) NOT NULL,
  `last_name` varchar(50) DEFAULT NULL,
  `first_name` varchar(50) DEFAULT NULL,
  `patronymic_name` varchar(50) DEFAULT NULL,
  `sex_id` int(11) DEFAULT '-1' COMMENT 'Пол',
  `date_birth` date DEFAULT NULL COMMENT 'Дата рождения',
  `year_birth` int(11) DEFAULT NULL COMMENT 'Год рождения',
  `weight_kg` double DEFAULT NULL COMMENT 'Масса тела в килограммах',
  `height_sm` double DEFAULT NULL COMMENT 'Рост в сантиметрах',
  `prof_or_other_hazards_yes_no_id` int(11) DEFAULT '-1' COMMENT 'Профессиональные или иные вредности (да, нет)',
  `prof_or_other_hazards_discr` varchar(250) DEFAULT NULL COMMENT 'Профессиональные или иные вредности (описание)',
  `nationality_id` int(11) NOT NULL COMMENT 'Национальность',
  `smoke_yes_no_id` int(11) NOT NULL DEFAULT '-1' COMMENT 'Курит (да, нет)',
  `smoke_discr` varchar(100) DEFAULT NULL COMMENT 'Если курит описать как часто (5 сигарет в день, 1 пачку в день и т.д.)',
  `hospital` varchar(100) DEFAULT NULL COMMENT 'Откуда материла (Город, больница)',
  `doctor` varchar(100) DEFAULT NULL COMMENT 'ФИО врача',
  `comments` varchar(100) DEFAULT NULL COMMENT 'Примечание',
  `user` varchar(25) DEFAULT NULL,
  `insert_date` timestamp NOT NULL DEFAULT CURRENT_TIMESTAMP
) ENGINE=InnoDB AUTO_INCREMENT=633 DEFAULT CHARSET=utf8;

--
-- Дамп данных таблицы `kras_patient`
--

INSERT INTO `kras_patient` (`id`, `last_name`, `first_name`, `patronymic_name`, `sex_id`, `date_birth`, `year_birth`, `weight_kg`, `height_sm`, `prof_or_other_hazards_yes_no_id`, `prof_or_other_hazards_discr`, `nationality_id`, `smoke_yes_no_id`, `smoke_discr`, `hospital`, `doctor`, `comments`, `user`, `insert_date`) VALUES
(1, 'Кайнарбаев', 'Ж', 'С', 1, NULL, 1964, NULL, NULL, -1, NULL, 1, -1, NULL, 'Алматы, КазНИИОиР', NULL, NULL, 'test_user', '2014-05-07 13:34:14'),
(2, 'Герасименко', 'Лариса', 'Александровна', 2, '1966-05-17', 1966, NULL, NULL, -1, NULL, 3, -1, NULL, 'Алматы, КазНИИОиР', 'Махышова А.Т.', NULL, 'test_user', '2014-05-07 13:34:14'),
(3, 'Балашов', 'Тулеу', NULL, 1, NULL, 1942, NULL, NULL, -1, NULL, 1, -1, NULL, 'ВКО, г.Семей,', 'КазНИИОиР', NULL, 'test_user', '2014-05-07 13:34:14'),
(4, 'Чукмайтов', 'Хайролла', 'Касымбекович', 1, NULL, 1960, NULL, NULL, -1, NULL, 7, -1, NULL, 'ВКО, Усть-Каменогорск, ООД', 'Баталов Б.', NULL, 'test_user', '2014-05-07 13:34:14'),
(5, 'Муканов', 'Т', 'С', 1, NULL, 1964, NULL, NULL, -1, NULL, 1, -1, NULL, 'Алматинская  обл.', NULL, NULL, 'test_user', '2014-05-07 13:34:14'),
(6, 'Шинибаев', 'Абай', 'Дуйсенович', 1, '1956-06-14', 1956, NULL, NULL, -1, NULL, 1, -1, NULL, 'Алматы, КазНИИОиР', 'Махышова А.Т.', NULL, 'test_user', '2014-05-07 13:34:14'),
(7, 'Ерофеев', 'Александр', 'Анатольевич', 1, NULL, 1944, NULL, NULL, -1, NULL, 2, -1, NULL, 'Усть-Каменогорск, ООД', 'Кусаинов Е.', NULL, 'test_user', '2014-05-07 13:34:14'),
(8, 'Козлова', 'Галина', 'Аркадьевна', 2, NULL, 1949, NULL, NULL, -1, NULL, 2, -1, NULL, 'Усть-Каменогорск, ООД', 'Баталов Б.', NULL, 'test_user', '2014-05-07 13:34:14'),
(9, 'Федотова', 'Татьяна', 'Романовна', 2, '1958-06-28', 1958, NULL, NULL, -1, NULL, 2, -1, NULL, 'Алматы, КазНИИОиР', 'Смагулова К.К.  Косенко', NULL, 'test_user', '2014-05-07 13:34:14'),
(10, 'Айтболатова', 'Мансия', NULL, 2, '1946-04-18', 1946, NULL, NULL, -1, NULL, 1, -1, NULL, 'Алматы, КазНИИОиР', 'Смагулова К.К.,  Кривошеева Д.Д.', NULL, 'test_user', '2014-05-07 13:34:14'),
(11, 'Ахмеджанов', 'С', NULL, 1, NULL, 1962, NULL, NULL, -1, NULL, 1, -1, NULL, 'Алматы', NULL, NULL, 'test_user', '2014-05-07 13:34:14'),
(12, 'Зайцев', 'Владимир', 'Алексеевич', 1, '1946-10-10', 1946, NULL, NULL, -1, NULL, 2, -1, NULL, 'Астана, ГОД', 'Омаров М.Х.', NULL, 'test_user', '2014-05-07 13:34:14'),
(13, 'Монанников', 'Владимир', 'Василевич', 1, '1962-08-23', 1962, NULL, NULL, -1, NULL, 2, -1, NULL, 'Алматы, КазНИИОиР', 'Косенко', NULL, 'test_user', '2014-05-07 13:34:14'),
(14, 'Рысбекова', 'Алтын', NULL, 2, '1944-02-20', 1944, NULL, NULL, -1, NULL, 1, -1, NULL, 'Алматы, КазНИИОиР', 'Туманова А.К.', NULL, 'test_user', '2014-05-07 13:34:14'),
(15, 'Абильдаев', 'Галим', 'Ргебаевич', 1, '1960-07-18', 1960, NULL, NULL, -1, NULL, 1, -1, NULL, 'Жамбульская обл., г. Каратау', 'Муканова Ш.,КазНИИОиР', NULL, 'test_user', '2014-05-07 13:34:14'),
(16, 'Сафарганиев', 'А', 'Д', 1, '1952-01-28', 1952, NULL, NULL, -1, NULL, 1, -1, NULL, 'Алматы, КазНИИОиР', 'Абдрахманов Р.З.', NULL, 'test_user', '2014-05-07 13:34:14'),
(17, 'Литван', 'Валентина', 'Г', 2, NULL, 1952, NULL, NULL, -1, NULL, 3, -1, NULL, 'Алматы, КазНИИОиР', NULL, NULL, 'test_user', '2014-05-07 13:34:14'),
(18, 'Гвон', 'Гым', 'Сок', 1, '1942-03-15', 1942, NULL, NULL, -1, NULL, 6, -1, NULL, 'Алматы, КазНИИОиР', NULL, NULL, 'test_user', '2014-05-07 13:34:14'),
(19, 'Шахназарова', 'Маргарита', 'Леонидовна', 2, '1964-02-01', 1964, NULL, NULL, -1, NULL, 2, -1, NULL, 'Алматы, КазНИИОиР', 'Туманова А.К.', NULL, 'test_user', '2014-05-07 13:34:14'),
(20, 'Валах', 'Владимир', 'Степанович', 1, '1960-07-22', 1960, NULL, NULL, -1, NULL, 3, -1, NULL, 'Алматинская обл., КазНИИОиР', 'Смагулова К.К.', NULL, 'test_user', '2014-05-07 13:34:14'),
(21, 'Абдукаримова', 'М', NULL, 2, NULL, 1958, NULL, NULL, -1, NULL, 1, -1, NULL, 'Алматинская обл., КазНИИОиР', 'Смагулова К.К.', NULL, 'test_user', '2014-05-07 13:34:14'),
(22, 'Магжаев', 'Мурат', 'Жалелович', 1, '1955-06-09', 1955, NULL, NULL, -1, NULL, 1, -1, NULL, 'Астана', 'Кожагалиев О.М.', NULL, 'test_user', '2014-05-07 13:34:14'),
(23, 'Алишариев', 'Мухамат', 'Нагшибекович', 1, NULL, 1981, NULL, NULL, -1, NULL, 7, -1, NULL, 'Алматы, АОЦ', 'Турсунов Ф.А.', NULL, 'test_user', '2014-05-07 13:34:14'),
(24, 'Плотникова', 'Лариса', 'Нниколаевна', 2, NULL, 1967, NULL, NULL, -1, NULL, 2, -1, NULL, 'Алматы, АОЦ', 'Люмозова Г.', NULL, 'test_user', '2014-05-07 13:34:14'),
(25, 'Садакбаева', 'Расима', 'Нургалиевна', 2, NULL, 1956, NULL, NULL, -1, NULL, 7, -1, NULL, 'Алматы, АОЦ', 'Люмозова Г.', NULL, 'test_user', '2014-05-07 13:34:14'),
(26, 'Шкловская', 'Ирина', 'Павловна', 2, NULL, 1948, NULL, NULL, -1, NULL, 2, -1, NULL, 'Алматы, АОЦ', NULL, NULL, 'test_user', '2014-05-07 13:34:14'),
(27, 'Григорян', 'Элеонора', 'Цолаковна', 2, '1961-05-11', 1961, NULL, NULL, -1, NULL, 4, -1, NULL, 'Алматы, КазНИИОиР', 'Смагулова К.К.', 'Армянка', 'test_user', '2014-05-07 13:34:14'),
(28, 'Данабекова', 'Гульбаршын', 'Кеншимиковна', 2, '1973-06-16', 1973, NULL, NULL, -1, NULL, 1, -1, NULL, 'Алматы, КазНИИОиР', 'Смагулова К.К.', NULL, 'test_user', '2014-05-07 13:34:14'),
(29, 'Каракулов', 'Булат', 'Иманбаевич', 1, '1942-03-27', 1942, NULL, NULL, -1, NULL, 1, -1, NULL, 'Алматинская обл, КазНИИОиР', 'Смагулова К.К.', NULL, 'test_user', '2014-05-07 13:34:14'),
(30, 'Баймуханов', 'Е', 'А', 1, '1958-10-20', 1958, NULL, NULL, -1, NULL, 1, -1, NULL, 'Караганда, ООД', 'Омаров И.М.', NULL, 'test_user', '2014-05-07 13:34:14'),
(31, 'Ташкенбаева', 'Д', 'К', 2, '1986-04-10', 1986, NULL, NULL, -1, NULL, 1, -1, NULL, 'Караганда, ООД', 'Омаров И.М.', NULL, 'test_user', '2014-05-07 13:34:14'),
(32, 'Корниенко', 'И', 'К', 2, NULL, 1957, NULL, NULL, -1, NULL, 3, -1, NULL, 'Алматы, КазНИИОиР', 'Смагулова К.К.', NULL, 'test_user', '2014-05-07 13:34:14'),
(33, 'Нураханова', 'Т', 'Г', 2, NULL, 1941, NULL, NULL, -1, NULL, 1, -1, NULL, 'Алматинская обл., КазНИИОиР', NULL, NULL, 'test_user', '2014-05-07 13:34:14'),
(34, 'Кочедыгов', 'В', 'Н', 1, NULL, 1949, NULL, NULL, -1, NULL, 2, -1, NULL, 'Алматы, КазНИИОиР', NULL, NULL, 'test_user', '2014-05-07 13:34:14'),
(35, 'Мадиев', 'Токен', 'Мамырбекович', 1, '1959-02-01', 1959, NULL, NULL, -1, NULL, 1, -1, NULL, 'Астана, ГОД', 'Абдикаримов А.М.', NULL, 'test_user', '2014-05-07 13:34:14'),
(36, 'Акпарова', 'Саулекуль', 'Дихановна', 2, '1965-06-18', 1965, NULL, NULL, -1, NULL, 1, -1, NULL, 'Алматинская обл, КазНИИОиР', 'Смагулова К.К.', NULL, 'test_user', '2014-05-07 13:34:14'),
(37, 'Бердянов', 'Василий', 'Николааевич', 1, '1965-12-07', 1965, NULL, NULL, -1, NULL, 2, -1, NULL, 'Алматы, КазНИИОиР', 'Кузекеев М.О., Насрытдинов Т.С.', 'Мтс в печень', 'test_user', '2014-05-07 13:34:14'),
(38, 'Никитин', 'Андрей', 'Геннадьевич', 1, '1963-01-08', 1963, NULL, NULL, -1, NULL, 2, -1, NULL, 'г. Алматы, КазНИИОиР', 'Смагулова К.К.', 'Мтс в печень', 'test_user', '2014-05-07 13:34:14'),
(39, 'Быкова', 'Тамара', 'Васильевна', 2, '1962-04-08', 1962, NULL, NULL, -1, NULL, 2, -1, NULL, 'ВКО, г.Семей,', 'Семей, РОД,  КазНИИОиР', NULL, 'test_user', '2014-05-07 13:34:14'),
(40, 'Баталова', 'В', 'В', 2, NULL, 1956, NULL, NULL, -1, NULL, 1, -1, NULL, 'Усть-Каменогорск, ООД', 'Кухарева А.А.', NULL, 'test_user', '2014-05-07 13:34:14'),
(41, 'Жансеитова', 'Несипти', 'Мирзахметовна', 2, '1952-10-10', 1952, NULL, NULL, -1, NULL, 1, -1, NULL, 'Алматы, КазНИИОиР', 'Смагулова К.К.', NULL, 'test_user', '2014-05-07 13:34:14'),
(42, 'Худякова', 'Надежда', 'Григорьевна', 2, '1958-02-05', 1958, NULL, NULL, -1, NULL, 2, -1, NULL, 'Усть-Каменогорск, ООД', 'Кухарева А.А.', NULL, 'test_user', '2014-05-07 13:34:14'),
(43, 'Мухаева', 'Жулдыз', 'Тажетдинова', 2, '1975-10-22', 1975, NULL, NULL, -1, NULL, 1, -1, NULL, 'Алматы, КазНИИОиР', 'Туманова А.К.', NULL, 'test_user', '2014-05-07 13:34:14'),
(45, 'Арсамакова', 'Тамара', 'Б', 2, '1966-10-30', 1966, NULL, NULL, -1, NULL, 4, -1, NULL, 'Алматы, КазНИИОиР', 'Смагулова К.К.', NULL, 'test_user', '2014-05-07 13:34:14'),
(46, 'Быконь', 'Людмила', 'Николаевна', 2, '1959-08-15', 1959, NULL, NULL, -1, NULL, 3, -1, NULL, 'г. Алматы, КазНИИОиР', 'Туманова А.К.', NULL, 'test_user', '2014-05-07 13:34:14'),
(47, 'Бедельбаева', 'Гульнар', 'Айтбаевна', 2, '1954-06-15', 1954, NULL, NULL, -1, NULL, 1, -1, NULL, 'Алматы, КазНИИОиР', 'Кривошеева Д.Д.', NULL, 'test_user', '2014-05-07 13:34:14'),
(48, 'Каденцова', 'Н', 'П', 2, NULL, 1963, NULL, NULL, -1, NULL, 2, -1, NULL, 'Алматы, АОЦ', 'Жандосов О.', NULL, 'test_user', '2014-05-07 13:34:14'),
(49, 'Искакова', 'С', 'К', 2, NULL, 1950, NULL, NULL, -1, NULL, 1, -1, NULL, 'Алматы, АОЦ', 'Жандосов О.', NULL, 'test_user', '2014-05-07 13:34:14'),
(50, 'Свинцова', 'Людмила', 'Гаврилова', 2, '1952-01-01', 1952, NULL, NULL, -1, NULL, 2, -1, NULL, 'Алматы, КазНИИОиР', 'Ижанов Е.Б., Кузекеев М.О.', NULL, 'test_user', '2014-05-07 13:34:14'),
(51, 'Филистова', 'А', 'В', 2, NULL, 1968, NULL, NULL, -1, NULL, 5, -1, NULL, 'Караганда, ООД', 'Ташибаева Ш.', NULL, 'test_user', '2014-05-07 13:34:14'),
(52, 'Касымова', 'Аминам', NULL, 2, '1949-06-12', 1949, NULL, NULL, -1, NULL, 8, -1, NULL, 'Алматы, АОЦ', 'Каргабаев Е.Ж.', NULL, 'test_user', '2014-05-07 13:34:14'),
(53, 'Иманбеков', 'Б', 'Д', 1, NULL, 1964, NULL, NULL, -1, NULL, 1, -1, NULL, 'Алматы', NULL, NULL, 'test_user', '2014-05-07 13:34:14'),
(54, 'Жумагалиев', 'Асланбек', 'Нурболатович', 1, '1979-08-24', 1979, NULL, NULL, -1, NULL, 1, -1, NULL, 'Алматы, КазНИИОиР', 'Кузекеев М.О., Насрытдинов Т.С.', NULL, 'test_user', '2014-05-07 13:34:14'),
(55, 'Эюбова', 'А', 'О', 2, NULL, 1946, NULL, NULL, -1, NULL, 8, -1, NULL, 'Алматы', NULL, NULL, 'test_user', '2014-05-07 13:34:14'),
(56, 'Миронов', 'Владимир', 'Николаевич', 1, '1951-03-21', 1951, NULL, NULL, -1, NULL, 2, -1, NULL, 'Алматы, КазНИИОиР', 'Кузекеев М.О., Насрытдинов Т.С.', NULL, 'test_user', '2014-05-07 13:34:14'),
(57, 'Мамытхан', 'Гульнар', NULL, 2, '1985-10-21', 1985, NULL, NULL, -1, NULL, 1, -1, NULL, 'Алматы, КазНИИОиР', 'Кузекеев М.О., Насрытдинов Т.С.', NULL, 'test_user', '2014-05-07 13:34:14'),
(58, 'Уляшев', 'Анрей', 'Анатольевич', 1, '1977-02-04', 1977, NULL, NULL, -1, NULL, 4, -1, NULL, 'Алматы, КазНИИОиР', 'Кузекеев М.О., Насрытдинов Т.С.', NULL, 'test_user', '2014-05-07 13:34:14'),
(59, 'Джолдасова', 'Б', NULL, 2, NULL, 1945, NULL, NULL, -1, NULL, 1, -1, NULL, 'Алматы, АОЦ', NULL, NULL, 'test_user', '2014-05-07 13:34:14'),
(60, 'Байтурсунов', 'Диас', 'Ахметович', 1, '1940-01-23', 1940, NULL, NULL, -1, NULL, 1, -1, NULL, 'Алматинская обл. Карасасйскийрн, п.Алатау', 'Канаев А.М.КазНИИОиР', NULL, 'test_user', '2014-05-07 13:34:14'),
(61, 'Турышева', 'Вера', 'Степановна', 2, NULL, 1951, NULL, NULL, -1, NULL, 2, -1, NULL, 'Алматы, КазНИИОиР', 'Туманова А.К.', NULL, 'test_user', '2014-05-07 13:34:14'),
(62, 'Телесбаев', 'Г', 'А', 1, '1947-12-27', 1947, NULL, NULL, -1, NULL, 1, -1, NULL, 'Алматы, КазНИИОиР', 'Махышова А.Т.', NULL, 'test_user', '2014-05-07 13:34:14'),
(63, 'Коверзнев', 'Григорий', 'Григорьевич', 1, '1950-05-30', 1950, NULL, NULL, -1, NULL, 2, -1, NULL, 'Алматы, КазНИИОиР', 'Есентаева С.Е.', NULL, 'test_user', '2014-05-07 13:34:14'),
(64, 'Жекенов', 'М', 'Н', 1, '1959-10-11', 1959, NULL, NULL, -1, NULL, 1, -1, NULL, 'Усть-Каменогорск, ООД', 'Кухарева А.А.', NULL, 'test_user', '2014-05-07 13:34:14'),
(65, 'Буратова', 'Ф', 'Р', 2, '1970-10-09', 1970, NULL, NULL, -1, NULL, 2, -1, NULL, 'Усть-Каменогорск, ООД', 'Кухарева А.А.', NULL, 'test_user', '2014-05-07 13:34:14'),
(66, 'Мехнина', 'Л', 'Л', 2, '1977-08-24', 1977, NULL, NULL, -1, NULL, 5, -1, NULL, 'Усть-Каменогорск, ООД', 'Кухарева А.А.', NULL, 'test_user', '2014-05-07 13:34:14'),
(67, 'Джумаканов', 'Е', 'К', 1, '1951-05-01', 1951, NULL, NULL, -1, NULL, 1, -1, NULL, 'Усть-Каменогорск, ООД', 'Кухарева А.А.', NULL, 'test_user', '2014-05-07 13:34:14'),
(68, 'Цигвинцев', 'И', 'П', 1, '1965-07-03', 1965, NULL, NULL, -1, NULL, 2, -1, NULL, 'Усть-Каменогорск, ООД', 'Кухарева А.А.', NULL, 'test_user', '2014-05-07 13:34:14'),
(69, 'Ерофеев', 'Ю', 'Н', 1, '1968-06-25', 1968, NULL, NULL, -1, NULL, 2, -1, NULL, 'Усть-Каменогорск, ООД', 'Кухарева А.А.', NULL, 'test_user', '2014-05-07 13:34:14'),
(70, 'Тусупбуеков', 'Ж', 'Ж', 1, '1962-08-27', 1962, NULL, NULL, -1, NULL, 1, -1, NULL, 'Усть-Каменогорск, ООД', 'Кухарева А.А.', NULL, 'test_user', '2014-05-07 13:34:14'),
(71, 'Батяева', 'Г', 'Х', 2, NULL, 1959, NULL, NULL, -1, NULL, 2, -1, NULL, 'Караганда, ООД', 'Омаров И.М.', NULL, 'test_user', '2014-05-07 13:34:14'),
(72, 'Прохорова', 'Екатерина', 'Николаевна', 2, '1969-01-16', 1969, NULL, NULL, -1, NULL, 2, -1, NULL, 'Астана, ГОД', 'Абдикаримов А.М.', NULL, 'test_user', '2014-05-07 13:34:14'),
(73, 'Кияшко', 'А', NULL, 2, NULL, 1957, NULL, NULL, -1, NULL, 3, -1, NULL, 'Алматы, АОЦ', NULL, NULL, 'test_user', '2014-05-07 13:34:14'),
(74, 'Булатова', 'Ф', 'Р', 2, NULL, 1970, NULL, NULL, -1, NULL, 2, -1, NULL, 'Усть-Каменогорск, ООД', 'Кухарева А.А.', NULL, 'test_user', '2014-05-07 13:34:14'),
(75, 'Курочкин', 'В', 'К', 1, '1964-02-18', 1964, NULL, NULL, -1, NULL, 2, -1, NULL, 'Усть-Каменогорск, ООД', 'Кухарева А.А.', NULL, 'test_user', '2014-05-07 13:34:14'),
(76, 'Лещенко', 'О', 'В', 1, NULL, 1957, NULL, NULL, -1, NULL, 3, -1, NULL, 'Усть-Каменогорск, ООД', 'Кухарева А.А.', NULL, 'test_user', '2014-05-07 13:34:14'),
(77, 'Зарипов', 'А', 'С', 1, NULL, 1953, NULL, NULL, -1, NULL, 7, -1, NULL, 'Усть-Каменогорск, ООД', 'Кухарева А.А.', NULL, 'test_user', '2014-05-07 13:34:14'),
(79, 'Александрова', 'Л', 'П', 2, '1948-01-18', 1948, NULL, NULL, -1, NULL, 2, -1, NULL, 'Усть-Каменогорск, ООД', 'Кухарева А.А.', NULL, 'test_user', '2014-05-07 13:34:14'),
(81, 'Д', 'Е', 'С', 1, '1948-08-18', 1948, NULL, NULL, -1, NULL, 1, -1, NULL, 'Алматы, АОЦ', NULL, NULL, 'test_user', '2014-05-07 13:34:14'),
(82, 'А', 'С', 'Е', 2, '1946-11-20', 1946, NULL, NULL, -1, NULL, 2, -1, NULL, 'Алматы, АОЦ', NULL, NULL, 'test_user', '2014-05-07 13:34:14'),
(83, 'Ч', 'Н', 'В', 2, NULL, 1959, NULL, NULL, -1, NULL, 2, -1, NULL, 'Алматы, КазНИИОиР', 'Смагулова К.К.', NULL, 'test_user', '2014-05-07 13:34:14'),
(84, 'Ж', 'М', NULL, 1, '1965-04-05', 1965, NULL, NULL, -1, NULL, 7, -1, NULL, 'Шымкент, ООД', 'Калдыбаева', NULL, 'test_user', '2014-05-07 13:34:14'),
(85, 'А', 'Н', NULL, 2, '1969-06-18', 1969, NULL, NULL, -1, NULL, 2, -1, NULL, 'Алматы, КазНИИОиР', 'Туманова А.К.', NULL, 'test_user', '2014-05-07 13:34:14'),
(86, 'Щ', 'С', 'И', 2, '1943-11-14', 1943, NULL, NULL, -1, NULL, -1, -1, NULL, 'Усть-Каменогорск, ООД', 'Кухарева А.А.', NULL, 'test_user', '2014-05-07 13:34:14'),
(87, 'П', 'П', 'Н', 1, '1934-06-11', 1934, NULL, NULL, -1, NULL, -1, -1, NULL, 'Усть-Каменогорск, ООД', 'Кухарева А.А.', NULL, 'test_user', '2014-05-07 13:34:14'),
(88, 'Абдрахманов', 'М', NULL, 1, '1935-04-01', 1935, NULL, NULL, -1, NULL, 1, -1, NULL, 'Усть-Каменогорск, ООД', 'Кухарева А.А.', NULL, 'test_user', '2014-05-07 13:34:14'),
(89, 'Курбанов', 'Б', 'Б', 1, '1941-11-23', 1941, NULL, NULL, -1, NULL, -1, -1, NULL, 'Усть-Каменогорск, ООД', 'Кухарева А.А.', NULL, 'test_user', '2014-05-07 13:34:14'),
(90, 'Тихонюк', 'Н', 'Н', 1, '1954-01-16', 1954, NULL, NULL, -1, NULL, -1, -1, NULL, 'Усть-Каменогорск, ООД', 'Кухарева А.А.', NULL, 'test_user', '2014-05-07 13:34:14'),
(91, 'Хотимский', 'Игорь', 'Сepгеевич', 1, '1970-10-21', 1970, NULL, NULL, -1, NULL, -1, -1, NULL, 'Усть-Каменогорск, ООД', 'Кухарева А.А.', NULL, 'test_user', '2014-05-07 13:34:14'),
(92, 'Костина', 'Ирина', 'Ивановна', 2, '1961-03-02', 1961, NULL, NULL, -1, NULL, -1, -1, NULL, 'Семей, РОД', 'Суров М.Ю.', NULL, 'test_user', '2014-05-07 13:34:14'),
(93, 'Баглик', 'Василий', 'Николаевич', 1, '1952-07-21', 1952, NULL, NULL, -1, NULL, -1, -1, NULL, 'Алматы, АОЦ', 'Акимжанова Ж.М.', NULL, 'test_user', '2014-05-07 13:34:14'),
(94, 'Пяткова', 'Ирина', 'Борисовна', 2, '1957-11-28', 1957, NULL, NULL, -1, NULL, 2, -1, NULL, 'г.Алматы, КазНИИОиР', 'Смагулова К.К.', NULL, 'test_user', '2014-05-07 13:34:14'),
(95, 'Скворцова', 'Людмила', 'Николаевна', 2, '1947-08-09', 1947, NULL, NULL, -1, NULL, 2, -1, NULL, 'Алматинская обл. г.Талгар, КазНИИОиР', 'Туманова А.К.', NULL, 'test_user', '2014-05-07 13:34:14'),
(97, 'Мамыров', 'Сейталы', NULL, 1, '1961-05-27', 1961, NULL, NULL, -1, NULL, -1, -1, NULL, 'Алматы, АОЦ', NULL, 'умер', 'test_user', '2014-05-07 13:34:14'),
(98, 'Чепигина', 'Нина', 'Тимофеевна', 2, '1954-03-24', 1954, NULL, NULL, -1, NULL, 2, -1, NULL, 'Алматы, АОЦ', 'Нурсилеков', NULL, 'test_user', '2014-05-07 13:34:14'),
(99, 'Медетбаев', 'Жумагали', 'Молдагалиевич', 1, '1949-08-14', 1949, NULL, NULL, -1, NULL, 1, -1, NULL, 'Алматинская обл, КазНИИОиР', 'Туманова А.К.', NULL, 'test_user', '2014-05-07 13:34:14'),
(100, 'Абилова', 'Шолпан', 'Ариповна', 2, '1978-03-26', 1978, NULL, NULL, -1, NULL, 1, -1, NULL, 'Алматы, КазНИИОиР', 'Туманова А.К.', NULL, 'test_user', '2014-05-07 13:34:14'),
(101, 'Нурбацина', 'Раиса', 'Аленовна', 2, '1959-01-01', 1959, NULL, NULL, -1, NULL, -1, -1, NULL, 'Алматы, АРОД', NULL, NULL, 'test_user', '2014-05-07 13:34:14'),
(102, 'Рогачева', 'Татьяна', 'Владимировна', 2, '1958-05-18', 1958, NULL, NULL, -1, NULL, -1, -1, NULL, 'Семей, РОД', 'Суров М.Ю.', NULL, 'test_user', '2014-05-07 13:34:14'),
(103, 'Жауарова', 'Галия', 'Ибраевна', 2, '1958-03-20', 1958, NULL, NULL, -1, NULL, -1, -1, NULL, 'Астана', 'Ковальчук', NULL, 'test_user', '2014-05-07 13:34:14'),
(104, 'Дастенова', 'Несибели', 'Назаргалиевна', 2, '1957-12-18', 1957, NULL, NULL, -1, NULL, -1, -1, NULL, 'Астана', 'Кумисбекова Р.К.', 'миома матки', 'test_user', '2014-05-07 13:34:14'),
(105, 'Амангалиев', 'А', 'Е', 1, NULL, 1940, NULL, NULL, -1, NULL, -1, -1, NULL, 'Алматы, АОЦ', NULL, NULL, 'test_user', '2014-05-07 13:34:14'),
(106, 'Стройло', 'А', 'В', 1, NULL, 1949, NULL, NULL, -1, NULL, -1, -1, NULL, 'Астана', 'Татиков  Т.М.', NULL, NULL, '2014-05-07 13:34:14'),
(107, 'Хомутский', 'А', 'Л', 1, '1945-01-04', 1945, NULL, NULL, -1, NULL, -1, -1, NULL, 'Усть-Каменогорск, ООД', 'Кухарева А.А.', NULL, 'test_user', '2014-05-07 13:34:14'),
(108, 'Прудникова', 'Н', 'В', 2, '1941-08-20', 1941, NULL, NULL, -1, NULL, -1, -1, NULL, 'Усть-Каменогорск, ООД', 'Кухарева А.А.', NULL, 'test_user', '2014-05-07 13:34:14'),
(110, 'Табакаева', 'А', 'А', 2, '1925-03-05', 1925, NULL, NULL, -1, NULL, -1, -1, NULL, 'Усть-Каменогорск, ООД', 'Кухарева А.А.', NULL, 'test_user', '2014-05-07 13:34:14'),
(111, 'Шулембаева', 'Б', '', 2, '1946-12-20', 1946, NULL, NULL, -1, NULL, -1, -1, NULL, 'Усть-Каменогорск, ООД', 'Кухарева А.А.', NULL, 'test_user', '2014-05-07 13:34:14'),
(112, 'Мурзина', 'Н', 'В', 2, '1968-04-21', 1968, NULL, NULL, -1, NULL, -1, -1, NULL, 'Усть-Каменогорск, ООД', 'Кухарева А.А.', NULL, 'test_user', '2014-05-07 13:34:14'),
(113, 'Лащев', 'А', 'С', 1, '1937-04-28', 1937, NULL, NULL, -1, NULL, -1, -1, NULL, 'Усть-Каменогорск, ООД', 'Кухарева А.А.', NULL, 'test_user', '2014-05-07 13:34:14'),
(114, 'Cкнар', 'Белла', 'Сингировна', 2, '1954-11-22', 1954, NULL, NULL, -1, NULL, 6, -1, NULL, 'г.Алматы, КазНИИОиР', 'Туманова А.К.', NULL, 'test_user', '2014-05-07 13:34:14'),
(115, 'Курбская', 'Н', 'В', 2, '1956-04-03', 1956, NULL, NULL, -1, NULL, -1, -1, NULL, 'Алматы, АОЦ', NULL, NULL, 'test_user', '2014-05-07 13:34:14'),
(116, 'Ким', 'Наталья', 'Анатольевна', 2, '1959-05-04', 1959, NULL, NULL, -1, NULL, 6, -1, NULL, 'Кызылорда', 'Туманова А.К. КазНИИОиР', NULL, 'test_user', '2014-05-07 13:34:14'),
(117, 'Анцупова', 'Вера', 'Сергеевна', 2, '1948-01-07', 1948, NULL, NULL, -1, NULL, 2, -1, NULL, 'Алматинская обл, КазНИИОиР', 'Кузекеев М.О., Насрытдинов Т.С.', NULL, 'test_user', '2014-05-07 13:34:14'),
(118, 'Увалиев', 'Бауржан', 'Болатович', 1, '1965-10-05', 1965, NULL, NULL, -1, NULL, 1, -1, NULL, 'Астана', 'Ковальчук', NULL, 'test_user', '2014-05-07 13:34:14'),
(119, 'Мухаметдинов', 'Гариф', 'Гарифович', 1, '1947-03-30', 1947, NULL, NULL, -1, NULL, -1, -1, NULL, 'Семей, РОД', 'Суюндукова А.А.', NULL, 'test_user', '2014-05-07 13:34:14'),
(120, 'Жусупова', 'Д', '', 2, '1945-06-25', 1945, NULL, NULL, -1, NULL, 1, -1, NULL, 'Кызылорда, ООД', 'Тлеушев Б.К.', NULL, 'test_user', '2014-05-07 13:34:14'),
(121, 'Садыков', 'Ахметжан', '', 1, NULL, 1952, NULL, NULL, -1, NULL, -1, -1, NULL, 'Кызылорда, ООД', 'Тлеушев Б.К.', NULL, 'test_user', '2014-05-07 13:34:14'),
(122, 'Цой', 'Георгий', '', 1, '1951-01-25', 1951, NULL, NULL, -1, NULL, 6, -1, NULL, 'Кызылорда, ООД', 'Тлеушев Б.К.', NULL, 'test_user', '2014-05-07 13:34:14'),
(123, 'Шаканова', 'К', '', 2, NULL, 1954, NULL, NULL, -1, NULL, -1, -1, NULL, 'Кызылорда, ООД', 'Тлеушев Б.К.', NULL, 'test_user', '2014-05-07 13:34:14'),
(124, 'Акпанбетова', 'Бибигуль', '', 2, '1965-05-10', 1965, NULL, NULL, -1, NULL, -1, -1, NULL, 'Кызылорда, ООД', 'Тлеушев Б.К.', NULL, 'test_user', '2014-05-07 13:34:14'),
(125, 'Борибеков', 'Нурлан', '', 1, '1967-06-29', 1967, NULL, NULL, -1, NULL, -1, -1, NULL, 'Кызылорда, ООД', 'Тлеушев Б.К.', NULL, 'test_user', '2014-05-07 13:34:14'),
(126, 'Семенов', 'Леонид', 'Владимирович', 1, '1948-11-27', 1948, NULL, NULL, -1, NULL, -1, -1, NULL, 'Кызылорда, ООД', 'Тлеушев Б.К.', NULL, 'test_user', '2014-05-07 13:34:14'),
(127, 'Никитина', 'Галина', 'Павловна', 2, '1949-07-12', 1949, NULL, NULL, -1, NULL, 2, -1, NULL, 'СКО п. Токсанби', 'Туманова А.К.КазНИИОиР', NULL, 'test_user', '2014-05-07 13:34:14'),
(128, 'Алпысбаев', 'А', '', 1, NULL, 1950, NULL, NULL, -1, NULL, -1, -1, NULL, 'Актобе, МЦЗКГМУ', 'Жумашева А.', NULL, 'test_user', '2014-05-07 13:34:14'),
(129, 'Таутыбаеав', 'К', 'А', 1, NULL, 1971, NULL, NULL, -1, NULL, -1, -1, NULL, 'Актобе, МЦЗКГМУ', 'Жумашева А.', NULL, NULL, '2014-05-07 13:34:14'),
(130, 'Савелкова', 'Н', 'А', 2, NULL, 1950, NULL, NULL, -1, NULL, -1, -1, NULL, 'Алматы, АРОД', 'Карибаев E.', NULL, 'test_user', '2014-05-07 13:34:14'),
(131, 'Зорина', 'Татьяна', 'Ильинична', 2, '1962-02-15', 1962, NULL, NULL, -1, NULL, 2, -1, NULL, 'Алматинская обл, Талгар, КазНИИОиР', 'Туманова А.К.', NULL, 'test_user', '2014-05-07 13:34:14'),
(132, 'Маметова', 'Нагима', 'Темиралиевна', 2, '1954-12-25', 1954, NULL, NULL, -1, NULL, 7, -1, NULL, 'Алматинская обл., КазНИИОиР', 'Туманова А.К.', NULL, 'test_user', '2014-05-07 13:34:14'),
(133, 'Нурумбетова', 'Рабига', 'Курмангалиевна', 2, '1955-12-19', 1955, NULL, NULL, -1, NULL, 1, -1, NULL, 'Алматинская обл, КазНИИОиР', 'Туманова А.К.', NULL, 'test_user', '2014-05-07 13:34:14'),
(134, 'Хезари', 'Сухрап', 'Исмаилович', 1, '1974-09-15', 1974, NULL, NULL, -1, NULL, -1, -1, NULL, 'Алматинская обл , КазНИИОиР', 'Смагулова К.К.', 'Азербайджанка', 'test_user', '2014-05-07 13:34:14'),
(135, 'Сушкова', 'Ирина', 'Владимировна', 2, '1968-12-03', 1968, NULL, NULL, -1, NULL, 2, -1, NULL, 'Мангистауская обл., г. Актау', 'Туманова А.К. ,КазНИИОиР', NULL, 'test_user', '2014-05-07 13:34:14'),
(136, 'Курманова', 'Сабыркуль', 'Нарымовна', 2, '1953-12-03', 1953, NULL, NULL, -1, NULL, 1, -1, NULL, 'Алматы, АРОД', NULL, NULL, 'test_user', '2014-05-07 13:34:14'),
(137, 'Сактапов', 'Кожанепес', 'Енсепович', 1, '1960-08-16', 1960, NULL, NULL, -1, NULL, 1, -1, NULL, 'Мангистауская обл., г. Жанаозен', 'Туманова А.К.КазНИИОиР', NULL, 'test_user', '2014-05-07 13:34:14'),
(138, 'Шульга', 'Анатолий', 'Иванович', 1, '1958-10-11', 1958, NULL, NULL, -1, NULL, -1, -1, NULL, 'Костанай, КООД', 'Сайменова М.Б', NULL, 'test_user', '2014-05-07 13:34:14'),
(139, 'Байменова', 'Нагима', 'Бахтияровна', 2, '1973-03-15', 1973, NULL, NULL, -1, NULL, -1, -1, NULL, 'Астана', 'Ибраимбаева А.Д.', NULL, 'test_user', '2014-05-07 13:34:14'),
(140, 'Сарсенбекова', 'М', 'Г', 2, NULL, 1941, NULL, NULL, -1, NULL, -1, -1, NULL, 'Астана', 'Сейтимбекова Г.А.', NULL, 'test_user', '2014-05-07 13:34:14'),
(141, 'Башкатов', 'Александр', 'Николаевич', 1, '1957-06-28', 1957, NULL, NULL, -1, NULL, -1, -1, NULL, 'Астана, ГОД', 'Сейтимбекова Г.А.', NULL, 'test_user', '2014-05-07 13:34:14'),
(142, 'Исабаева', 'Кульжамал', 'Камаловна', 2, NULL, 1955, NULL, NULL, -1, NULL, -1, -1, NULL, 'Алматы, АОЦ', 'Нургалиева М.Б.', NULL, 'test_user', '2014-05-07 13:34:14'),
(143, 'Мамедова', 'Сурия', 'Адошовна', 2, '1951-11-23', 1951, NULL, NULL, -1, NULL, 8, -1, NULL, 'Алматинская обл. КазНИИОиР', 'Насрытдинов Т.С.', 'Азербайджанка', 'test_user', '2014-05-07 13:34:14'),
(144, 'Саржанова', 'Шайбола', 'Ш', 2, '1950-07-10', 1950, NULL, NULL, -1, NULL, 1, -1, NULL, 'Алматинская обл. г.Талнар, КазНИИОиР', 'Насрытдинов Т.С.', NULL, 'test_user', '2014-05-07 13:34:14'),
(145, 'Щербаков', 'Геннадий', 'Петрович', 1, '1942-11-14', 1942, NULL, NULL, -1, NULL, 2, -1, NULL, 'г. Алматы, КазНИИОиР', 'Кузекеев М.О., Насрытдинов Т.С.', NULL, 'test_user', '2014-05-07 13:34:14'),
(146, 'Багатов', 'Бермаханбет', NULL, 1, '1949-10-10', 1949, NULL, NULL, -1, NULL, -1, -1, NULL, 'Астана, ГОД', 'Арипжанова Г.О.', NULL, 'test_user', '2014-05-07 13:34:14'),
(147, 'Тасымов', 'Сейфулла', 'Нуролаевич', 1, '1986-09-12', 1986, NULL, NULL, -1, NULL, -1, -1, NULL, 'Астана, ГОД', 'Абдикаримов А.М.', NULL, 'test_user', '2014-05-07 13:34:14'),
(148, 'Мусатаев', 'Серекпек', 'Жунусбекович', 1, '1953-06-11', 1953, NULL, NULL, -1, NULL, -1, -1, NULL, 'Семей, РОД', 'Суров М.Ю.', NULL, 'test_user', '2014-05-07 13:34:14'),
(149, 'Амрин', 'Мурат', 'Муталлаевич', 1, '1961-03-14', 1961, NULL, NULL, -1, NULL, -1, -1, NULL, 'Астана, ГОД', 'Сейтимбекова Г.А.', NULL, 'test_user', '2014-05-07 13:34:14'),
(150, 'Айтбаева', 'С', NULL, 2, '1942-06-30', 1942, NULL, NULL, -1, NULL, -1, -1, NULL, 'Кызылорда, ООД', 'Тлеушев Б.К.', NULL, 'test_user', '2014-05-07 13:34:14'),
(151, 'Черкасская', 'Нина', 'Васильевна', 2, NULL, 1947, NULL, NULL, -1, NULL, -1, -1, NULL, 'Алматы, АОЦ', 'Адиев М.М.', NULL, 'test_user', '2014-05-07 13:34:14'),
(153, 'Канова', 'Нина', 'Владиславовна', 2, '1955-04-15', 1955, NULL, NULL, -1, NULL, -1, -1, NULL, 'Алматы, АОЦ', 'Чаяхметова З.М.', NULL, 'test_user', '2014-05-07 13:34:14'),
(154, 'Марасулюпова', 'Гульнара', 'Кусаиновна', 2, '1965-06-25', 1965, NULL, NULL, -1, NULL, 1, -1, NULL, 'Алматинская обл, КазНИИОиР', 'Туманова А.К.', NULL, 'test_user', '2014-05-07 13:34:14'),
(155, 'Чукреев', 'Петр', 'Павлович', 1, '1937-12-16', 1937, NULL, NULL, -1, NULL, 2, -1, NULL, 'г. Алматы, КазНИИОиР', 'Кузекеев М.О., Насрытдинов Т.С.', NULL, 'test_user', '2014-05-07 13:34:14'),
(156, 'Табулток', 'Н', 'В', 1, '1949-04-15', 1949, NULL, NULL, -1, NULL, -1, -1, NULL, 'Костанай, КООД', 'Джинсара И.', 'с-r  слепой кишки StIII T4N1Mx', 'test_user', '2014-10-02 10:15:13'),
(157, 'Неберкутина', 'Вера', 'Ивановна', 2, '1947-11-23', 1947, NULL, NULL, -1, NULL, -1, -1, NULL, 'Семей, РОД', 'Суюндукова А.А.', 'с-r  прямой кишки StIV T4N1M1; 39914', 'test_user', '2014-10-02 10:19:48'),
(158, 'Буракова', 'А.', 'В.', 2, NULL, 1985, NULL, NULL, -1, NULL, -1, -1, NULL, 'Караганда, ООД', 'Нуркетаева Ж.О.', 'Мутация G12D', 'test_user', '2014-10-02 10:25:49'),
(159, 'Холод.', 'А.', 'И.', 1, '1949-11-28', 1949, NULL, NULL, -1, NULL, -1, -1, NULL, 'Семей, РОД', 'Суюндукова А.А.', NULL, 'test_user', '2014-10-02 10:36:24'),
(160, 'Ибраев', 'Асылбек', 'Узакпаевич', 1, '1954-08-07', 1954, NULL, NULL, -1, NULL, 1, -1, NULL, 'Костанай, КООД', 'Войтова И.В.', NULL, 'test_user', '2014-10-02 17:21:15'),
(161, 'Сугоняка', 'Юрий', 'Иванович', 1, '1956-01-30', 1956, NULL, NULL, -1, NULL, -1, -1, NULL, 'Костанай, КООД', 'Сайменова М.Б', NULL, 'test_user', '2014-10-02 17:27:19'),
(162, 'Чаплыгин', 'Владимир', 'Васильевич', 1, '1953-03-12', 1953, NULL, NULL, -1, NULL, -1, -1, NULL, 'Костанай, КООД', 'Войтова И.В.', NULL, 'test_user', '2014-10-02 17:54:39'),
(163, 'Айнабекова', 'Найля', 'Шарифовна', 2, '1960-05-22', 1960, NULL, NULL, -1, NULL, 1, -1, NULL, 'Караганда, ООД', 'Нуркетаева Ж.О.', NULL, 'test_user', '2014-10-02 17:58:30'),
(164, 'Кирьянчук', 'Мария', 'Петровна', 2, '1958-05-25', 1958, NULL, NULL, -1, NULL, -1, -1, NULL, 'Караганда, ООД', 'Нуркетаева Ж.О.', NULL, 'test_user', '2014-10-02 18:01:50'),
(165, 'Актаева', 'Карлыгаш', 'Заманхановна', 2, '1967-11-10', 1967, NULL, NULL, -1, NULL, 1, -1, NULL, 'Шымкент, ООД', 'Абдурасылова', NULL, 'test_user', '2014-10-02 18:05:09'),
(166, 'Джолдыбаева', 'Р.', 'Н.', 2, '1981-11-24', 1981, NULL, NULL, -1, NULL, -1, -1, NULL, 'Шымкент, ООД', 'Умарова К.', NULL, 'test_user', '2014-10-02 18:08:17'),
(167, 'Утенбаев', 'Дуйсенби', 'Умерзехтович', 1, '1961-11-06', 1961, NULL, NULL, -1, NULL, -1, -1, NULL, 'Шымкент, ООД', 'Абдурасылова', NULL, 'test_user', '2014-10-02 18:11:14'),
(168, 'Байсеитова', 'Зерхан', NULL, 2, '1950-12-20', 1950, NULL, NULL, -1, NULL, 1, -1, NULL, 'Шымкент, ООД', 'Юсупов А.М.', NULL, 'test_user', '2014-10-02 18:18:59'),
(169, 'Казыкеев', 'О.', 'А', 1, '1954-03-11', 1954, NULL, NULL, -1, NULL, 1, -1, NULL, 'Шымкент, ООД', 'Юсупов А.М.', NULL, 'test_user', '2014-10-02 18:22:20'),
(170, 'Рындина', 'В.', 'А.', 2, '1937-12-25', 1937, NULL, NULL, -1, NULL, -1, -1, NULL, 'Шымкент, ООД', 'Юсупов А.М.', NULL, 'test_user', '2014-10-02 18:26:19'),
(171, 'Лепехина', 'Алла', 'Владимировна', 2, '1961-01-21', 1961, NULL, NULL, -1, NULL, -1, -1, NULL, 'Алматы, АОЦ', 'Нурсулейменовна М.А.', NULL, 'test_user', '2014-10-02 18:29:58'),
(172, 'Сулугалиев', 'А.', 'М.', 1, '1962-04-16', 1962, NULL, NULL, -1, NULL, 1, -1, NULL, 'Уральск, ООД', 'Елубаев Т.С.', NULL, 'test_user', '2014-10-02 18:34:24'),
(173, 'Атаниязов', 'Ермек', 'Карлович', 1, '1966-07-14', 1966, NULL, NULL, -1, NULL, 1, -1, NULL, 'Уральск, ООД', 'Садвакасова', NULL, 'test_user', '2014-10-02 18:37:01'),
(174, 'Соколенко', 'Евгений', 'Дмитриевич', 1, '1959-10-04', 1959, NULL, NULL, -1, NULL, -1, -1, NULL, 'Алматы, АОЦ', 'Кайдаров Б.К.', NULL, 'test_user', '2014-10-02 18:39:18'),
(175, 'Саяпина', 'Н.', 'Т.', 2, NULL, 1946, NULL, NULL, -1, NULL, -1, -1, NULL, 'Алматы, АОЦ', 'Жунусов', NULL, 'test_user', '2014-10-02 18:41:46'),
(176, 'Конуспаева', 'Газиза', 'Садыковна', 2, '1948-09-16', 1948, NULL, NULL, -1, NULL, 1, -1, NULL, 'Алматинская обл., КазНИИОиР', 'Кузекеев М.О., Насрытдинов Т.С.', NULL, 'test_user', '2014-10-02 18:46:44'),
(177, 'Данилина', 'Наталья', 'Николаевна', 2, '1963-10-08', 1963, NULL, NULL, -1, NULL, 2, -1, NULL, 'Павлодарская обл.,', 'Кузекеев М.О., Насрытдинов Т.С.КазНИИОиР', NULL, 'test_user', '2014-10-02 18:49:26'),
(178, 'Уклова', 'Елизавета', 'Александровна', 2, '1954-06-15', 1954, NULL, NULL, -1, NULL, 6, -1, NULL, 'Костанайская  обл.', 'Кузекеев М.О., Насрытдинов Т.С., КазНИИОиР', NULL, 'test_user', '2014-10-02 18:52:52'),
(179, 'Стрелков', 'Игорь', 'Александрович', 1, '1977-10-09', 1977, NULL, 175, 0, NULL, 2, 1, NULL, 'Алматы, КазНИИОиР', 'Кузекеев М.О., Насрытдинов Т.С.', NULL, 'test_user', '2014-10-02 18:58:53'),
(180, 'Таттибеков', 'Болат', 'Ассинович', 1, '1937-12-16', 1937, NULL, NULL, -1, NULL, 1, -1, NULL, 'Алматы, КазНИИОиР', 'Кузекеев М.О., Насрытдинов Т.С.', NULL, 'test_user', '2014-10-02 19:04:59'),
(181, 'Юлдашева', 'Рахат', NULL, 2, '1956-01-13', 1956, NULL, NULL, -1, NULL, 7, -1, NULL, 'Алматинская обл., КазНИИОиР', 'Кузекеев М.О., Насрытдинов Т.С.', NULL, 'test_user', '2014-10-02 19:07:06'),
(182, 'Усаневич', 'П.', 'Е.', 1, '1949-08-12', 1949, NULL, NULL, -1, NULL, -1, -1, NULL, 'Петропавловск, ООД', 'Умерзакова', NULL, 'test_user', '2014-10-02 19:09:13'),
(183, 'Пономаренко', 'И.', 'В.', 1, '1965-11-27', 1965, NULL, NULL, -1, NULL, 3, -1, NULL, 'Петропавловск, ООД', 'Умерзакова', NULL, 'test_user', '2014-10-02 19:11:18'),
(184, 'Пилипенко', 'В.', 'С.', 1, '1958-05-01', 1958, NULL, NULL, -1, NULL, -1, -1, NULL, 'Петропавловск, ООД', 'Умерзакова', NULL, 'test_user', '2014-10-02 19:14:36'),
(185, 'Семёнов', 'Анатолий', 'Васильевич', 1, '1964-07-04', 1964, NULL, NULL, -1, NULL, 2, -1, NULL, 'Петропавловск, ООД', 'Булатов А.Б.', NULL, 'test_user', '2014-10-02 19:17:11'),
(186, 'Полушкина', 'Надежда', 'Тимофеевна', 2, '1942-09-20', 1942, NULL, NULL, -1, NULL, -1, -1, NULL, 'Астана, ГОД', 'Удовенко Д.Г.', NULL, 'test_user', '2014-10-02 19:20:34'),
(187, 'Хайруллин', 'Денис', 'Сергеевич', 1, '1977-02-04', 1977, NULL, NULL, -1, NULL, -1, -1, NULL, 'Костанай, КООД', 'Войтова И.В.', NULL, 'test_user', '2014-10-02 19:26:14'),
(188, 'Кислицын', 'Сергей', 'Борисович', 1, '1959-05-05', 1959, NULL, NULL, -1, NULL, 2, -1, NULL, 'Астана, ГОД', 'Кожагалиев О.М.', NULL, 'test_user', '2014-10-02 19:30:20'),
(189, 'Данильцова', 'Людмила', 'Андреевна', 2, '1950-11-30', 1950, NULL, NULL, -1, NULL, 2, -1, NULL, 'Костанай, КООД', 'Сайменова М.Б', NULL, 'test_user', '2014-10-02 19:35:23'),
(190, 'Медведева', 'Лидия', 'Алексеевна', 2, '1948-06-18', 1948, NULL, NULL, -1, NULL, -1, -1, NULL, 'Костанай, КООД', 'Потапенко В.В.', NULL, 'test_user', '2014-10-02 19:43:50'),
(191, 'Наумова', 'Елена', 'Григорьевна', 2, '1974-11-16', 1974, NULL, NULL, -1, NULL, 2, -1, NULL, 'Алматы, КазНИИОиР', 'Абдрахманов Р.З.', NULL, 'test_user', '2014-10-02 19:46:03'),
(192, 'Рассказов', 'Владимир', 'Алексеевич', 1, '1948-02-22', 1948, NULL, NULL, -1, NULL, -1, -1, NULL, 'Усть-Каменогорск, ООД', 'Кайдарова', NULL, 'test_user', '2014-10-02 19:47:59'),
(193, 'Василенко', 'Иван', 'Николаевич', 1, '1955-08-03', 1955, NULL, NULL, -1, NULL, -1, -1, NULL, 'Усть-Каменогорск, ООД', 'Кайдарова', NULL, 'test_user', '2014-10-02 19:50:03'),
(194, 'Баженова', 'Л.', 'Г.', 2, NULL, 1960, NULL, NULL, -1, NULL, -1, -1, NULL, 'Усть-Каменогорск, ООД', 'Кухарева А.А.', NULL, 'test_user', '2014-10-02 19:53:09'),
(195, 'Игнатович', 'А.', 'И.', 1, '1960-11-29', 1960, NULL, NULL, -1, NULL, -1, -1, NULL, 'Усть-Каменогорск, ООД', 'Кухарева А.А.', NULL, 'test_user', '2014-10-02 19:54:49'),
(196, 'Шмидт', 'Я.', 'Т.', 1, '1958-07-15', 1958, NULL, NULL, -1, NULL, -1, -1, NULL, 'Усть-Каменогорск, ООД', 'Кухарева А.А.', NULL, 'test_user', '2014-10-02 19:56:52'),
(197, 'Ромашкина', 'Т.', 'И.', 2, '1975-01-04', 1975, NULL, NULL, -1, NULL, -1, -1, NULL, 'Петропавловск, ООД', 'Булатов А.Б.', NULL, 'test_user', '2014-10-02 19:58:49'),
(198, 'Чернышева', 'Н.', 'Г.', 2, '1968-06-30', 1968, NULL, NULL, -1, NULL, -1, -1, NULL, 'Петропавловск, ООД', 'Булатов А.Б.', 'Нет стеклопрепаратов, только блоки', 'test_user', '2014-10-02 20:00:51'),
(199, 'Азимова', 'Елена', 'Евгеньевна', 2, '1960-09-06', 1960, 60, 162, -1, NULL, 6, 0, NULL, 'Алматинская обл, КазНИИОиР', 'Смагулова К.К.', NULL, 'test_user', '2014-10-02 20:03:17'),
(200, 'Ахметова', 'С.', 'В.', 2, '1960-07-21', 1960, NULL, NULL, -1, NULL, -1, -1, NULL, 'Караганда, ООД', 'Нуркетаева Ж.О.', NULL, 'test_user', '2014-10-02 20:04:54'),
(201, 'Сулейменов', 'Нагашыбай', NULL, 1, '1952-01-15', 1952, NULL, NULL, -1, NULL, -1, -1, NULL, 'Костанай, КООД', 'Сайменова М.Б', NULL, 'test_user', '2014-10-02 20:07:08'),
(202, 'Бартай', 'Светлана', 'Васильевна', 2, '1959-03-11', 1959, NULL, NULL, -1, NULL, -1, -1, NULL, 'Костанай, КООД', 'Сайменова М.Б', NULL, 'test_user', '2014-10-03 03:26:17'),
(203, 'Досанова', 'Бакыт', 'Кабыловна', 2, '1961-04-01', 1961, NULL, NULL, -1, NULL, -1, -1, NULL, 'Костанай, КООД', 'Сайменова М.Б', NULL, 'test_user', '2014-10-03 03:31:23'),
(204, 'Зиалтдинов', 'Артем', 'Юревич', 1, '1991-08-09', 1991, NULL, NULL, -1, NULL, -1, -1, NULL, 'Костанай, КООД', 'Сайменова М.Б', NULL, 'test_user', '2014-10-03 03:34:53'),
(205, 'Теплова', 'Галина', 'Казимировна', 2, '1953-01-15', 1953, NULL, NULL, -1, NULL, -1, -1, NULL, 'Костанай, КООД', 'Сайменова М.Б', NULL, 'test_user', '2014-10-03 03:39:13'),
(206, 'Зарецкая', 'Лидия', 'Александровна', 2, '1950-07-15', 1950, NULL, NULL, -1, NULL, -1, -1, NULL, 'Костанай, КООД', 'Сайменова М.Б', NULL, 'test_user', '2014-10-03 03:43:31'),
(207, 'Султанова', 'Сауле', 'Байсултановна', 2, '1972-11-16', 1972, NULL, NULL, -1, NULL, -1, -1, NULL, 'Костанай, КООД', 'Сайменова М.Б', NULL, 'test_user', '2014-10-03 03:46:25'),
(208, 'Калматов', 'Б.', 'Т.', 1, '1965-04-12', 1965, NULL, NULL, -1, NULL, -1, -1, NULL, 'Костанай, КООД', 'Сайменова М.Б', NULL, 'test_user', '2014-10-03 03:49:03'),
(210, 'Беклиева', 'Джупаргуль', NULL, 2, '1939-01-10', 1939, NULL, NULL, -1, NULL, 1, -1, NULL, 'г. Кызылорда', 'Кузекеев М.О., Насрытдинов Т.С.КазНИИОиР', NULL, 'test_user', '2014-10-03 03:56:01'),
(211, 'Ткаченко', 'Наталья', 'Анатолевна', 2, '1953-11-07', 1953, NULL, NULL, -1, NULL, -1, -1, NULL, 'Семей, РОД', 'Суров М.Ю.', NULL, 'test_user', '2014-10-03 03:58:48'),
(212, 'Терещенко', 'Людмила', 'Александровна', 2, '1951-01-08', 1951, NULL, NULL, -1, NULL, -1, -1, NULL, 'Астана, ГОД', 'Удовенко Д.Г.', NULL, 'test_user', '2014-10-03 04:01:06'),
(213, 'Толтакова', 'Карлыга', 'Ромазановна', 2, '1962-04-28', 1962, NULL, NULL, -1, NULL, -1, -1, NULL, 'Астана, ГОД', 'Абдикаримов А.М.', NULL, 'test_user', '2014-10-03 04:03:07'),
(214, 'Буглак', 'А.', 'Н.', 1, '1978-06-24', 1978, NULL, NULL, -1, NULL, -1, -1, NULL, 'Караганда, ООД', 'Нуркетаева Ж.О.', NULL, 'test_user', '2014-10-03 04:05:45'),
(215, 'Котов', 'Виктор', 'Владимирович', 1, '1958-02-04', 1958, NULL, NULL, -1, NULL, -1, -1, NULL, 'Караганда, ООД', 'Нуркетаева Ж.О.', NULL, 'test_user', '2014-10-03 04:08:19'),
(216, 'Старостина', 'Н.', 'В.', 2, '1981-11-05', 1981, NULL, NULL, -1, NULL, -1, -1, NULL, 'Алматы, АРОД', 'Акимжанова Ж.М.', NULL, 'test_user', '2014-10-03 04:10:25'),
(217, 'Мухутдинова', 'Румия', 'Шайхиевна', 2, '1941-01-21', 1941, NULL, NULL, -1, NULL, -1, -1, NULL, 'Семей, РОД', 'Суров М.Ю.', NULL, 'test_user', '2014-10-03 04:12:22'),
(219, 'Иванова', 'Т.', 'С.', 2, '1967-11-15', 1967, NULL, NULL, -1, NULL, -1, -1, NULL, 'Караганда, ООД', 'Нуркетаева Ж.О.', NULL, 'test_user', '2014-10-03 04:15:27'),
(220, 'Луценко', 'А.', 'Д.', 2, '1948-07-20', 1948, NULL, NULL, -1, NULL, -1, -1, NULL, 'Караганда, ООД', 'Нуркетаева Ж.О.', NULL, 'test_user', '2014-10-03 04:19:03'),
(221, 'Вазисова', 'В', 'В', 2, NULL, 1953, NULL, NULL, -1, NULL, -1, -1, NULL, 'Караганда, ООД', 'Нуркетаева Ж.О.', NULL, 'test_user', '2014-10-11 16:08:03'),
(222, 'Филимонова', 'Н', 'Б.', 2, '1963-02-14', 1963, NULL, NULL, -1, NULL, 2, -1, NULL, 'Караганда, ООД', 'Нуркетаева Ж.О.', NULL, 'test_user', '2014-10-11 16:15:15'),
(223, 'Гордов', 'В', 'Г.', 1, '1942-02-03', 1942, NULL, NULL, -1, NULL, -1, -1, NULL, 'Караганда, ООД', 'Нуркетаева Ж.О.', NULL, 'test_user', '2014-10-11 16:30:24'),
(224, 'Айткожин', 'Д', 'А.', 1, '1970-10-14', 1970, NULL, NULL, -1, NULL, 1, -1, NULL, 'Караганда, ООД', 'Нуркетаева Ж.О.', NULL, 'test_user', '2014-10-11 18:43:18'),
(225, 'Гордеева', 'В', 'И.', 2, '1942-06-14', 1942, NULL, NULL, -1, NULL, 2, -1, NULL, 'Караганда, ООД', 'Нуркетаева Ж.О.', NULL, 'test_user', '2014-10-11 18:48:11'),
(226, 'Алган', 'Серикбай', '', 1, '1940-10-19', 1940, NULL, NULL, -1, NULL, 1, -1, NULL, 'Кызылорда, ООД', 'Тлеушев Б.К.', NULL, 'test_user', '2014-10-11 18:55:45'),
(227, 'Алуадинов', 'Умирбай', '', 1, '1950-09-28', 1950, NULL, NULL, -1, NULL, 1, -1, NULL, 'Кызылорда, ООД', 'Тлеушев Б.К.', NULL, 'test_user', '2014-10-11 18:59:56'),
(228, 'Жубанышова', 'Сагадат', '', 2, '1950-08-15', 1950, NULL, NULL, -1, NULL, 1, -1, NULL, 'Кызылорда, ООД', 'Тлеушев Б.К.', NULL, 'test_user', '2014-10-11 19:06:19'),
(229, 'Сарсенов', 'Баглан', '', 1, '1972-05-12', 1972, NULL, NULL, -1, NULL, 1, -1, NULL, 'Кызылорда, ООД', 'Тлеушев Б.К.', NULL, 'test_user', '2014-10-11 19:37:35'),
(230, 'Смагул', 'Жамиля', '', 2, '1948-10-01', 1948, NULL, NULL, -1, NULL, 1, -1, NULL, 'Кызылорда, ООД', 'Тлеушев Б.К.', NULL, 'test_user', '2014-10-11 19:47:46'),
(231, 'Юсупова', 'Хасият', 'Турсуновна', 2, '1949-03-29', 1949, NULL, NULL, -1, NULL, 7, -1, NULL, 'Алматинская обл,', 'Кузекеев М.О., Насрытдинов Т.С.КазНИИОиР', NULL, 'test_user', '2014-10-11 19:56:05'),
(232, 'Орманов', 'И', 'М.', 1, NULL, 1959, NULL, NULL, -1, NULL, 1, -1, NULL, 'Тараз', NULL, NULL, 'test_user', '2014-10-11 20:00:45'),
(233, 'Панина', 'Г.', 'М.', 2, NULL, 1952, NULL, NULL, -1, NULL, -1, -1, NULL, 'Караганда, ООД', 'Нуркетаева Ж.О.', NULL, 'test_user', '2014-10-11 20:04:03'),
(234, 'Кузьмин', 'О.', 'А.', 1, '1951-06-07', 1951, NULL, NULL, -1, NULL, 2, -1, NULL, 'Караганда, ООД', 'Нуркетаева Ж.О.', NULL, 'test_user', '2014-10-11 20:18:53'),
(236, 'Журавлева', 'Г.', 'Я.', 2, '1951-06-18', 1951, NULL, NULL, -1, NULL, -1, -1, NULL, 'Караганда, ООД', 'Нуркетаева Ж.О.', NULL, 'test_user', '2014-10-13 03:12:52'),
(238, 'Марышкин', 'В.', 'В', 1, '1942-06-20', 1942, NULL, NULL, -1, NULL, -1, -1, NULL, 'Караганда, ООД', 'Нуркетаева Ж.О.', NULL, 'test_user', '2014-10-13 04:31:46'),
(239, 'Оспанбекова', 'Г.', 'Н.', 2, NULL, 1966, NULL, NULL, -1, NULL, -1, -1, NULL, 'Караганда, ООД', 'Нурпейсова  Г.К.', NULL, 'test_user', '2014-10-13 04:35:47'),
(240, 'Исламгалина', 'Ф.', 'А.', 2, '1954-08-30', 1954, NULL, NULL, -1, NULL, -1, -1, NULL, 'Караганда, ООД', 'Нуркетаева Ж.О.', NULL, 'test_user', '2014-10-13 04:39:17'),
(241, 'Яланский', 'В.', 'В.', 1, '1963-08-04', 1963, NULL, NULL, -1, NULL, -1, -1, NULL, 'Караганда, ООД', 'Нуркетаева Ж.О.', NULL, 'test_user', '2014-10-13 04:42:21');
INSERT INTO `kras_patient` (`id`, `last_name`, `first_name`, `patronymic_name`, `sex_id`, `date_birth`, `year_birth`, `weight_kg`, `height_sm`, `prof_or_other_hazards_yes_no_id`, `prof_or_other_hazards_discr`, `nationality_id`, `smoke_yes_no_id`, `smoke_discr`, `hospital`, `doctor`, `comments`, `user`, `insert_date`) VALUES
(242, 'Кульбаева', 'М.', 'Ж.', 2, '1957-08-25', 1957, NULL, NULL, -1, NULL, -1, -1, NULL, 'Алматы, АРОД', NULL, NULL, 'test_user', '2014-10-13 04:45:34'),
(243, 'Жантуреева', 'Камиля', 'Махмутовна', 2, '1952-09-16', 1952, NULL, NULL, -1, NULL, -1, -1, NULL, 'Астана, ГОД', 'Татиков  Т.М.', NULL, 'test_user', '2014-10-13 04:48:45'),
(244, 'Забирова', 'София', 'Галикызы.', 2, '1935-08-15', 1935, NULL, NULL, -1, NULL, -1, -1, NULL, 'Астана, ГОД', 'Сейтимбекова Г.А.', NULL, 'test_user', '2014-10-13 04:52:39'),
(245, 'Сейтжанов', 'Самат', 'Несипжанович.', 1, '1960-04-10', 1960, NULL, NULL, -1, NULL, -1, -1, NULL, 'Астана, ГОД', 'Абдикаримов А.М.', NULL, 'test_user', '2014-10-13 04:56:59'),
(246, 'Язаджи', 'Галина', 'Петровна.', 2, '1955-09-06', 1955, NULL, NULL, -1, NULL, -1, -1, NULL, 'Астана, ГОД', 'Удовенко Д.Г.', NULL, 'test_user', '2014-10-13 05:00:51'),
(247, 'Кислицына', 'Лидия', 'Сергеевна .', 2, '1947-10-20', 1947, NULL, NULL, -1, NULL, -1, -1, NULL, 'Астана, ГОД', 'Рутжанова  Ж.Ю.', NULL, 'test_user', '2014-10-13 05:06:38'),
(248, 'Шмакова', 'Валентина', 'Александровна.', 2, '1953-04-07', 1953, NULL, NULL, -1, NULL, 2, -1, NULL, 'г. Алматы, КазНИИОиР', 'Кузекеев М.О., Насрытдинов Т.С.', NULL, 'test_user', '2014-10-13 05:10:31'),
(249, 'Юрченко', 'Виктор', 'Михалович', 1, '1954-10-04', 1954, NULL, NULL, -1, NULL, -1, -1, NULL, 'Семей, РОД', 'Кармапова Н.Ю.', NULL, 'test_user', '2014-10-13 05:14:27'),
(250, 'Каримов', 'Катиб', 'Балкияевич', 1, '1958-02-12', 1958, NULL, NULL, -1, NULL, -1, -1, NULL, 'Алматы, КазНИИОиР', 'Смагулова К.К.', NULL, 'test_user', '2014-10-13 05:17:20'),
(251, 'Рысбаева', 'Кульмайрам', NULL, 2, '1942-07-24', 1942, NULL, NULL, -1, NULL, 1, -1, NULL, 'Алматинская обл. , Кармалинский р-н', 'Есентаева С.Е. КазНИИОиР, АОЦ', NULL, 'test_user', '2014-10-13 05:41:32'),
(254, 'Данильцова', 'А.', 'А.', 2, NULL, 1950, NULL, NULL, -1, NULL, -1, -1, NULL, 'Костанай, КООД', NULL, NULL, 'test_user', '2014-10-13 06:31:18'),
(256, 'Золтирин', 'Сергей', 'А.', 1, '1959-06-20', 1959, NULL, NULL, -1, NULL, -1, -1, NULL, 'Костанай, КООД', 'Сайменова М.Б', NULL, 'test_user', '2014-10-13 06:35:36'),
(257, 'Матушевич', 'Татьяна', 'Викторовна.', 2, '1960-05-17', 1960, NULL, NULL, -1, NULL, -1, -1, NULL, 'Костанай, КООД', 'Войтова И.В', NULL, 'test_user', '2014-10-13 06:41:49'),
(258, 'Мурзатаева', 'Ирина', 'Михайловна.', 2, '1966-11-17', 1966, NULL, NULL, -1, NULL, -1, -1, NULL, 'Костанай, КООД', 'Потапенко В.В.', NULL, 'test_user', '2014-10-13 06:44:53'),
(259, 'Аккабакова', 'К.Н.', NULL, 2, '1938-03-08', 1938, NULL, NULL, -1, NULL, -1, -1, NULL, 'Павлодар, ПООД', 'Богамозова И.В.', NULL, 'test_user', '2014-10-13 06:47:45'),
(260, 'Дубатова', 'Г.М.', '', 2, '1956-08-03', 1956, NULL, NULL, -1, NULL, -1, -1, NULL, 'Павлодар, ПООД', 'Богамозова И.В.', NULL, 'test_user', '2014-10-13 06:53:10'),
(261, 'Гафурова', 'Т.Г.', '', 2, '1953-05-03', 1953, NULL, NULL, -1, NULL, -1, -1, NULL, 'Павлодар, ПООД', 'Богамозова И.В.', NULL, 'test_user', '2014-10-13 06:57:06'),
(262, 'Кондоржен', 'А.А.', '', 1, '1939-10-08', 1939, NULL, NULL, -1, NULL, -1, -1, NULL, 'Павлодар, ПООД', 'Богамозова И.В.', NULL, 'test_user', '2014-10-13 07:00:39'),
(263, 'Онокулева', 'Н.С.', '', 2, '1959-11-07', 1959, NULL, NULL, -1, NULL, -1, -1, NULL, 'Павлодар, ПООД', 'Богамозова И.В.', NULL, 'test_user', '2014-10-13 07:03:17'),
(264, 'Краснов', 'Н.Д.', '', 1, '1936-09-20', 1936, NULL, NULL, -1, NULL, -1, -1, NULL, 'Павлодар, ПООД', 'Богамозова И.В.', NULL, 'test_user', '2014-10-13 07:05:50'),
(265, 'Орловская', 'Светлана', 'Владимировна', 2, '1947-01-03', 1947, NULL, NULL, -1, NULL, 2, -1, NULL, 'г. Алматы, КазНИИОиР', 'Кузекеев М.О., Насрытдинов Т.С.', NULL, 'test_user', '2014-10-13 08:18:36'),
(266, 'Ахметова', 'Ш.Р.', NULL, 2, NULL, 1964, NULL, NULL, -1, NULL, -1, -1, NULL, 'Караганда, ООД', 'Нуркетаева Ж.О.', NULL, 'test_user', '2014-10-13 08:21:18'),
(267, 'Федоров', 'В.И.', '', 1, '1956-05-13', 1956, NULL, NULL, -1, NULL, -1, -1, NULL, 'Караганда, ООД', 'Нуркетаева Ж.О.', NULL, 'test_user', '2014-10-13 08:23:34'),
(268, 'Баженова', 'Р.Н.', '', 2, '1948-01-23', 1948, NULL, NULL, -1, NULL, -1, -1, NULL, 'Караганда, ООД', 'Нуркетаева Ж.О.', NULL, 'test_user', '2014-10-13 08:25:50'),
(269, 'Шулембаева', 'Н.', '', 2, '1954-03-29', 1954, NULL, NULL, -1, NULL, -1, -1, NULL, 'Караганда, ООД', 'Нурпейсова  Г.К.', NULL, 'test_user', '2014-10-13 08:28:05'),
(270, 'Винтер', 'А.Е.', NULL, 1, '1959-05-18', 1959, NULL, NULL, -1, NULL, -1, -1, NULL, 'Караганда, ООД', 'Нурпейсова  Г.К.', NULL, 'test_user', '2014-10-13 08:30:35'),
(271, 'Ван', 'Светлана', 'Алексеевна', 2, '1953-08-03', 1953, NULL, NULL, -1, NULL, -1, -1, NULL, 'Алматы, АОЦ', 'Афонин Г.А.', NULL, 'test_user', '2014-10-13 08:33:22'),
(272, 'Вигонян', 'Тамара', 'Николаевна', 2, '1954-07-20', 1954, NULL, NULL, -1, NULL, 2, -1, NULL, 'Жамбыльская обл., г.Шу', 'Кузекеев М.О., Насрытдинов Т.С.КазНИИОиР', NULL, 'test_user', '2014-10-13 08:36:02'),
(273, 'Байкенова', 'Гульжан', NULL, 2, '1955-06-20', 1955, NULL, NULL, -1, NULL, 1, -1, NULL, 'Алматы, КазНИИОиР', 'Канаев Т.', NULL, 'test_user', '2014-10-13 08:42:32'),
(274, 'Ахметжанова', 'М.', NULL, 2, NULL, 1951, NULL, NULL, -1, NULL, -1, -1, NULL, 'Семей, РОД', 'Баймурынова Н.К.', NULL, 'test_user', '2014-10-13 08:46:50'),
(275, 'Карнова', 'Н.Н.', NULL, 2, NULL, 1937, NULL, NULL, -1, NULL, -1, -1, NULL, 'Семей, РОД', 'Баймурынова Н.К.', NULL, 'test_user', '2014-10-13 08:49:26'),
(276, 'Маэр', 'С.В.', NULL, 1, NULL, 1977, NULL, NULL, -1, NULL, -1, -1, NULL, 'Семей, РОД', 'Баймурынова Н.К.', NULL, 'test_user', '2014-10-13 08:52:00'),
(278, 'Жастабанова', 'Е.Т.', NULL, 2, NULL, 1943, NULL, NULL, -1, NULL, -1, -1, NULL, 'Семей, РОД', 'Баймурынова Н.К.', NULL, 'test_user', '2014-10-13 08:55:13'),
(279, 'Алексенов', 'В.Б.', NULL, 1, NULL, 1945, NULL, NULL, -1, NULL, -1, -1, NULL, 'Семей, РОД', 'Баймурынова Н.К.', NULL, 'test_user', '2014-10-13 08:56:44'),
(280, 'Ивлева', 'Г.Н.', NULL, 2, NULL, 1959, NULL, NULL, -1, NULL, -1, -1, NULL, 'Семей, РОД', 'Баймурынова Н.К.', NULL, 'test_user', '2014-10-13 08:58:02'),
(281, 'Наумова', 'Г.М.', NULL, 2, NULL, 1950, NULL, NULL, -1, NULL, -1, -1, NULL, 'Семей, РОД', 'Баймурынова Н.К.', NULL, 'test_user', '2014-10-13 09:00:35'),
(282, 'Сулейменов', 'А.М.', NULL, 1, NULL, 1955, NULL, NULL, -1, NULL, -1, -1, NULL, 'Семей, РОД', 'Баймурынова Н.К.', NULL, 'test_user', '2014-10-13 09:02:24'),
(283, 'Акшулаков', 'С.И.', NULL, 1, NULL, 1934, NULL, NULL, -1, NULL, -1, -1, NULL, 'Семей, РОД', 'Баймурынова Н.К.', NULL, 'test_user', '2014-10-13 09:03:45'),
(284, 'Суганова', 'Р.К.', NULL, 2, NULL, 1949, NULL, NULL, -1, NULL, -1, -1, NULL, 'Семей, РОД', 'Баймурынова Н.К.', NULL, 'test_user', '2014-10-13 09:04:56'),
(285, 'Тимофеева А.', 'А.', NULL, 2, NULL, 1950, NULL, NULL, -1, NULL, -1, -1, NULL, 'Семей, РОД', 'Баймурынова Н.К.', NULL, 'test_user', '2014-10-13 09:06:53'),
(286, 'Дуйсенова', 'Г.', NULL, 2, NULL, 1957, NULL, NULL, -1, NULL, -1, -1, NULL, 'Семей, РОД', 'Баймурынова Н.К.', NULL, 'test_user', '2014-10-13 09:08:05'),
(287, 'Бойченко', 'Л.И.', NULL, 2, NULL, 1948, NULL, NULL, -1, NULL, -1, -1, NULL, 'Семей, РОД', 'Баймурынова Н.К.', NULL, 'test_user', '2014-10-13 09:11:54'),
(288, 'Мустаев', 'С.Ж.', NULL, 1, NULL, 1953, NULL, NULL, -1, NULL, -1, -1, NULL, 'Семей, РОД', 'Баймурынова Н.К.', NULL, 'test_user', '2014-10-13 09:13:25'),
(289, 'Катренов', 'Л.Д.', NULL, 1, NULL, 1965, NULL, NULL, -1, NULL, -1, -1, NULL, 'Семей, РОД', 'Баймурынова Н.К.', NULL, 'test_user', '2014-10-13 09:15:04'),
(290, 'Маликов', 'И.М.', NULL, 1, NULL, 1949, NULL, NULL, -1, NULL, -1, -1, NULL, 'Семей, РОД', 'Баймурынова Н.К.', NULL, 'test_user', '2014-10-13 09:17:12'),
(291, 'Симоненко', 'Н.', 'П.', 2, '1955-03-31', 1955, NULL, NULL, -1, NULL, -1, -1, NULL, 'Алматы, АРОД', 'Акимжанова Ж.М.', NULL, 'test_user', '2014-10-13 09:21:09'),
(292, 'Силакова', 'Т.Ф', '', 2, NULL, 1961, NULL, NULL, -1, NULL, -1, -1, NULL, 'Алматы, АРОД', NULL, NULL, 'test_user', '2014-10-13 09:37:22'),
(293, 'Омирбекова', 'Ж.', 'Н.', 2, '1957-09-15', 1957, NULL, NULL, -1, NULL, -1, -1, NULL, 'Алматы, АРОД', 'Акимжанова Ж.М.', NULL, 'test_user', '2014-10-13 09:42:24'),
(294, 'Борщ', 'Владимир', 'Николаевич', 1, '1956-06-30', 1956, NULL, NULL, -1, NULL, -1, -1, NULL, 'Алматы, АРОД', 'Хелилов Н.З.', NULL, 'test_user', '2014-10-13 09:45:59'),
(295, 'Хамитова', 'Г.', 'А.', 2, '1983-06-09', 1983, NULL, NULL, -1, NULL, -1, -1, NULL, 'Алматы, АРОД', 'Акимжанова Ж.М.', NULL, 'test_user', '2014-10-13 09:50:13'),
(296, 'Сальева', 'Н.', 'В.', 2, NULL, 1959, NULL, NULL, -1, NULL, -1, -1, NULL, 'Алматы, АРОД', NULL, NULL, 'test_user', '2014-10-13 09:53:15'),
(297, 'Абылкасимова', 'Алтын', 'Садыковна', 2, '1960-06-30', 1960, NULL, NULL, -1, NULL, -1, -1, NULL, 'Астана, ГОД', 'Абдикаримов А.М.', NULL, 'test_user', '2014-10-13 09:58:04'),
(298, 'Сарсекеева', 'Света', 'Хамитовна', 2, '1958-07-28', 1958, NULL, NULL, -1, NULL, -1, -1, NULL, 'Астана, ГОД', 'Маулетбаев М.С.', NULL, 'test_user', '2014-10-13 10:01:19'),
(299, 'Пушкарева', 'В.', 'В.', 2, NULL, 1980, NULL, NULL, -1, NULL, -1, -1, NULL, 'Талдыкурган, ООД', 'Есимханова С.Н.', NULL, 'test_user', '2014-10-13 10:03:36'),
(300, 'Илолдаева', 'Рукият', '', 2, NULL, 1949, NULL, NULL, -1, NULL, -1, -1, NULL, 'Талдыкурган, ООД', 'Есимханова С.Н.', NULL, 'test_user', '2014-10-13 10:06:21'),
(301, 'Оразбекова', 'Куляш', 'Паруховна', 2, '1965-12-16', 1965, NULL, NULL, -1, NULL, 1, -1, NULL, 'Талдыкурган, ООД', 'Есимханова С.Н.', NULL, 'test_user', '2014-10-13 14:04:18'),
(302, 'Алимсияев', 'C', '', 1, NULL, 1956, NULL, NULL, -1, NULL, -1, -1, NULL, 'Талдыкурган, ООД', 'Есимханова С.Н.', NULL, 'test_user', '2014-10-14 03:54:19'),
(303, 'Полтарацкий', 'Андрей', 'Викторович', 1, '1964-04-19', 1964, NULL, NULL, -1, NULL, 2, -1, NULL, 'г.Алматы, КазНИИОиР', 'Кузекеев М.О., Насрытдинов Т.С.', NULL, 'test_user', '2014-10-14 03:56:32'),
(304, 'Молоткова Г.', 'Г.', '', 2, NULL, 1939, NULL, NULL, -1, NULL, -1, -1, NULL, 'Бишкек', 'Кылчыкбаев А.К.', NULL, 'test_user', '2014-10-14 03:58:58'),
(305, 'Еримбетов', 'Д.', '', 1, '1961-11-20', 1961, NULL, NULL, -1, NULL, -1, -1, NULL, 'Шымкент, ООД', 'Умарова К.', NULL, 'test_user', '2014-10-14 04:01:25'),
(306, 'Чичкин', 'Вячеслав', 'Михайлович', 1, '1955-10-31', 1955, NULL, NULL, -1, NULL, -1, -1, NULL, 'Шымкент, ООД', 'Умарова К.', NULL, 'test_user', '2014-10-14 04:04:08'),
(307, 'Коконбаев Н', 'Н', '', 1, NULL, 1941, NULL, NULL, -1, NULL, -1, -1, NULL, 'Шымкент, ООД', 'Умарова К.', NULL, 'test_user', '2014-10-14 04:06:18'),
(308, 'Секерина Л.А.', 'Л.', '', 2, '1962-04-05', 1962, NULL, NULL, -1, NULL, -1, -1, NULL, 'Шымкент, ООД', 'Даткева Ф.А.', NULL, 'test_user', '2014-10-14 04:09:25'),
(309, 'Махатаева М.', 'М', '', 2, '1943-12-23', 1943, NULL, NULL, -1, NULL, -1, -1, NULL, 'Шымкент, ООД', 'Даткева Ф.А.', NULL, 'test_user', '2014-10-14 04:12:05'),
(310, 'Захарова Н.Б.', 'Н', '', 2, '1943-08-31', 1943, NULL, NULL, -1, NULL, -1, -1, NULL, 'Алматы, АРОД', 'Акимжанова Ж.М.', NULL, 'test_user', '2014-10-14 04:14:37'),
(311, 'Корякин', 'Евгений', 'Васильевич', 1, '1950-04-20', 1950, NULL, NULL, -1, NULL, -1, -1, NULL, 'Алматы, АРОД', 'Хелилов Н.З.', NULL, 'test_user', '2014-10-14 04:18:34'),
(312, 'Бутенко', 'Людмила', 'Федеровна', 2, '1951-08-18', 1951, NULL, NULL, -1, NULL, 2, -1, NULL, 'г. Алматы,  КазНИИОиР Алмалинский р-н', 'Джуманов А.И.', NULL, 'test_user', '2014-10-14 04:21:15'),
(313, 'Аллабаев', 'Адилбай', 'Бахытович.', 1, '1966-10-21', 1966, NULL, NULL, -1, NULL, -1, -1, NULL, 'Алматы, АРОД', 'Ниязбекова К.И.', NULL, 'test_user', '2014-10-14 04:24:09'),
(314, 'Нусербаева', 'Жибек', 'Жанайбековна', 2, NULL, 1938, NULL, NULL, -1, NULL, -1, -1, NULL, 'Алматы', 'Балапанова А.Х.', NULL, 'test_user', '2014-10-14 04:27:48'),
(315, 'Нургали', 'Орынтай', NULL, 1, '1937-09-06', 1937, NULL, NULL, -1, NULL, 1, -1, NULL, 'Алматы, КазНИИОиР', 'Туманова А.К.', NULL, 'test_user', '2014-10-14 04:31:38'),
(316, 'Кравченко', 'Владимир', 'Л.', 1, '1943-08-08', 1943, NULL, NULL, -1, NULL, -1, -1, NULL, 'Алматы, АОЦ', 'Болатов М.Б.', NULL, 'test_user', '2014-10-14 04:34:30'),
(317, 'Селюкова', 'Л', 'Е', 2, '1948-02-24', 1948, NULL, NULL, -1, NULL, -1, -1, NULL, 'Алматы', 'Желдибаев Е.М.', NULL, 'test_user', '2014-10-14 04:43:03'),
(318, 'Селиванов', 'П', 'В', 1, '1949-09-25', 1949, NULL, NULL, -1, NULL, -1, -1, NULL, 'Усть-Каменогорск, ООД', 'Кайдарова', NULL, 'test_user', '2014-10-14 04:46:50'),
(319, 'Миженина', 'Наталья', 'Василевна', 2, '1963-11-21', 1963, NULL, NULL, -1, NULL, -1, -1, NULL, 'Усть-Каменогорск, ООД', 'Кухарева А.А.', NULL, 'test_user', '2014-10-14 04:50:31'),
(320, 'Василеев', 'Артем', 'Федерович', 1, '1985-05-03', 1985, NULL, NULL, -1, NULL, -1, -1, NULL, 'Усть-Каменогорск, ООД', 'Кухарева А.А.', NULL, 'test_user', '2014-10-14 04:55:10'),
(321, 'Бексултанова', 'Разия', 'Есмухановна.', 2, '1957-11-20', 1957, NULL, NULL, -1, NULL, -1, -1, NULL, 'Костанай, КООД', 'Сайменова М.Б', NULL, 'test_user', '2014-10-14 04:58:15'),
(322, 'Исхаков', 'Наиль', 'Ислямович.', 1, '1960-04-05', 1960, NULL, NULL, -1, NULL, -1, -1, NULL, 'Костанай, КООД', 'Войтова И.В', NULL, 'test_user', '2014-10-14 05:01:10'),
(323, 'Изегова', 'Ядгина', 'Антоновна.', 2, '1949-01-03', 1949, NULL, NULL, -1, NULL, -1, -1, NULL, 'Костанай, КООД', 'Сайменова М.Б', NULL, 'test_user', '2014-10-14 05:04:36'),
(324, 'Баженов', 'Валерий', 'Николаевич', 1, '1949-05-15', 1949, NULL, NULL, -1, NULL, -1, -1, NULL, 'Костанай, КООД', 'Сайменова М.Б', NULL, 'test_user', '2014-10-14 05:06:57'),
(325, 'Кабиева', 'Б', 'Х', 2, '1947-10-27', 1947, NULL, NULL, -1, NULL, 1, -1, NULL, 'г.Алматы, КазНИИОиР', 'Чичуа Н.А.', NULL, 'test_user', '2014-10-14 05:09:20'),
(326, 'Куздибаев', 'Саду', '', 1, '1947-05-20', 1947, NULL, NULL, -1, NULL, -1, -1, NULL, 'Кызылорда, ООД', 'Тлеушев Б.К.', NULL, 'test_user', '2014-10-14 05:12:57'),
(327, 'Сулейменова', 'Садман', '', 2, '1952-02-15', 1952, NULL, NULL, -1, NULL, -1, -1, NULL, 'Кызылорда, ООД', 'Тлеушев Б.К.', NULL, 'test_user', '2014-10-14 05:15:25'),
(328, 'Павинвичеева', 'А', '', 2, '1947-12-20', 1947, NULL, NULL, -1, NULL, -1, -1, NULL, 'Кызылорда, ООД', 'Тлеушев Б.К.', NULL, 'test_user', '2014-10-14 05:17:26'),
(329, 'Бектибаев', 'Султан', 'Ерекешович', 1, '1957-02-28', 1957, NULL, NULL, -1, NULL, -1, -1, NULL, 'Астана, ГОД', 'Мусабеков Б', NULL, 'test_user', '2014-10-14 05:20:27'),
(330, 'Бекмагамбетов', 'Кайрат', 'Кенесович', 1, '1963-04-27', 1963, NULL, NULL, -1, NULL, -1, -1, NULL, 'Астана, ГОД', 'Абдикаримов А.М.', NULL, 'test_user', '2014-10-14 05:23:59'),
(331, 'Смаилов', 'Аскар', '', 1, '1946-04-19', 1946, NULL, NULL, -1, NULL, -1, -1, NULL, 'Астана, ГОД', 'Абдикаримов А.М.', NULL, 'test_user', '2014-10-14 05:26:25'),
(332, 'Серикбаев', 'В.К.', '', 1, '1949-12-01', 1949, NULL, NULL, -1, NULL, -1, -1, NULL, 'Павлодар, ПООД', 'Богамозова И.В.', NULL, 'test_user', '2014-10-14 05:28:49'),
(333, 'Куркинбаева', 'К.Б.', '', 2, '1956-08-23', 1956, NULL, NULL, -1, NULL, -1, -1, NULL, 'Павлодар, ПООД', 'Богамозова И.В.', NULL, 'test_user', '2014-10-14 05:31:25'),
(334, 'Сенникова', 'А.М.', '', 2, '1952-02-03', 1952, NULL, NULL, -1, NULL, -1, -1, NULL, 'Павлодар, ПООД', 'Богамозова И.В.', NULL, 'test_user', '2014-10-14 05:34:39'),
(335, 'Иванов', 'В.М.', '', 1, '1958-11-08', 1958, NULL, NULL, -1, NULL, -1, -1, NULL, 'Павлодар, ПООД', 'Богамозова И.В.', NULL, 'test_user', '2014-10-14 05:36:46'),
(336, 'Асанов', 'Канат', 'Ногайбаевич', 1, '1967-05-28', 1967, NULL, NULL, -1, NULL, 1, -1, NULL, 'Алматы, КазНИИОиР', 'Аяпбергенова Г.О.', NULL, 'test_user', '2014-10-14 05:39:28'),
(337, 'Михайлова', 'Тамара', 'Васильевна', 2, '1948-04-18', 1948, NULL, NULL, -1, NULL, 2, -1, NULL, 'Алматы, КазНИИОиР', 'Туманова А.К.', NULL, 'test_user', '2014-10-14 06:46:31'),
(338, 'Есжанова', 'Гульфия', 'Касымовна', 2, '1958-07-11', 1958, NULL, NULL, -1, NULL, -1, -1, NULL, 'Алматы, АРОД', 'Акимжанова Ж.М.', NULL, 'test_user', '2014-10-14 06:48:47'),
(339, 'Зимина', 'М.Е.', NULL, 2, NULL, 1957, NULL, NULL, -1, NULL, -1, -1, NULL, 'Алматы, АОЦ', NULL, NULL, 'test_user', '2014-10-14 06:50:26'),
(340, 'Медведев', 'В.В.', '', 1, '1946-11-24', 1946, NULL, NULL, -1, NULL, -1, -1, NULL, 'Алматы, АРОД', 'Акимжанова Ж.М.', NULL, 'test_user', '2014-10-14 06:52:45'),
(341, 'Подставкин', 'Владимир', 'Иванович', 1, '1949-03-18', 1949, NULL, NULL, -1, NULL, 2, -1, NULL, 'г.Алматы, КазНИИОиР', 'Кузекеев М.О., Насрытдинов Т.С.', NULL, 'test_user', '2014-10-14 06:54:57'),
(342, 'Ержанов', 'Сантай', 'Шокатулы', 1, '1939-06-16', 1939, NULL, NULL, -1, NULL, 1, -1, NULL, 'Алматинская обл, КазНИИОиР', 'Туманова А.К.', NULL, 'test_user', '2014-10-14 06:57:19'),
(343, 'Скнар', 'Белла', 'Cингировна', 2, '1954-11-22', 1954, NULL, NULL, -1, NULL, 6, -1, NULL, 'Алматы, КазНИИОиР', 'Туманова А.К.', NULL, 'test_user', '2014-10-14 07:00:08'),
(344, 'Комбарова', 'Турсунай', NULL, 2, '1942-10-10', 1942, NULL, NULL, -1, NULL, 7, -1, NULL, 'Алматы, КазНИИОиР', 'Туманова А.К.', NULL, 'test_user', '2014-10-14 07:02:00'),
(346, 'Сагандыков', 'А.М.', '', 1, NULL, 1950, NULL, NULL, -1, NULL, -1, -1, NULL, 'Семей, РОД', 'Суров М.Ю.', NULL, 'test_user', '2014-10-14 08:09:09'),
(347, 'Апехтин', 'Н.А.', '', 1, '1937-02-22', 1937, NULL, NULL, -1, NULL, -1, -1, NULL, 'Павлодар, ПООД', 'Богамозова И.В.', NULL, 'test_user', '2014-10-14 08:12:04'),
(348, 'Галузинская', 'В.П.', '', 1, '1941-12-14', 1941, NULL, NULL, -1, NULL, -1, -1, NULL, 'Павлодар, ПООД', 'Богамозова И.В.', NULL, 'test_user', '2014-10-14 08:13:45'),
(349, 'Турльянский', 'В.И.', '', 1, '1949-03-08', 1949, NULL, NULL, -1, NULL, -1, -1, NULL, 'Павлодар, ПООД', 'Богамозова И.В.', NULL, 'test_user', '2014-10-14 08:15:32'),
(350, 'Абдин', 'Марат', 'Магауянович', 1, '1956-03-09', 1956, NULL, NULL, -1, NULL, 1, -1, NULL, 'ВКО, г. Семей', 'Кузекеев М.О., Насрытдинов Т.С.КазНИИОиР', NULL, 'test_user', '2014-10-14 08:18:27'),
(351, 'Бережнова', 'Зоя', 'Ивановна', 2, '1957-11-01', 1957, NULL, NULL, -1, NULL, 2, -1, NULL, 'г. Алматы, КазНИИОиР', 'Кузекеев М.О., Насрытдинов Т.С.', NULL, 'test_user', '2014-10-14 08:20:51'),
(352, 'Касымжанова', 'Кулмаш', 'Тынысбаевна', 2, NULL, 1959, NULL, NULL, -1, NULL, -1, -1, NULL, 'Астана, ГОД', 'Баймухамбетов', NULL, 'test_user', '2014-10-14 08:24:00'),
(353, 'Абельдинова', 'Куляш', 'Сейтбаталовна', 2, '1965-06-01', 1965, NULL, NULL, -1, NULL, -1, -1, NULL, 'Астана, ГОД', 'Кумисбекова Р.К.', NULL, 'test_user', '2014-10-14 08:26:11'),
(354, 'Маликов', 'Бегим', '', 1, '1944-06-10', 1944, NULL, NULL, -1, NULL, -1, -1, NULL, 'Астана, ГОД', 'Мусабеков Б', NULL, 'test_user', '2014-10-14 08:28:43'),
(355, 'Халбаева', 'Айгуль', 'Базарбаевна', 2, '1982-03-18', 1982, NULL, NULL, -1, NULL, 1, -1, NULL, 'Мангистауская обл., г. Жанаозен', 'Джуманов А.И. КазНИИОиР', NULL, 'test_user', '2014-10-14 08:30:37'),
(356, 'Тикач', 'Александр', 'Анатольевич', 1, '1962-01-24', 1962, NULL, NULL, -1, NULL, -1, -1, NULL, 'Усть-Каменогорск, ООД', 'Кухарева А.А.', NULL, 'test_user', '2014-10-14 08:33:03'),
(357, 'Айдынбаева', 'Тамара', 'Шамшетовна', 2, '1969-10-29', 1969, NULL, NULL, -1, NULL, -1, -1, NULL, 'Астана АО ННЦОиТ', 'Бейсеуова Ж.А.', NULL, 'test_user', '2014-10-14 08:35:49'),
(358, 'Саенко', 'А.П.', NULL, 1, '1945-08-24', 1945, NULL, NULL, -1, NULL, 3, -1, NULL, 'Алматинская обл., КазНИИОиР', 'Пазилов Ш.Т', NULL, 'test_user', '2014-10-14 08:37:48'),
(359, 'Садуакасова', 'М.', NULL, 2, NULL, 1963, NULL, NULL, -1, NULL, -1, -1, NULL, 'Алматы, АОЦ', NULL, NULL, 'test_user', '2014-10-14 08:39:36'),
(360, 'Токабаев', 'Сатбек', 'Кулмухаметович', 1, '1957-07-12', 1957, NULL, NULL, -1, NULL, -1, -1, NULL, 'Алматы, АОЦ', 'Жунусов', NULL, 'test_user', '2014-10-14 08:42:19'),
(361, 'Неудачин', 'Александр', 'Иванович', 1, '1961-02-23', 1961, NULL, NULL, -1, NULL, -1, -1, NULL, 'Алматы, КазНИИОиР', 'Ибрагимова М.А.', NULL, 'test_user', '2014-10-14 08:44:56'),
(362, 'Нурбаев', 'Габдуллин', 'Рахимжанович', 1, '1953-12-15', 1953, NULL, NULL, -1, NULL, -1, -1, NULL, 'Алматы, АРОД', 'Болысбеков Б.К.', NULL, 'test_user', '2014-10-14 08:47:14'),
(363, 'Гайно', 'Сергей', 'Иванович', 1, '1978-12-27', 1978, NULL, NULL, -1, NULL, -1, -1, NULL, 'Алматы, АРОД', 'Хелилов Н.З.', NULL, 'test_user', '2014-10-14 08:49:49'),
(365, 'Ким', 'Вячеслав', 'Николаевич', 1, '1958-06-03', 1958, NULL, NULL, -1, NULL, 6, -1, NULL, 'Алматы, КазНИИОиР', 'Кузекеев М.О., Насрытдинов Т.С.', NULL, 'test_user', '2014-10-14 08:56:02'),
(366, 'Бердигалиева', 'Роза', 'Амангалиевна', 2, NULL, 1945, NULL, NULL, -1, NULL, -1, -1, NULL, 'Алматы, АОЦ', 'Кайдарова', NULL, 'test_user', '2014-10-14 08:58:54'),
(367, 'Истомина', 'Мария', 'Валерьевна', 2, NULL, 1983, NULL, NULL, -1, NULL, -1, -1, NULL, 'Алматы', 'Ахметжанов', NULL, 'test_user', '2014-10-14 09:01:49'),
(368, 'Цой', 'Валерий', 'Ильич', 1, '1954-05-17', 1954, NULL, NULL, -1, NULL, -1, -1, NULL, 'Алматы, АОЦ', 'Адиев М.М.', NULL, 'test_user', '2014-10-14 09:03:34'),
(369, 'Пуставитова', 'Галина', 'Петровна', 2, '1953-03-15', 1953, NULL, NULL, 0, NULL, -1, -1, NULL, 'Джамбульская обл', NULL, NULL, 'test_user', '2014-10-14 09:05:51'),
(370, 'Сарсембаева', 'А.', '', 2, NULL, 1953, NULL, NULL, -1, NULL, -1, -1, NULL, 'Алматы, АОЦ', 'Афонин Г.А.', NULL, 'test_user', '2014-10-14 09:13:07'),
(371, 'Жетписов', 'Болат', 'Токтарбаевич', 1, '1976-07-04', 1976, NULL, NULL, -1, NULL, -1, -1, NULL, 'Петропавловск, ООД', 'Булатов А.Б.', NULL, 'test_user', '2014-10-17 09:11:30'),
(372, 'Темников', 'C.', '', 1, '1955-04-01', 1955, NULL, NULL, -1, NULL, 2, -1, NULL, 'Петропавловск, ООД', 'Булатов А.Б.', NULL, 'test_user', '2014-10-17 09:23:27'),
(373, 'Клитович', 'Василий', 'Николаевич', 1, '1950-01-03', 1950, NULL, NULL, -1, NULL, -1, -1, NULL, 'Петропавловск, ООД', 'Булатов А.Б.', NULL, 'test_user', '2014-10-17 09:30:00'),
(374, 'Троян', 'Иван', 'Иванович', 1, '1948-06-24', 1948, NULL, NULL, -1, NULL, -1, -1, NULL, 'Петропавловск, ООД', 'Булатов А.Б.', NULL, 'test_user', '2014-10-17 09:33:15'),
(375, 'Кунакова', 'Альфия', 'Самильяновна', 2, '1965-09-20', 1965, NULL, NULL, -1, NULL, -1, -1, NULL, 'Петропавловск, ООД', 'Булатов А.Б.', NULL, 'test_user', '2014-10-17 09:38:14'),
(376, 'Искулова', 'Роза', 'Жанзаковна', 2, '1957-09-10', 1957, 60, 155, 0, 'нет', 1, 0, NULL, 'Алматы, АОЦ', 'Жандосов О.', NULL, 'test_user', '2014-10-17 09:52:21'),
(377, 'Цындря', 'Людмила', 'Петровна', 2, '1954-09-07', 1954, NULL, NULL, -1, NULL, -1, -1, NULL, 'Астана, ГОД', 'Жуков Ю.В.', NULL, 'test_user', '2014-10-17 09:57:00'),
(378, 'Ахмадиева', 'Альфия', 'Габдулбаривна', 2, '1967-06-09', 1967, NULL, NULL, -1, NULL, -1, -1, NULL, 'Петропавловск, ООД', 'Булатов А.Б.', NULL, 'test_user', '2014-10-17 10:01:40'),
(379, 'Кашкаха', 'Д', NULL, 1, NULL, 1952, NULL, NULL, -1, NULL, -1, -1, NULL, 'Караганда, ООД', 'Нуркетаева Ж.О.', NULL, 'test_user', '2014-12-06 17:26:46'),
(380, 'Васильева', 'Е', 'Т', 2, NULL, 1955, NULL, NULL, -1, NULL, 2, -1, NULL, 'Караганда, ООД', 'Нуркетаева Ж.О.', NULL, 'test_user', '2014-12-06 17:31:07'),
(381, 'Дариенко', 'Т', 'А', 2, NULL, 1969, NULL, NULL, -1, NULL, -1, -1, NULL, 'Караганда, ООД', 'Нуркетаева Ж.О.', NULL, 'test_user', '2014-12-06 17:35:41'),
(382, 'Cоломахина', 'Тамара', NULL, 2, '1960-05-30', 1960, NULL, NULL, -1, NULL, -1, -1, NULL, 'Алматы, АРОД', 'Урамбаев Д.О.', NULL, 'test_user', '2014-12-06 18:19:05'),
(383, 'Мусина', 'Тайшик', 'Каппасовна', 2, '1965-02-20', 1965, NULL, NULL, -1, NULL, -1, -1, NULL, 'Астана, ГОД', 'Абдикаримов А.М.', NULL, 'test_user', '2014-12-06 18:25:00'),
(384, 'Мамед -оглы', 'Сулико', 'Асланович', 1, '1958-05-05', 1958, NULL, NULL, -1, NULL, -1, -1, NULL, 'Алматы, АОЦ', 'Макаров', NULL, 'test_user', '2014-12-06 18:29:18'),
(385, 'Домбицкий', 'В', 'А', 1, '1956-04-20', 1956, NULL, NULL, -1, NULL, -1, -1, NULL, 'Петропавловск, ООД', 'Булатов А.Б.', NULL, 'test_user', '2014-12-06 18:44:21'),
(386, 'Плецко', 'Юрий', NULL, 1, NULL, 1947, NULL, NULL, -1, NULL, -1, -1, NULL, 'Талдыкурган, ООД', 'Есимханова С.Н.', NULL, 'test_user', '2014-12-06 18:50:07'),
(387, 'Джамишев', 'Марат', 'Аканович', 1, '1953-12-27', 1953, NULL, NULL, -1, NULL, 1, -1, NULL, 'Алматы, КазНИИОиР', 'Туманова А.К.', NULL, 'test_user', '2014-12-06 18:54:18'),
(388, 'Нураков', 'Амантай', 'Карибекович', 1, '1969-05-13', 1969, NULL, NULL, -1, NULL, 1, -1, NULL, 'Астана, ГОД', 'Досан Б.О.', NULL, 'test_user', '2014-12-06 18:58:13'),
(389, 'Жумагалиева', 'Тарбия', 'Сагынгали кызы', 2, '1938-03-02', 1938, NULL, NULL, -1, NULL, -1, -1, NULL, 'Астана, ГОД', 'Удовенко Д.Г.', NULL, 'test_user', '2014-12-06 19:03:15'),
(390, 'Кузнецов', 'И', 'И', 1, '1948-08-11', 1948, NULL, NULL, -1, NULL, -1, -1, NULL, 'Алматы, АОЦ', 'Адиев М.М.', NULL, 'test_user', '2014-12-08 16:12:38'),
(391, 'Марканов', 'Асхат', 'Нурмухамедович', 1, '1977-02-14', 1977, NULL, NULL, -1, NULL, -1, -1, NULL, 'Семей, РОД', 'Кабиданина А.Ж.', NULL, 'test_user', '2014-12-08 16:24:45'),
(392, 'Баймуханов', 'Кайрат', 'Айтбаевич', 1, '1952-09-26', 1952, NULL, NULL, -1, NULL, -1, -1, NULL, 'Астана, ГОД', 'Абдикаримов А.М.', NULL, 'test_user', '2014-12-08 16:32:08'),
(393, 'Бекхожаева', 'С', NULL, 2, NULL, 1952, NULL, NULL, -1, NULL, -1, -1, NULL, 'Кызылорда, ООД', 'Тлеушев Б.К.', NULL, 'test_user', '2014-12-08 16:37:34'),
(394, 'Есенова', 'Айнур', NULL, 2, NULL, 1977, NULL, NULL, -1, NULL, -1, -1, NULL, 'Кызылорда, ООД', 'Тлеушев Б.К.', NULL, 'test_user', '2014-12-08 16:44:16'),
(395, 'Маденова', 'Айнет', NULL, 2, '1947-06-06', 1947, NULL, NULL, -1, NULL, -1, -1, NULL, 'Кызылорда, ООД', 'Тлеушев Б.К.', NULL, 'test_user', '2014-12-08 16:48:13'),
(396, 'Байсабаев', '???', NULL, 1, NULL, 1942, NULL, NULL, -1, NULL, -1, -1, NULL, 'Кызылорда, ООД', 'Тлеушев Б.К.', NULL, 'test_user', '2014-12-08 17:00:46'),
(397, 'Суиндикова', 'Оразкуль', NULL, 2, '1959-04-01', 1959, NULL, NULL, -1, NULL, -1, -1, NULL, 'Кызылорда, ООД', 'Тлеушев Б.К.', NULL, 'test_user', '2014-12-08 17:04:00'),
(398, 'Сыдыхова', 'Ляйла', 'Сейдигапаровна', 2, '1960-11-20', 1960, NULL, NULL, -1, NULL, -1, -1, NULL, 'Талдыкурган, ООД', 'Джуманов А.И.', NULL, 'test_user', '2014-12-08 17:09:23'),
(399, 'Талипов', 'И', 'А', 1, NULL, 1951, NULL, NULL, -1, NULL, -1, -1, NULL, 'Талдыкурган, ООД', 'Имангалиев Е.А.', NULL, 'test_user', '2014-12-08 17:15:26'),
(400, 'Тохсунова', 'З', 'Т', 2, NULL, 1960, NULL, NULL, -1, NULL, -1, -1, NULL, 'Талдыкурган, ООД', 'Имангалиев Е.А.', NULL, 'test_user', '2014-12-08 17:18:58'),
(401, 'Жарасова', 'Раушан', 'Урумбековна', 2, '1976-12-26', 1976, NULL, NULL, -1, NULL, -1, -1, NULL, 'Актобе, МЦЗКГМУ', 'Аязбаева А.С.', NULL, 'test_user', '2014-12-08 17:24:48'),
(402, 'Бурнашева', 'Майра', 'Закиевна', 2, '1956-11-14', 1956, NULL, NULL, -1, NULL, 7, -1, NULL, 'Алматы, КазНИИОиР', 'Туманова А.К.', NULL, 'test_user', '2014-12-09 08:28:31'),
(403, 'Жумагулова', 'Шарбан', NULL, 2, '1937-02-15', 1937, NULL, NULL, -1, NULL, -1, -1, NULL, 'Астана, ГОД', 'Абдикаримов А.М.', NULL, 'test_user', '2014-12-09 08:33:29'),
(404, 'Байкешева', 'Акжибек', 'Айткалиевна', 2, '1955-09-16', 1955, NULL, NULL, -1, NULL, -1, -1, NULL, 'Астана, ГОД', 'Абдикаримов А.М.', NULL, 'test_user', '2014-12-09 08:38:16'),
(405, 'Трындюк', 'Валентина', 'Ивановна', 2, '1963-03-04', 1963, NULL, NULL, -1, NULL, -1, -1, NULL, 'Астана, ГОД', 'Абдикаримов А.М.', NULL, 'test_user', '2014-12-09 17:01:34'),
(406, 'Дзаурова', 'Лида', 'Муравтовна', 2, '1953-06-07', 1953, NULL, NULL, -1, NULL, -1, -1, NULL, 'Астана, ГОД', 'Абдикаримов А.М.', NULL, 'test_user', '2014-12-09 17:08:27'),
(407, 'Булегенов', 'М', NULL, 1, '1961-09-24', 1961, NULL, NULL, -1, NULL, -1, -1, NULL, 'Шымкент, ООД', 'Даткева Ф.А.', NULL, 'test_user', '2014-12-09 17:14:33'),
(408, 'Мухортова', 'Зоя', 'Николаевна', 2, '1949-01-02', 1949, NULL, NULL, -1, NULL, 2, -1, NULL, 'г. Алматы, КазНИИОиР', 'Кузекеев М.О., Насрытдинов Т.С.', NULL, 'test_user', '2014-12-09 17:19:33'),
(409, 'Пеньков', 'А', 'И', 1, '1957-08-06', 1957, NULL, NULL, -1, NULL, -1, -1, NULL, 'Павлодар, ПООД', 'Богамозова И.В.', NULL, 'test_user', '2014-12-09 17:24:16'),
(410, 'Кулешова', 'И', 'А', 2, '1962-09-29', 1962, NULL, NULL, -1, NULL, -1, -1, NULL, 'Павлодар, ПООД', 'Богамозова И.В.', NULL, 'test_user', '2014-12-09 17:28:20'),
(411, 'Ширик', 'В', 'В', -1, '1946-09-05', 1946, NULL, NULL, -1, NULL, -1, -1, NULL, 'Павлодар, ПООД', 'Богамозова И.В.', NULL, 'test_user', '2014-12-09 17:31:55'),
(412, 'Воройн', 'И', 'И', 2, '1942-02-04', 1942, NULL, NULL, -1, NULL, -1, -1, NULL, 'Павлодар, ПООД', 'Богамозова И.В.', NULL, 'test_user', '2014-12-09 17:34:39'),
(413, 'Маторыкина', 'Д', 'И', 2, '1947-08-29', 1947, NULL, NULL, -1, NULL, -1, -1, NULL, 'Павлодар, ПООД', 'Богамозова И.В.', NULL, 'test_user', '2014-12-09 17:37:58'),
(414, 'Большак', 'В', 'И', -1, '1942-07-01', 1942, NULL, NULL, -1, NULL, -1, -1, NULL, 'Павлодар, ПООД', 'Богамозова И.В.', NULL, 'test_user', '2014-12-09 17:43:59'),
(415, 'Нурсеитов', 'К', 'К', 1, '1961-02-16', 1961, NULL, NULL, -1, NULL, -1, -1, NULL, 'Павлодар, ПООД', 'Богамозова И.В.', NULL, 'test_user', '2014-12-09 17:47:03'),
(416, 'Cулейменова', 'Нурзия', 'Хамитовна', 2, '1963-10-21', 1963, NULL, NULL, -1, NULL, -1, -1, NULL, 'Астана, ГОД', 'Кожагалиев О.М.', NULL, 'test_user', '2014-12-09 17:52:46'),
(417, 'Байелов', 'Айдарбек', 'Ахметбековия', 1, '1945-08-09', 1945, NULL, NULL, -1, NULL, -1, -1, NULL, 'Алматы, АРОД', 'Иманбеков Б.О.', NULL, 'test_user', '2014-12-09 17:56:10'),
(418, 'Тараненко', 'М', 'И', -1, '1961-01-28', 1961, NULL, NULL, -1, NULL, -1, -1, NULL, 'Павлодар, ПООД', 'Богамозова И.В.', NULL, 'test_user', '2014-12-09 17:59:19'),
(419, 'Котенко', 'Н', 'В', 1, '1940-09-12', 1940, NULL, NULL, -1, NULL, 1, -1, NULL, 'Павлодар, ПООД', 'Богамозова И.В.', NULL, 'test_user', '2014-12-09 18:01:49'),
(420, 'Котенко', 'В', 'М', 1, '1966-04-21', 1966, NULL, NULL, -1, NULL, -1, -1, NULL, 'Павлодар, ПООД', 'Богамозова И.В.', NULL, 'test_user', '2014-12-09 18:05:18'),
(421, 'Михайлюк', 'Ю', 'С', -1, '1948-10-10', 1948, NULL, NULL, -1, NULL, -1, -1, NULL, 'Павлодар, ПООД', 'Богамозова И.В.', NULL, 'test_user', '2014-12-09 18:08:03'),
(422, 'Гузов', 'В', 'П', 1, '1950-08-31', 1950, NULL, NULL, -1, NULL, -1, -1, NULL, 'Павлодар, ПООД', 'Богамозова И.В.', NULL, 'test_user', '2014-12-10 03:51:52'),
(423, 'Муканов', 'Бекболат', 'Кашерулы', 1, '1960-02-12', 1960, NULL, NULL, -1, NULL, 1, -1, NULL, 'Алматы, КазНИИОиР', 'Туманова А.К.', NULL, 'test_user', '2014-12-10 15:36:33'),
(424, 'Хапилова', 'Галина', 'Викторовна', 2, '1964-01-12', 1964, NULL, NULL, -1, NULL, 2, 1, 'несколько сигарет в день', 'Актобе, МЦЗКГМУ', 'Кожабеков Н.К.', NULL, 'test_user', '2014-12-10 15:40:21'),
(425, 'Ердибаева', 'Айгуль', 'Бактыбаевна', 2, '1961-08-25', 1961, NULL, NULL, -1, NULL, 1, -1, NULL, 'Семей, РОД', 'Калиалдина', NULL, 'test_user', '2014-12-10 15:59:29'),
(426, 'Cембаева', 'Динагуль', 'Жалеловна', 2, '1965-01-19', 1965, NULL, NULL, -1, NULL, 1, -1, NULL, 'Семей, РОД', 'Суров М.Ю.', NULL, 'test_user', '2014-12-10 16:03:55'),
(427, 'Саматаев', 'А', 'О', 1, '1956-06-10', 1956, NULL, NULL, -1, NULL, -1, -1, NULL, 'Семей, РОД', 'Суров М.Ю.', NULL, 'test_user', '2014-12-10 16:06:35'),
(428, 'Саурыков', 'С', 'Б', 1, '1972-08-13', 1972, NULL, NULL, -1, NULL, -1, -1, NULL, 'Семей, РОД', 'Суров М.Ю.', NULL, 'test_user', '2014-12-10 16:09:59'),
(429, 'Хамытжанов', 'А', 'С', 1, '1952-04-27', 1952, NULL, NULL, -1, NULL, -1, -1, NULL, 'Семей, РОД', 'Елемесов', NULL, 'test_user', '2014-12-10 16:15:20'),
(430, 'Дасько', 'Анжелика', 'Николаевна', 2, '1971-09-24', 1971, NULL, NULL, -1, NULL, -1, -1, NULL, 'Петропавловск, ООД', 'Булатов А.Б.', NULL, 'test_user', '2014-12-10 16:21:16'),
(431, 'Корбань', 'Б', 'В', 2, '1948-10-02', 1948, NULL, NULL, -1, NULL, -1, -1, NULL, 'Талдыкурган, ООД', 'Батырова Л.М.', NULL, 'test_user', '2014-12-10 17:19:56'),
(432, 'Алдиярова', 'Евгения', 'Сафаржановна', 2, '1980-01-24', 1980, NULL, NULL, -1, NULL, -1, -1, NULL, 'Алматы, АОЦ', 'Иватковская О.В.', NULL, 'test_user', '2014-12-10 17:23:49'),
(433, 'Тулеуова', 'Клара', NULL, 2, '1941-07-30', 1941, NULL, NULL, -1, NULL, 1, -1, NULL, 'Алматы, КазНИИОиР', 'Туманова А.К.', 'оперировалась в Ю.К.', 'test_user', '2014-12-10 17:27:54'),
(434, 'Бобрешова', 'Л', 'И', 2, '1956-07-02', 1956, NULL, NULL, -1, NULL, -1, -1, NULL, 'Астана, ГОД', 'Бейсеуова Ж.А.', NULL, 'test_user', '2014-12-10 17:31:40'),
(435, 'Медведчук', 'А', 'Б', 2, '1951-08-05', 1951, NULL, NULL, -1, NULL, -1, -1, NULL, 'Алматы, АОЦ', NULL, NULL, 'test_user', '2014-12-10 17:34:00'),
(436, 'Бермаханова', 'Бибизат', NULL, 2, '1953-11-17', 1953, NULL, NULL, -1, NULL, 1, -1, NULL, 'г. кызылорда,', 'Насрытдинов Т.С.КазНИИОиР', NULL, 'test_user', '2014-12-12 09:11:14'),
(437, 'Токабаева', 'Нина', 'Михайловна', 2, '1954-07-10', 1954, NULL, NULL, -1, NULL, 2, -1, NULL, 'Алматинская обл, КазНИИОиР', 'Насрытдинов Т.С.', NULL, 'test_user', '2014-12-12 09:15:02'),
(438, 'Исаев', 'Темирхан', NULL, 1, '1965-04-20', 1965, NULL, NULL, -1, NULL, 1, -1, NULL, 'Кызылорда, ООД', 'Тлеушев Б.К.', NULL, 'test_user', '2014-12-12 09:19:33'),
(439, 'Мустафаев', 'К.', NULL, 1, '1941-08-05', 1941, NULL, NULL, -1, NULL, -1, -1, NULL, 'Кызылорда, ООД', 'Тлеушев Б.К.', NULL, 'test_user', '2014-12-12 09:21:59'),
(440, 'Голубев', 'Василий', 'Леонидович', 1, '1949-10-18', 1949, NULL, NULL, -1, NULL, 2, -1, NULL, 'Астана, ГОД', 'Омаров Е.Д.', NULL, 'test_user', '2014-12-12 09:27:20'),
(441, 'Рубан', 'Марина', 'Юрьевна', 2, '1982-06-23', 1982, NULL, NULL, -1, NULL, -1, -1, NULL, 'Астана, ГОД', 'Сейтимбекова Г.А.', NULL, 'test_user', '2014-12-12 09:33:46'),
(442, 'Виниченко', 'Татьяна', NULL, 2, NULL, 1963, NULL, NULL, -1, NULL, -1, -1, NULL, 'Талдыкурган, ООД', 'Есимханова С.Н.', NULL, 'test_user', '2014-12-12 17:49:25'),
(443, 'Поздеев', 'В', NULL, 1, NULL, 1949, NULL, NULL, -1, NULL, -1, -1, NULL, 'Шымкент, ООД', 'Умарова К.', NULL, 'test_user', '2014-12-13 06:46:51'),
(444, 'Куюмова', 'Р', NULL, 2, NULL, 1924, NULL, NULL, -1, NULL, -1, -1, NULL, 'Шымкент, ООД', 'Умарова К.', NULL, 'test_user', '2014-12-13 12:49:13'),
(445, 'Жолдасбаева', 'Х', NULL, 2, NULL, 1949, NULL, NULL, -1, NULL, -1, -1, NULL, 'Шымкент, ООД', 'Умарова К.', NULL, 'test_user', '2014-12-13 12:57:30'),
(446, 'Дибелов', 'В', NULL, 1, NULL, 1957, NULL, NULL, -1, NULL, -1, -1, NULL, 'Шымкент, ООД', 'Умарова К.', NULL, 'test_user', '2014-12-13 17:35:03'),
(447, 'Райымбек кызы', 'Х', NULL, 2, NULL, 1948, NULL, NULL, -1, NULL, 1, -1, NULL, 'Шымкент, ООД', 'Умарова К.', NULL, 'test_user', '2014-12-13 17:47:45'),
(448, 'Исаходжаева', 'Х', NULL, 2, NULL, 1948, NULL, NULL, -1, NULL, 1, -1, NULL, 'Шымкент, ООД', 'Умарова К.', NULL, 'test_user', '2014-12-13 17:51:54'),
(449, 'Асылбекова', 'У', NULL, 2, NULL, 1961, NULL, NULL, -1, NULL, 1, -1, NULL, 'Шымкент, ООД', 'Умарова К.', NULL, 'test_user', '2014-12-13 17:55:29'),
(450, 'Айтубаев', 'С', NULL, 1, NULL, 1960, NULL, NULL, -1, NULL, 1, -1, NULL, 'Шымкент, ООД', 'Умарова К.', NULL, 'test_user', '2014-12-13 18:01:28'),
(451, 'Тиакпаева', 'Зарина', 'Мусаевна', 2, '1961-03-20', 1961, NULL, NULL, -1, NULL, 1, -1, NULL, 'Астана ГОД', 'Абдикаримов А.М.', NULL, 'test_user', '2015-08-11 02:47:24'),
(452, 'Жукенова', 'Асель', 'Надирхановна', 2, '1979-12-14', 1979, NULL, NULL, -1, NULL, 1, -1, NULL, 'Алматы КазНИИОиР', 'Молдашева А.М.', NULL, 'test_user', '2015-08-11 02:53:30'),
(453, 'Тлеубаев', 'Жумабай', 'Идрисович', 1, '1958-01-05', 1958, NULL, NULL, -1, NULL, 1, -1, NULL, 'Алматы АОЦ', 'Касымова Г.С.', NULL, 'test_user', '2015-08-11 02:56:41'),
(454, 'Султангожина', 'Нэля', 'Хамзовна', 2, '1951-05-20', 1951, NULL, NULL, -1, NULL, -1, -1, NULL, 'Астана ГОД', 'Сейтимбекова Г.А.', NULL, 'test_user', '2015-08-11 03:01:04'),
(455, 'Шерстобитова', 'Мария', 'Михайловна', 2, '1951-01-01', 1951, NULL, NULL, -1, NULL, -1, -1, NULL, 'Астана ГОД', 'Абдикаримов А.М.', NULL, 'test_user', '2015-08-11 03:03:49'),
(456, 'Магай', 'Светлана', 'Васильевна', 2, '1942-08-09', 1942, NULL, NULL, -1, NULL, -1, -1, NULL, 'Алматы АОЦ', 'Пазилов Ш.Т.', NULL, 'test_user', '2015-08-11 03:09:24'),
(457, 'Бегалина', 'Алма', 'Баржановна', 2, '1955-01-25', 1955, NULL, NULL, -1, NULL, -1, -1, NULL, 'Астана ГОД', 'Сейтимбекова Г.А.', NULL, 'test_user', '2015-08-11 04:32:55'),
(458, 'Нургалиева', 'К', 'А', 2, '1951-12-11', 1951, NULL, NULL, -1, NULL, -1, -1, NULL, 'Караганда, ООД', 'Нуркетаева Ж.О.', NULL, 'test_user', '2015-08-11 05:26:56'),
(459, 'Колеснова', 'Н', 'Е', 2, '1949-07-14', 1949, NULL, NULL, -1, NULL, -1, -1, NULL, 'Карагнда ООД', 'Дороган Д.Д.', NULL, 'test_user', '2015-08-11 06:22:50'),
(460, 'Старченко', 'В.', 'П.', 2, '1979-05-15', 1979, NULL, NULL, -1, NULL, -1, -1, NULL, 'Шымкент ООД', NULL, NULL, 'test_user', '2015-08-11 06:24:56'),
(461, 'Коргасбаев', 'Сакен', NULL, 1, '1967-02-19', 1967, NULL, NULL, -1, NULL, -1, -1, NULL, 'Талдыкурган ООД', 'Есимханова С.Т.', NULL, 'test_user', '2015-08-11 06:26:06'),
(462, 'Пузикова', 'Л.', 'В.', 2, '1937-01-15', 1937, NULL, NULL, -1, NULL, -1, -1, NULL, 'Павлодар ПООД', 'Богомозова И.В.', NULL, 'test_user', '2015-08-11 06:27:34'),
(463, 'Шаблий', 'Федор', 'Федорович', 1, '1948-06-04', 1948, NULL, NULL, -1, NULL, -1, -1, NULL, 'Павлодар ПООД', 'Богомозова И.В.', NULL, 'test_user', '2015-08-11 06:28:48'),
(464, 'Тархрв', 'С.', 'С.', 1, '1940-08-15', 1940, NULL, NULL, -1, NULL, -1, -1, NULL, 'Павлодар ПООД', 'Богомозова И.В.', NULL, 'test_user', '2015-08-11 06:29:42'),
(465, 'Каримов', 'Дильмурат', NULL, 1, '1961-12-07', 1961, NULL, NULL, -1, NULL, -1, -1, NULL, 'Талдыкурган ООД', 'Есимханова С.Т.', NULL, 'test_user', '2015-08-11 06:30:49'),
(466, 'Турарбеков', 'Болат', 'Тусупбекович', 1, '1965-06-30', 1965, NULL, NULL, -1, NULL, -1, -1, NULL, 'Семей РОД', 'Астаева А.Б.', NULL, 'test_user', '2015-08-11 06:31:35'),
(467, 'Тернова', 'Л.', 'П.', 2, '1947-04-02', 1947, NULL, NULL, -1, NULL, -1, -1, NULL, 'Семей РОД', NULL, NULL, 'test_user', '2015-08-11 06:32:38'),
(468, 'Другова', 'Екатерина', 'Васильевна', 2, '1952-01-03', 1952, NULL, NULL, -1, NULL, -1, -1, NULL, 'Семей РОД', 'Астаева А.Б.', NULL, 'test_user', '2015-08-11 06:33:48'),
(469, 'Жубанышев', 'Мурат', 'Хайрошевич', 1, '1956-01-06', 1956, NULL, NULL, -1, NULL, -1, -1, NULL, NULL, NULL, NULL, 'test_user', '2015-08-11 06:34:33'),
(470, 'Погорелова', 'Погорелова', 'Погорелова', 2, '1939-04-05', 1939, NULL, NULL, -1, NULL, -1, -1, NULL, 'Павлодар ПООД', 'Богомозова И.В.', NULL, 'test_user', '2015-08-11 06:37:21'),
(471, 'Днисенко', 'В.', 'И.', 2, '1937-08-25', 1937, NULL, NULL, -1, NULL, -1, -1, NULL, 'Павлодар ПООД', 'Богомозова И.В.', NULL, 'test_user', '2015-08-11 06:38:11'),
(472, 'Родигева', 'З.', 'В.', 2, '1937-09-26', 1937, NULL, NULL, -1, NULL, -1, -1, NULL, 'Павлодар ПООД', 'Богомозова И.В.', NULL, 'test_user', '2015-08-11 06:39:35'),
(473, 'Абдугалиева', 'И.', 'Н.', 2, '1962-05-03', 1962, NULL, NULL, -1, NULL, -1, -1, NULL, 'Караганда КГП ООД', 'Нуркетаева Ж.О.', NULL, 'test_user', '2015-08-11 06:40:36'),
(474, 'Косицына', 'Н.', 'В.', 2, '1954-03-07', 1954, NULL, NULL, -1, NULL, -1, -1, NULL, 'Караганда КГП ООД', 'Дороган Д.Д.', NULL, 'test_user', '2015-08-11 06:41:37'),
(475, 'Сыбанбаева', 'Баян', NULL, 2, '1964-10-01', 1964, NULL, NULL, -1, NULL, -1, -1, NULL, 'Талдыкурган ООД', 'Есимханова С.И.', NULL, 'test_user', '2015-08-11 06:42:18'),
(476, 'Хайбулин', 'Малик', NULL, 1, '1958-03-24', 1958, NULL, NULL, -1, NULL, -1, -1, NULL, 'Талдыкурган ООД', 'Есимханова С.И.', NULL, 'test_user', '2015-08-11 06:43:04'),
(477, 'Мухаев', 'Ануар', NULL, 1, '1959-02-07', 1959, NULL, NULL, -1, NULL, -1, -1, NULL, 'Алматинская обл. АРОД', 'Акимжанова Ж.М.', NULL, 'test_user', '2015-08-11 06:43:53'),
(478, 'Мирошниченко', 'Е.', 'А.', 2, '1971-08-19', 1971, NULL, NULL, -1, NULL, -1, -1, NULL, 'Семей РОД', 'Суров М.Ю.', NULL, 'test_user', '2015-08-11 06:44:44'),
(479, 'Беков', 'Х.', 'А.', 1, '1970-08-30', 1970, NULL, NULL, -1, NULL, -1, -1, NULL, 'Алматы АОЦ', 'Есентаева С.Е.', NULL, 'test_user', '2015-08-11 06:45:35'),
(480, 'Нейшович', 'Л.', NULL, 1, NULL, 1951, NULL, NULL, -1, NULL, -1, -1, NULL, NULL, NULL, NULL, 'test_user', '2015-08-11 06:46:45'),
(481, 'Шагина', 'Анна', 'Петровна', 2, '1952-02-10', 1952, NULL, NULL, -1, NULL, -1, -1, NULL, 'Алматы КазНИИОиР', 'Туманова А.К.', NULL, 'test_user', '2015-08-11 06:47:33'),
(482, 'Гордиенко', 'М.', 'И.', 2, '1948-01-30', 1948, NULL, NULL, -1, NULL, -1, -1, NULL, 'Талдыкурган ООД', 'Имангалиев Е.А.', NULL, 'test_user', '2015-08-11 06:48:34'),
(483, 'Шатковский', 'В.', 'А.', 1, NULL, 1978, NULL, NULL, -1, NULL, -1, -1, NULL, 'Алматы АОЦ', 'Есентаева С.Е.', NULL, 'test_user', '2015-08-11 06:49:14'),
(484, 'Макшанцев', 'М.', 'Д.', 1, NULL, 1941, NULL, NULL, -1, NULL, -1, -1, NULL, 'Алматы АОЦ', 'Есентаева С.Е.', NULL, 'test_user', '2015-08-11 06:50:01'),
(485, 'Нурмаганбетов', 'А.', NULL, 1, '1956-05-11', 1956, NULL, NULL, -1, NULL, -1, -1, NULL, 'Кызылорда', 'Тлеулиев Б.К.', NULL, 'test_user', '2015-08-11 06:50:45');
INSERT INTO `kras_patient` (`id`, `last_name`, `first_name`, `patronymic_name`, `sex_id`, `date_birth`, `year_birth`, `weight_kg`, `height_sm`, `prof_or_other_hazards_yes_no_id`, `prof_or_other_hazards_discr`, `nationality_id`, `smoke_yes_no_id`, `smoke_discr`, `hospital`, `doctor`, `comments`, `user`, `insert_date`) VALUES
(486, 'Науанова', 'Жумакул', NULL, 2, '1951-04-25', 1951, NULL, NULL, -1, NULL, -1, -1, NULL, 'Кызылорда', 'Тлеулиев Б.К.', NULL, 'test_user', '2015-08-11 06:51:29'),
(487, 'Адилова', 'Саракул', NULL, 2, '1961-01-09', 1961, NULL, NULL, -1, NULL, -1, -1, NULL, 'Кызылорда', 'Курбанбаев А.Р.', NULL, 'test_user', '2015-08-11 06:52:19'),
(488, 'Молдауова', 'Гулмира', NULL, 2, '1973-01-29', 1973, NULL, NULL, -1, NULL, -1, -1, NULL, 'Кызылорда', 'Тлеулиев Б.К.', NULL, 'test_user', '2015-08-11 06:53:00'),
(489, 'Якияева', 'Г.', NULL, 2, NULL, 1969, NULL, NULL, -1, NULL, -1, -1, NULL, 'Кызылорда', 'Курбанбаев А.Р.', NULL, 'test_user', '2015-08-11 06:53:59'),
(490, 'Денеева', 'Зинеш', NULL, 2, '1952-07-05', 1952, NULL, NULL, -1, NULL, -1, -1, NULL, 'Кызылорда', 'Тлеулиев Б.К.', NULL, 'test_user', '2015-08-11 06:54:42'),
(491, 'Байкенова', 'Г.', 'Ж.', 2, NULL, 1955, NULL, NULL, -1, NULL, -1, -1, NULL, 'Алматы АОЦ', NULL, NULL, 'test_user', '2015-08-11 06:55:20'),
(492, 'Те', 'Виссарион', 'Алексеевич', 1, '1957-12-01', 1957, NULL, NULL, -1, NULL, -1, -1, NULL, 'КазНИИОиР', 'Молдашева А.М.', NULL, 'test_user', '2015-08-11 06:58:16'),
(493, 'Набиева', 'Дина', 'Искаковна', 2, '1946-07-06', 1946, NULL, NULL, -1, NULL, -1, -1, NULL, 'АОЦ', 'Жунусова Г.А.', NULL, 'test_user', '2015-08-11 06:59:03'),
(494, 'Кубешов', 'М.', 'М.', 1, NULL, 1975, NULL, NULL, -1, NULL, -1, -1, NULL, 'Семей ВКООД', 'Кайдарова Г.О.', NULL, 'test_user', '2015-08-11 06:59:50'),
(495, 'Седельников', 'Сергей', 'Викторович', 1, '1985-04-15', 1985, NULL, NULL, -1, NULL, -1, -1, NULL, NULL, NULL, NULL, 'test_user', '2015-08-11 07:00:30'),
(496, 'Караев', 'Курмаш', NULL, 1, NULL, 1949, NULL, NULL, -1, NULL, -1, -1, NULL, 'КазНИИОиР', 'Джуманов А.И.', NULL, 'test_user', '2015-08-11 07:01:11'),
(497, 'Сырлыбаев', 'Мухтар', 'Токтакинович', 1, '1962-10-21', 1962, NULL, NULL, -1, NULL, -1, -1, NULL, 'АОЦ', NULL, NULL, 'test_user', '2015-08-11 07:01:53'),
(498, 'Голуб', 'Оксана', 'Николаевна', 2, '1964-08-17', 1964, NULL, NULL, -1, NULL, -1, -1, NULL, 'АОЦ', 'Абабакриев А.К.', NULL, 'test_user', '2015-08-11 07:04:49'),
(499, 'Есенов', 'Б.', 'У.', 1, '1939-10-10', 1939, NULL, NULL, -1, NULL, -1, -1, NULL, 'АОЦ', 'Афонин Г.А.', NULL, 'test_user', '2015-08-11 07:05:32'),
(500, 'Расбеков', 'Т.', 'К.', 1, '1966-05-05', 1966, NULL, NULL, -1, NULL, -1, -1, NULL, 'АОЦ', 'Афонин Г.А.', NULL, 'test_user', '2015-08-11 07:06:14'),
(501, 'Самымбева', 'Майра', 'Касымовна', 2, '1941-04-01', 1941, NULL, NULL, -1, NULL, -1, -1, NULL, 'КазНИИОиР', 'Туманова А.К.', NULL, 'test_user', '2015-08-11 07:06:55'),
(502, 'Жумабекова', 'Н.', NULL, 1, NULL, 1959, NULL, NULL, -1, NULL, -1, -1, NULL, 'КазНИИОиР', 'Джуманов А.И.', NULL, 'test_user', '2015-08-11 07:07:35'),
(503, 'Сарбуфин', 'Сеилхан', 'Исенгалиевич', 1, '1949-01-09', 1949, NULL, NULL, -1, NULL, -1, -1, NULL, 'АОЦ', 'Макаров В.А.', NULL, 'test_user', '2015-08-11 07:08:22'),
(504, 'Имадиева', 'Сауле', 'Молдашаевна', 2, '1948-03-20', 1948, NULL, NULL, -1, NULL, -1, -1, NULL, 'АОЦ', 'Люмозова Г.Г.', NULL, 'test_user', '2015-08-11 07:09:04'),
(505, 'Тулегенова', 'Рухия', NULL, 2, '1951-04-25', 1951, NULL, NULL, -1, NULL, -1, -1, NULL, NULL, NULL, NULL, 'test_user', '2015-08-11 07:09:42'),
(506, 'Смелов', 'Владислав', 'Сергеевич', 1, '1990-03-21', 1990, NULL, NULL, -1, NULL, -1, -1, NULL, 'Семей', 'Суров М.Ю.', NULL, 'test_user', '2015-08-11 07:10:21'),
(507, 'Байгабулова', 'С.', 'Р.', 2, '1966-06-09', 1966, NULL, NULL, -1, NULL, -1, -1, NULL, 'Семей', 'Суров М.Ю.', NULL, 'test_user', '2015-08-11 07:11:14'),
(508, 'Хайржанов', 'Талгат', NULL, 1, '1967-07-15', 1967, NULL, NULL, -1, NULL, -1, -1, NULL, 'КазНИИОиР', 'Насрытдинов Т.С.', NULL, 'test_user', '2015-08-11 07:12:08'),
(509, 'Сагимбаев', 'Асылхан', 'Бажигитович', 1, '1949-05-11', 1949, NULL, NULL, -1, NULL, -1, -1, NULL, 'Алматы АРОД', 'Лошкарева Л.П.', NULL, 'test_user', '2015-08-11 07:12:53'),
(510, 'Фаустов', 'А.', 'Н.', 1, '1950-11-04', 1950, NULL, NULL, -1, NULL, -1, -1, NULL, 'Караганда', 'Нуркетаева Ж.О.', NULL, 'test_user', '2015-08-11 07:13:51'),
(511, 'Бегайдарова', 'Галия', 'Нуртасовна', 2, '1967-10-30', 1967, NULL, NULL, -1, NULL, -1, -1, NULL, 'АОЦ', 'Жанакбаева М.Е.', NULL, 'test_user', '2015-08-11 07:14:38'),
(512, 'Мамыржанов', 'М.', 'А.', 1, '1970-04-20', 1970, NULL, NULL, -1, NULL, -1, -1, NULL, 'АОЦ', 'Жунусов Г.А.', NULL, 'test_user', '2015-08-11 07:19:52'),
(513, 'Памазан', 'А.', 'Л.', -1, '1959-11-03', 1959, NULL, NULL, -1, NULL, -1, -1, NULL, 'Караганда', 'Нуркетаева Ж.О.', NULL, 'test_user', '2015-08-11 07:20:54'),
(514, 'Знаменский', 'Александр', 'Владимирович', 1, '1949-11-19', 1949, NULL, NULL, -1, NULL, -1, -1, NULL, 'АОЦ', 'Нурсиленов Т.Т.', NULL, 'test_user', '2015-08-11 07:21:46'),
(515, 'Македон', 'Надежда', 'Ивановна', 2, '1957-10-28', 1957, NULL, NULL, -1, NULL, -1, -1, NULL, 'КазНИИОиР', 'Насрытдинов Т.С.', NULL, 'test_user', '2015-08-11 07:22:34'),
(516, 'Гукова', 'Светлана', 'Никитична', 2, NULL, 1946, NULL, NULL, -1, NULL, -1, -1, NULL, 'КазНИИОиР', 'Есентаева С.Е.', NULL, 'test_user', '2015-08-11 07:23:19'),
(517, 'Селезнев', 'Евгений', 'Иванович', 1, '1949-07-07', 1949, NULL, NULL, -1, NULL, -1, -1, NULL, 'АОЦ', NULL, NULL, 'test_user', '2015-08-11 07:23:57'),
(518, 'Шапарев', 'Юрий', 'Анатольевич', 1, '1966-06-26', 1966, NULL, NULL, -1, NULL, -1, -1, NULL, 'АОЦ', 'Мукашев А.С.', NULL, 'test_user', '2015-08-11 07:24:37'),
(519, 'Джалбагаева', 'Н.', 'М.', 2, '1954-07-01', 1954, NULL, NULL, -1, NULL, -1, -1, NULL, 'КазНИИОиР', 'Туманова А.К.', NULL, 'test_user', '2015-08-11 07:25:18'),
(520, 'Бадикова', 'Екатерина', 'Викторовна', 2, '1965-05-06', 1965, NULL, NULL, -1, NULL, -1, -1, NULL, NULL, NULL, NULL, 'test_user', '2015-08-11 07:25:56'),
(521, 'Демагина', 'Вера', 'Григорьевна', 2, '1947-10-13', 1947, NULL, NULL, -1, NULL, -1, -1, NULL, 'АОЦ', 'Малькова М.А.', NULL, 'test_user', '2015-08-11 07:26:34'),
(522, 'Длимов', 'Нагашыбай', NULL, 1, '1953-08-29', 1953, NULL, NULL, -1, NULL, -1, -1, NULL, 'Кызылорда', 'Тлеулиев Б.К.', NULL, 'test_user', '2015-08-11 07:27:16'),
(523, 'Уаткан', 'Серик', 'Аскарбекулы', 1, '1954-04-15', 1954, NULL, NULL, -1, NULL, -1, -1, NULL, 'Астана ГОД', 'Досан Б.О.', NULL, 'test_user', '2015-08-11 07:27:57'),
(524, 'Андрейченко', 'Борис', 'Валерьевич', 1, '1962-02-19', 1962, NULL, NULL, -1, NULL, -1, -1, NULL, 'АОЦ', 'Жанакбаева М.Е.', NULL, 'test_user', '2015-08-11 07:28:35'),
(525, 'Жалелов', 'Тудахун', NULL, 1, '1942-04-07', 1942, NULL, NULL, -1, NULL, -1, -1, NULL, 'АОЦ', 'Жанакбаева М.Е.', NULL, 'test_user', '2015-08-11 07:29:12'),
(526, 'Аношкина', 'О.', 'П.', 2, '1949-12-09', 1949, NULL, NULL, -1, NULL, -1, -1, NULL, 'ЮКО Шымкент', 'Даткаева Ф.А.', NULL, 'test_user', '2015-08-11 07:29:56'),
(527, 'Смирнова', 'Елена', 'Викторовна', 2, '1962-12-12', 1962, NULL, NULL, -1, NULL, -1, -1, NULL, 'АОЦ', 'Байделденов С.А.', NULL, 'test_user', '2015-08-11 07:30:41'),
(528, 'Леднев', 'Виталий', 'Викторович', 1, '1955-03-30', 1955, NULL, NULL, -1, NULL, -1, -1, NULL, 'АОЦ', 'Жанакбаева М.Е.', NULL, 'test_user', '2015-08-11 07:31:27'),
(529, 'Дударев', 'В.', 'И.', 1, '1940-01-14', 1940, NULL, NULL, -1, NULL, -1, -1, NULL, 'АОЦ', 'Афонин Г.А.', NULL, 'test_user', '2015-08-11 07:32:07'),
(530, 'Есжанова', 'Клара', 'Жумахановна', 2, '1964-01-09', 1964, NULL, NULL, -1, NULL, -1, -1, NULL, 'АОЦ', 'Адиев М.М.', NULL, 'test_user', '2015-08-11 07:32:55'),
(531, 'Оразбаев', 'А.', NULL, 1, NULL, 1955, NULL, NULL, -1, NULL, -1, -1, NULL, 'КазНИИОиР', 'Джуманов А.И.', NULL, 'test_user', '2015-08-11 07:33:26'),
(532, 'Бакаев', 'Асет', 'Байбосынович', 1, NULL, 1963, NULL, NULL, -1, NULL, -1, -1, NULL, 'КазНИИОиР', 'Кузикеев М.О.', NULL, 'test_user', '2015-08-11 07:34:50'),
(533, 'Сугурбеков', 'Дархан', NULL, 1, '1968-08-30', 1968, NULL, NULL, -1, NULL, -1, -1, NULL, 'Тараз ЖООД', 'Тайтели Г.А.', NULL, 'test_user', '2015-08-11 07:36:04'),
(534, 'Шарафутдинова', 'Наталья', 'Анатольевна', 2, '1961-07-22', 1961, NULL, NULL, -1, NULL, -1, -1, NULL, 'Астана ННЦОиТ', 'Сейдалин Н.К.', NULL, 'test_user', '2015-08-11 07:36:47'),
(535, 'Ким', 'Э.', 'К.', -1, '1953-02-06', 1953, NULL, NULL, -1, NULL, -1, -1, NULL, 'Караганда ООД', 'Нуркетаева Ж.О.', NULL, 'test_user', '2015-08-11 07:37:30'),
(536, 'Есильбаева', 'Зинар', 'Ширихановна', 2, '1958-07-23', 1958, NULL, NULL, -1, NULL, -1, -1, NULL, 'КазНИИОиР', 'Туманова А.К.', NULL, 'test_user', '2015-08-11 07:38:09'),
(537, 'Минькова', 'Татьяна', 'Михайловна', 2, '1957-02-17', 1957, NULL, NULL, -1, NULL, -1, -1, NULL, 'КазНИИОиР', 'Туманова А.К.', NULL, 'test_user', '2015-08-11 07:38:54'),
(538, 'Табак', 'Евгений', 'Петрович', 1, '1973-06-20', 1973, NULL, NULL, -1, NULL, -1, -1, NULL, 'АОЦ', 'Адиев М.М.', NULL, 'test_user', '2015-08-11 07:39:38'),
(539, 'Юрченко', 'Татьяна', 'Александровна', 2, '1952-04-25', 1952, NULL, NULL, -1, NULL, -1, -1, NULL, 'АОЦ', 'Сатбаев А.', NULL, 'test_user', '2015-08-11 07:40:20'),
(540, 'Литвинова', 'Раиса', 'Панфиловна', 2, '1947-04-23', 1947, NULL, NULL, -1, NULL, -1, -1, NULL, 'АОЦ', 'Байделденов С.А.', NULL, 'test_user', '2015-08-11 07:40:59'),
(541, 'Мусаева', 'Ш.', 'Н.', 2, '1955-07-27', 1955, NULL, NULL, -1, NULL, -1, -1, NULL, 'АОЦ', 'Байделденов С.А.', NULL, 'test_user', '2015-08-11 07:41:48'),
(542, 'Сейтказиева', 'Гаукар', 'Куанышбековна', 2, NULL, 1966, NULL, NULL, -1, NULL, -1, -1, NULL, 'КазНИИОиР', 'Есентаева С.Е.', NULL, 'test_user', '2015-08-11 07:42:30'),
(543, 'Тулеутаев', 'С.', 'К.', 1, NULL, 1946, NULL, NULL, -1, NULL, -1, -1, NULL, 'Астана ГОД', 'Рутжанова Ж.Ю.', NULL, 'test_user', '2015-08-11 07:43:11'),
(544, 'Ижболдина', 'Надежда', 'Геннадина', 2, '1961-04-03', 1961, NULL, NULL, -1, NULL, -1, -1, NULL, 'АОЦ', 'Кайрбаев', NULL, 'test_user', '2015-08-11 07:43:57'),
(545, 'Жуманова', 'Ш.', 'К.', 2, '1972-04-12', 1972, NULL, NULL, -1, NULL, -1, -1, NULL, 'Шымкент ООД', 'Даткаева Ф.А.', NULL, 'test_user', '2015-08-11 07:44:42'),
(546, 'Сыдыкназарова', 'Д.', NULL, 2, '1944-05-01', 1944, NULL, NULL, -1, NULL, -1, -1, NULL, 'Шымкент ООД', 'Даткаева Ф.А.', NULL, 'test_user', '2015-08-11 07:45:21'),
(547, 'Тузелов', 'Данияр', 'Кунтуганович', 1, '1965-03-08', 1965, NULL, NULL, -1, NULL, -1, -1, NULL, 'Актау ООД', 'Ислямгалиева Г.Г.', NULL, 'test_user', '2015-08-11 07:46:14'),
(548, 'Абылкасова', 'Рыскуль', NULL, 2, '1944-06-18', 1944, NULL, NULL, -1, NULL, -1, -1, NULL, 'АОЦ', NULL, NULL, 'test_user', '2015-08-11 07:46:57'),
(549, 'Сарсембиева', 'А.', NULL, 2, NULL, 1953, NULL, NULL, -1, NULL, -1, -1, NULL, 'АОЦ', 'Абабакриев А.К.', NULL, 'test_user', '2015-08-11 07:47:36'),
(550, 'Камбарова', 'Бакыт', 'Турсыновна', 2, '1967-10-04', 1967, NULL, NULL, -1, NULL, -1, -1, NULL, 'Астана ГОД', 'Арипжанова Г.О.', NULL, 'test_user', '2015-08-11 07:48:19'),
(551, 'Баймукашева', 'Алигапар', NULL, 1, '1963-03-13', 1963, NULL, NULL, -1, NULL, -1, -1, NULL, 'Астана ГОД', 'Арипжанова Г.О.', NULL, 'test_user', '2015-08-11 07:48:56'),
(552, 'Нысанбаев', 'Жаксылык', 'Фазылбекович', 1, '1946-05-26', 1946, NULL, NULL, -1, NULL, -1, -1, NULL, 'Астана ГОД', 'Арипжанова Г.О.', NULL, 'test_user', '2015-08-12 02:36:00'),
(553, 'Кабенок', 'Людмила', 'Ивановна', 2, '1949-06-16', 1949, NULL, NULL, -1, NULL, 2, -1, NULL, 'Астана ГОД', 'Арипжанова Г.О.', NULL, 'test_user', '2015-08-12 02:38:41'),
(554, 'Тур', 'Юрий', 'Петрович', 1, '1959-05-20', 1959, NULL, NULL, -1, NULL, 2, -1, NULL, 'Астана', 'Татиков Т.М.', NULL, 'test_user', '2015-08-12 02:41:02'),
(555, 'Айсаров', 'Мусажан', NULL, 1, '1946-09-16', 1946, NULL, NULL, -1, NULL, -1, -1, NULL, 'АОЦ', 'Жанакбаева М.Е.', NULL, 'test_user', '2015-08-12 02:47:00'),
(556, 'Цхай', 'Наталья', 'Петровна', 2, '1968-11-10', 1968, NULL, NULL, -1, NULL, -1, -1, NULL, 'АОЦ', NULL, NULL, 'test_user', '2015-08-12 02:50:00'),
(557, 'Вилинскиий', 'Юлиан', 'Марьянович', 1, '1942-03-11', 1942, NULL, NULL, -1, NULL, -1, -1, NULL, 'Астана ГОД', 'Рутжанова Ж.Ю.', NULL, 'test_user', '2015-08-12 02:52:28'),
(558, 'Аменкенова', 'Фания', NULL, 2, '1947-01-09', 1947, NULL, NULL, -1, NULL, -1, -1, NULL, 'Астана ГОД', 'Айтжанова Д.К.', NULL, 'test_user', '2015-08-12 02:54:50'),
(559, 'Байкенже', 'Озат', NULL, 1, '1986-05-24', 1986, NULL, NULL, -1, NULL, 1, -1, NULL, 'Кызылорда ООЦ', 'Тлеулиев Б.К.', NULL, 'test_user', '2015-08-12 02:59:13'),
(560, 'Ускова', 'Мира', 'Павловна', 2, '1938-01-06', 1938, NULL, NULL, -1, NULL, -1, -1, NULL, 'КазНИИОиР', 'Туманова А.К.', NULL, 'test_user', '2015-08-12 03:02:53'),
(561, 'Перемыкина', 'Л.', 'А.', 2, NULL, 1955, NULL, NULL, -1, NULL, -1, -1, NULL, 'Алматы КазНИИОиР', 'Насрытдинов Т.С.', NULL, 'test_user', '2015-08-12 07:58:09'),
(562, 'Сакмаров', 'Виктор', 'Васильевич', 1, '1949-04-03', 1949, NULL, NULL, -1, NULL, -1, -1, NULL, 'АОЦ', NULL, NULL, 'test_user', '2015-08-12 08:00:17'),
(563, 'Кузнецов', 'Б.', 'В.', 1, NULL, 1947, NULL, NULL, -1, NULL, -1, -1, NULL, 'КазНИИОиР', 'Насрытдинова Н.Ю.', NULL, 'test_user', '2015-08-12 08:04:08'),
(564, 'Хайбуллин', 'Ф.', 'Р.', 1, '1952-02-10', 1952, NULL, NULL, -1, NULL, -1, -1, NULL, 'Семей РОД', 'Суров М.Ю.', NULL, 'test_user', '2015-08-12 08:12:01'),
(565, 'Курмангалиев', 'Елюбай', NULL, 1, '1947-04-18', 1947, NULL, NULL, -1, NULL, 1, -1, NULL, 'Семей РОД', 'Суров М.Ю.', NULL, 'test_user', '2015-08-12 08:13:42'),
(566, 'Рыльцов', 'Вячислав', 'Александрович', 1, '1950-12-16', 1950, NULL, NULL, -1, NULL, -1, -1, NULL, 'Астана ГОД', 'Арипжанова Г.О.', NULL, 'test_user', '2015-08-12 08:15:13'),
(567, 'Иванова', 'Оксана', 'Владимировна', 2, '1976-07-26', 1976, NULL, NULL, -1, NULL, -1, -1, NULL, 'АОЦ', 'Нурсиленов Т.Т.', NULL, 'test_user', '2015-08-12 08:16:44'),
(568, 'Абдрахманов', 'Ерлан', 'Сламкулович', 1, '1956-05-12', 1956, NULL, NULL, -1, NULL, -1, -1, NULL, 'Астана ГОД', 'Маулетбаев М.С.', NULL, 'test_user', '2015-08-12 08:18:10'),
(569, 'Литвишков', 'Виктор', 'Кузьмич', 1, '1950-03-27', 1950, NULL, NULL, -1, NULL, -1, -1, NULL, 'Астана ГОД', 'Омаров М.Х.', NULL, 'test_user', '2015-08-12 08:19:42'),
(570, 'Нуркенов', 'Кайрат', 'Байдашович', 1, '1967-01-04', 1967, NULL, NULL, -1, NULL, 1, -1, NULL, 'Астана ГОД', 'Арипжанова Г.О.', NULL, 'test_user', '2015-08-12 09:28:14'),
(571, 'Рикледж', 'И.', 'М.', -1, '1947-12-15', 1947, NULL, NULL, -1, NULL, -1, -1, NULL, 'Караганда ООД', 'Дороган Д.Д.', NULL, 'test_user', '2015-08-12 09:29:54'),
(572, 'Маскаева', 'Е.', 'А.', 2, '1969-06-10', 1969, NULL, NULL, -1, NULL, -1, -1, NULL, 'Караганда ООД', 'Нурпеисова Г.К.', NULL, 'test_user', '2015-08-12 09:31:43'),
(573, 'Боченин', 'Ю.', 'В.', 1, NULL, 1952, NULL, NULL, -1, NULL, -1, -1, NULL, 'Караганда ООД', 'Нуркетаева Ж.О.', NULL, 'test_user', '2015-08-12 09:34:23'),
(574, 'Васьковская', 'Галина', 'Владимировна', 2, '1961-01-01', 1961, NULL, NULL, -1, NULL, -1, -1, NULL, 'Костанай', 'Потапенко В.В.', NULL, 'test_user', '2015-08-12 09:35:36'),
(575, 'Загребельный', 'Александр', 'Леонидович', 1, '1955-04-22', 1955, NULL, NULL, -1, NULL, -1, -1, NULL, 'Костанай', 'Потапенко В.В.', NULL, 'test_user', '2015-08-12 09:36:59'),
(576, 'Таликина', 'Анна', 'Александровна', 2, '1937-12-23', 1937, NULL, NULL, -1, NULL, -1, -1, NULL, 'Костанай', 'Потапенко В.В.', NULL, 'test_user', '2015-08-12 09:38:31'),
(577, 'Какимов', 'Жаксылык', NULL, 1, '1942-02-28', 1942, NULL, NULL, -1, NULL, -1, -1, NULL, 'Костанай', 'Потапенко В.В.', NULL, 'test_user', '2015-08-12 09:40:02'),
(578, 'Кравчук', 'Николай', 'Васильевич', 1, '1957-09-01', 1957, NULL, NULL, -1, NULL, -1, -1, NULL, 'Костанай', 'Потапенко В.В.', NULL, 'test_user', '2015-08-12 09:42:58'),
(579, 'Раевская', 'Валентина', 'Федоровна', 2, '1941-09-15', 1941, NULL, NULL, -1, NULL, -1, -1, NULL, 'Костанай .', 'Потапенко В.В', NULL, 'test_user', '2015-08-12 09:46:05'),
(580, 'Литвинович', 'Юлия', 'Николаевна', 2, '1979-07-19', 1979, NULL, NULL, -1, NULL, -1, -1, NULL, 'АОЦ', NULL, NULL, 'test_user', '2015-08-12 09:47:14'),
(581, 'Кузнецова', 'Татьяна', 'Ивановна', 2, '1966-02-20', 1966, NULL, NULL, -1, NULL, -1, -1, NULL, 'АОЦ', 'Нурсиленов Т.Т.', NULL, 'test_user', '2015-08-12 09:48:37'),
(582, 'Тасбулатов', 'Евгений', 'Амангельдинович', 1, '1966-03-09', 1966, NULL, NULL, -1, NULL, -1, -1, NULL, 'АОЦ', 'Жанакбаева М.Е.', NULL, 'test_user', '2015-08-12 09:50:13'),
(583, 'Шиняев', 'Сергей', 'Викторович', 1, '1976-09-24', 1976, NULL, NULL, -1, NULL, -1, -1, NULL, 'КазНИИОиР', 'Чичуа Н.А.', NULL, 'test_user', '2015-08-12 09:51:27'),
(584, 'Швецова', 'Ольга', 'Владимировна', 2, '1977-11-23', 1977, NULL, NULL, -1, NULL, -1, -1, NULL, 'КазНИИОиР', 'Джуманов А.Б.', NULL, 'test_user', '2015-08-12 09:55:59'),
(585, 'Елизарова', 'Антонина', 'Антоновна', 2, '1950-09-19', 1950, NULL, NULL, -1, NULL, -1, -1, NULL, 'АОЦ', 'Серикбаев Б.А.', NULL, 'test_user', '2015-08-12 10:01:27'),
(586, 'Муканов', 'Бекболат', 'Кошерулы', 1, '1960-12-02', 1960, NULL, NULL, -1, NULL, -1, -1, NULL, 'КазНИИОиР', 'Туманова А.К..', NULL, 'test_user', '2015-08-12 10:04:07'),
(587, 'Байсакалова', 'Сагипжамал', NULL, 2, '1950-02-27', 1950, NULL, NULL, -1, NULL, -1, -1, NULL, 'АОЦ', 'Болатов М.Б.', NULL, 'test_user', '2015-08-12 10:09:52'),
(588, 'Ертаев', 'Адилхан', 'Жумабайулы', 1, '1954-07-20', 1954, NULL, NULL, -1, NULL, 1, -1, NULL, 'АОЦ', 'Байделбеков С.А.', NULL, 'test_user', '2015-08-12 10:15:41'),
(589, 'Жумабеков', 'Куаныш', 'Жаканбаевич', 1, '1966-12-05', 1966, NULL, NULL, -1, NULL, 1, -1, NULL, 'АРОД', 'Жанатаева Ж.К.', NULL, 'test_user', '2015-08-12 10:17:03'),
(590, 'Кирьяков', 'Александр', 'Александрович', 1, '1955-05-07', 1955, NULL, NULL, -1, NULL, -1, -1, NULL, 'Алматы  АОЦ', 'Мухашев А.А.', NULL, 'test_user', '2015-08-12 10:19:54'),
(591, 'Манауов', 'Кийкбай', NULL, 1, NULL, 1950, NULL, NULL, -1, NULL, -1, -1, NULL, 'КазНИИОиР', 'Туманова А.К.', NULL, 'test_user', '2015-08-12 10:22:04'),
(592, 'Казкеев', 'Береке', 'Кошикараевич', 1, '1984-11-06', 1984, NULL, NULL, -1, NULL, -1, -1, NULL, 'Астана ГОД', 'Айтжанова Д.К.', NULL, 'test_user', '2015-08-12 10:30:27'),
(593, 'Есмуханов', 'Султанбек', 'Турлыбекович', 1, '1956-06-12', 1956, NULL, NULL, -1, NULL, 1, -1, NULL, 'Астана ГОД', 'Абдикаримов А.М.', NULL, 'test_user', '2015-08-12 10:40:11'),
(594, 'Кукуев', 'Олег', 'Александрович', 1, '1964-02-23', 1964, NULL, NULL, -1, NULL, -1, -1, NULL, 'Костанай', 'Потапенко В.В.', NULL, 'test_user', '2015-08-12 10:41:57'),
(595, 'Айдарова', 'Сания', 'Фархутдинова', 2, '1955-01-12', 1955, NULL, NULL, -1, NULL, -1, -1, NULL, 'Костанай', 'Потапенко В.В.', NULL, 'test_user', '2015-08-12 10:43:14'),
(596, 'Вешнякова', 'Валентина', 'Николаевна', 2, '1938-02-10', 1938, NULL, NULL, -1, NULL, -1, -1, NULL, 'Костанай', 'Потапенко В.В.', NULL, 'test_user', '2015-08-12 10:44:39'),
(597, 'Голованов .', 'Николай', 'Сергеевич', 1, '1946-05-06', 1946, NULL, NULL, -1, NULL, -1, -1, NULL, 'Костанай ООД', 'Потапенко В.В.', NULL, 'test_user', '2015-08-13 02:35:55'),
(598, 'Барабанов .', 'Иван', 'Викторович', 1, '1963-08-22', 1963, NULL, NULL, -1, NULL, -1, -1, NULL, 'Костанай ООД', 'Потапенко В.В.', NULL, 'test_user', '2015-08-13 02:37:24'),
(599, 'Меденцева', 'Екатерина', 'Николаевна', 2, '1959-02-17', 1959, NULL, NULL, -1, NULL, -1, -1, NULL, 'Костанай ООД', NULL, NULL, 'test_user', '2015-08-13 02:38:43'),
(600, 'Дюсембаева', 'Т.', 'К.', 2, '1946-10-31', 1946, NULL, NULL, -1, NULL, -1, -1, NULL, 'Караганда ООД', 'Нуркетаева Ж.О.', NULL, 'test_user', '2015-08-13 02:40:36'),
(601, 'Зиньковская', 'В.', 'А.', 2, NULL, 1946, NULL, NULL, -1, NULL, -1, -1, NULL, 'Караганда ООД', 'Нуркетаева Ж.О.', NULL, 'test_user', '2015-08-13 02:41:41'),
(602, 'Сарычева', 'Лариса', 'Юрьевна', 2, '1964-02-18', 1964, NULL, NULL, -1, NULL, -1, -1, NULL, 'Алматы АОЦ', 'Адиев М.', NULL, 'test_user', '2015-08-13 02:43:08'),
(603, 'Райымбекова .', 'Роза', 'Пернебековна', 2, '1969-10-10', 1969, NULL, NULL, -1, NULL, -1, -1, NULL, 'Алматы АОЦ', 'Касымова Г.С.', NULL, 'test_user', '2015-08-13 02:44:17'),
(604, 'Мынбаев', 'Нурлан', 'Умирович', 1, NULL, 1961, NULL, NULL, -1, NULL, 1, -1, NULL, 'Алматы АОЦ .', 'Абабакриев А.К', NULL, 'test_user', '2015-08-13 02:46:04'),
(605, 'Сидиропуло', 'Павел', 'Анастасович', 1, '1969-08-04', 1969, NULL, NULL, -1, NULL, -1, -1, NULL, 'Алматы АОЦ', 'Адиев М.', NULL, 'test_user', '2015-08-13 02:47:44'),
(606, 'Цибулов', 'Виктор', 'Васильевич', 1, '1955-03-14', 1955, NULL, NULL, -1, NULL, -1, -1, NULL, 'Актобе АОБ', NULL, NULL, 'test_user', '2015-08-13 02:49:08'),
(607, 'Швачко', 'Валерий', 'С.', 1, '1957-05-03', 1957, NULL, NULL, -1, NULL, -1, -1, NULL, 'Актобе АОБ', NULL, NULL, 'test_user', '2015-08-13 02:50:34'),
(608, 'Абдуллаева', 'Гульнара', 'Ануашбековна', 2, '1950-04-20', 1950, NULL, NULL, -1, NULL, -1, -1, NULL, 'Алматы АОЦ', 'Жунусов Г.А.', NULL, 'test_user', '2015-08-13 02:52:05'),
(609, 'Ким', 'Г.', NULL, 1, NULL, 1952, NULL, NULL, -1, NULL, -1, -1, NULL, 'КазНИИОиР', 'Джуманов А.И.', NULL, 'test_user', '2015-08-13 02:53:56'),
(610, 'Бейсенов', 'Тураш', 'Орынович', 1, NULL, 1946, NULL, NULL, -1, NULL, -1, -1, NULL, 'Алматы АОЦ .', 'Байдилбеков С.А', NULL, 'test_user', '2015-08-13 02:55:18'),
(611, 'Андриевский', 'Леонид', 'Николаевич', 1, NULL, 1948, NULL, NULL, -1, NULL, -1, -1, NULL, 'Алматы АОЦ', 'Нурсиленов Т.Т.', NULL, 'test_user', '2015-08-13 02:56:39'),
(612, 'Перепелица', 'Екатерина', 'Алимпиевна', 2, '1942-01-19', 1942, NULL, NULL, -1, NULL, 2, -1, NULL, 'Алматы АОЦ', NULL, NULL, 'test_user', '2015-08-13 02:57:58'),
(613, 'Зорина', 'Татьяна', 'Ильинична', 2, '1962-02-15', 1962, NULL, NULL, -1, NULL, -1, -1, NULL, 'КазНИИОиР', 'Чичуа Н.А.', NULL, 'test_user', '2015-08-13 02:59:15'),
(614, 'Алиева', 'Татьяна', 'Георгиевна', 2, '1956-07-13', 1956, NULL, NULL, -1, NULL, -1, -1, NULL, 'Астана ГОД', 'Жаппаров Е.И.', NULL, 'test_user', '2015-08-13 03:00:50'),
(615, 'Уайспекова', 'Замзагуль', 'Караганбаевна', 2, '1965-01-24', 1965, NULL, NULL, -1, NULL, -1, -1, NULL, 'Астана ГОД', 'Абдикаримов А.М.', NULL, 'test_user', '2015-08-13 03:02:47'),
(616, 'Колиленова', 'Кармызе', 'Тулегеновна', 2, '1955-11-19', 1955, NULL, NULL, -1, NULL, -1, -1, NULL, 'Астана ГОД', 'Акашева Д.М.', NULL, 'test_user', '2015-08-13 03:04:38'),
(617, 'Ансатбаев', 'Айсултан', 'Сражанович', 1, NULL, 1961, NULL, NULL, -1, NULL, -1, -1, NULL, 'КазНИИОиР', 'Баймухаметов Э.Т.', NULL, 'test_user', '2015-08-13 03:06:07'),
(618, 'Домнина', 'Т.', 'А.', 2, NULL, 1941, NULL, NULL, -1, NULL, -1, -1, NULL, 'Алматы АОЦ', NULL, NULL, 'test_user', '2015-08-13 03:09:08'),
(619, 'Абылкасымова', 'Алтын', 'Садыковна', 2, '1960-06-30', 1960, NULL, NULL, -1, NULL, -1, -1, NULL, 'Астана ГОД', 'Ермагамбетова А.Т.', NULL, 'test_user', '2015-08-13 09:58:02'),
(620, 'Жумажанова', 'Каншаем', 'Кажыкакимовна', 2, '1949-10-21', 1949, NULL, NULL, -1, NULL, -1, -1, NULL, 'Астана ГОД', 'Татиков Т.М.', NULL, 'test_user', '2015-08-13 09:59:35'),
(621, 'Бухарова', 'Б.', NULL, 2, '1942-10-20', 1942, NULL, NULL, -1, NULL, -1, -1, NULL, 'Кызылорда ОЦ', 'Тлеулиев Б.К.', NULL, 'test_user', '2015-08-13 10:02:01'),
(622, 'Койайдаров', 'Болат', NULL, 1, '1968-09-28', 1968, NULL, NULL, -1, NULL, -1, -1, NULL, 'Кызылорда ОЦ', 'Тлеулиев Б.К.', NULL, 'test_user', '2015-08-13 10:03:37'),
(623, 'Моннаников', 'Владимир', 'Васильевич', 1, '1962-08-23', 1962, NULL, NULL, -1, NULL, -1, -1, NULL, 'КазНИИОиР', 'Канаев А.М.', NULL, 'test_user', '2015-08-13 10:05:27'),
(624, 'Смолягова', 'Наталья', 'Николаевна', 2, '1963-11-01', 1963, NULL, NULL, -1, NULL, -1, -1, NULL, 'Алматы АОЦ', 'Касымова Г.С.', NULL, 'test_user', '2015-08-13 10:06:51'),
(625, 'Жазыбаева', 'Т.', 'С.', 2, NULL, 1961, NULL, NULL, -1, NULL, -1, -1, NULL, 'Караганда ООД', 'Нуркетаева Ж.О.', NULL, 'test_user', '2015-08-13 10:08:02'),
(626, 'Холодова', 'Н.', 'Н.', 2, '1955-05-21', 1955, NULL, NULL, -1, NULL, -1, -1, NULL, 'Караганда ООД', 'Нуркетаева Ж.О.', NULL, 'test_user', '2015-08-13 10:09:24'),
(627, 'Кусайнов', 'Абай', 'Мухамеджанович', 1, '1956-11-21', 1956, NULL, NULL, -1, NULL, -1, -1, NULL, 'Астана ГОД', 'Сагидолдин С.', NULL, 'test_user', '2015-08-13 10:10:48'),
(628, 'Ермаков', 'Вячеслав', 'Юрьевич', 1, '1959-09-27', 1959, NULL, NULL, -1, NULL, -1, -1, NULL, 'Алматы АОЦ', 'Касымова Г.С.', NULL, 'test_user', '2015-08-13 10:12:14'),
(629, 'Коробейников', 'Г.', 'А.', 1, '1959-04-11', 1959, NULL, NULL, -1, NULL, -1, -1, NULL, 'Караганда ООД', 'Нуркетаева Ж.О', NULL, 'test_user', '2015-08-13 10:16:18'),
(630, 'Трушин', 'Василий', 'Степанович', 1, '1945-01-06', 1945, NULL, NULL, -1, NULL, -1, -1, NULL, 'Актау ООД', 'Бекбосинова Г.И.', NULL, 'test_user', '2015-08-13 10:21:41'),
(631, 'Шупило', 'Д.', 'Д.', 1, NULL, 1949, NULL, NULL, -1, NULL, -1, -1, NULL, 'Караганда ООД', 'Нуркетаева Ж.О.', NULL, 'test_user', '2015-08-13 10:25:29'),
(632, 'Жансарова', 'Камалтай', 'Кобегеновна', 2, '1948-12-22', 1948, NULL, NULL, -1, NULL, -1, -1, NULL, 'Семей РОД', 'Калиолдина Н.К.', NULL, 'test_user', '2015-08-13 10:29:38');

-- --------------------------------------------------------

--
-- Структура таблицы `kras_rectum_part`
--

CREATE TABLE IF NOT EXISTS `kras_rectum_part` (
  `id` int(11) NOT NULL,
  `name` varchar(100) NOT NULL DEFAULT '',
  `user` varchar(25) DEFAULT NULL
) ENGINE=InnoDB DEFAULT CHARSET=utf8;

--
-- Дамп данных таблицы `kras_rectum_part`
--

INSERT INTO `kras_rectum_part` (`id`, `name`, `user`) VALUES
(-1, 'Нет данных', NULL),
(1, 'ректо сигмовидная кишка', NULL),
(2, 'верхняя ампулярная часть', NULL),
(3, 'верхняя и средняя ампулярная часть', NULL),
(4, 'средняя ампулярная часть', NULL),
(5, 'средняя и нижняя ампулярная часть', NULL),
(6, 'нижняя ампулярная часть', NULL),
(7, 'ампулярная часть но какая часть неизвестно', NULL),
(8, 'прямая кишка, но какая часть неизвестно', NULL);

-- --------------------------------------------------------

--
-- Структура таблицы `kras_sex`
--

CREATE TABLE IF NOT EXISTS `kras_sex` (
  `id` int(11) NOT NULL,
  `name` varchar(100) NOT NULL DEFAULT '',
  `user` varchar(25) DEFAULT NULL
) ENGINE=InnoDB DEFAULT CHARSET=utf8;

--
-- Дамп данных таблицы `kras_sex`
--

INSERT INTO `kras_sex` (`id`, `name`, `user`) VALUES
(-1, 'Нет данных', NULL),
(1, 'мужской', NULL),
(2, 'женский', NULL);

-- --------------------------------------------------------

--
-- Структура таблицы `kras_stage`
--

CREATE TABLE IF NOT EXISTS `kras_stage` (
  `id` int(11) NOT NULL,
  `name` varchar(100) NOT NULL DEFAULT '',
  `user` varchar(25) DEFAULT NULL
) ENGINE=InnoDB DEFAULT CHARSET=utf8;

--
-- Дамп данных таблицы `kras_stage`
--

INSERT INTO `kras_stage` (`id`, `name`, `user`) VALUES
(-1, 'Нет данных', NULL),
(1, 'I', NULL),
(2, 'II', NULL),
(3, 'III', NULL),
(4, 'IV', NULL);

-- --------------------------------------------------------

--
-- Структура таблицы `kras_status_gene_kras`
--

CREATE TABLE IF NOT EXISTS `kras_status_gene_kras` (
  `id` int(11) NOT NULL,
  `name` varchar(100) NOT NULL DEFAULT '',
  `user` varchar(25) DEFAULT NULL
) ENGINE=InnoDB DEFAULT CHARSET=utf8;

--
-- Дамп данных таблицы `kras_status_gene_kras`
--

INSERT INTO `kras_status_gene_kras` (`id`, `name`, `user`) VALUES
(-1, 'Нет данных', NULL),
(0, 'Дикий тип', NULL),
(1, 'Мутация G12А', NULL),
(2, 'Мутация G12С', NULL),
(3, 'Мутация G12D', NULL),
(4, 'Мутация G12S', NULL),
(5, 'Мутация G12V', NULL),
(6, 'Мутация G13D', NULL),
(7, 'Мутация G12R', NULL);

-- --------------------------------------------------------

--
-- Структура таблицы `kras_status_gene_kras3`
--

CREATE TABLE IF NOT EXISTS `kras_status_gene_kras3` (
  `id` int(11) NOT NULL,
  `name` varchar(100) NOT NULL,
  `user` varchar(25) DEFAULT NULL
) ENGINE=InnoDB DEFAULT CHARSET=utf8;

--
-- Дамп данных таблицы `kras_status_gene_kras3`
--

INSERT INTO `kras_status_gene_kras3` (`id`, `name`, `user`) VALUES
(-1, 'Нет данных', NULL),
(0, 'Дикий тип', NULL),
(1, 'Мутация Q61H', NULL),
(2, 'Мутация Q61R', NULL),
(3, 'Мутация Q61L', NULL);

-- --------------------------------------------------------

--
-- Структура таблицы `kras_status_gene_kras4`
--

CREATE TABLE IF NOT EXISTS `kras_status_gene_kras4` (
  `id` int(11) NOT NULL,
  `name` varchar(100) NOT NULL,
  `user` varchar(25) DEFAULT NULL
) ENGINE=InnoDB DEFAULT CHARSET=utf8;

--
-- Дамп данных таблицы `kras_status_gene_kras4`
--

INSERT INTO `kras_status_gene_kras4` (`id`, `name`, `user`) VALUES
(-1, 'Нет данных', NULL),
(0, 'Дикий тип', NULL),
(1, 'Мутация K117N', NULL),
(2, 'Мутация A146X', NULL);

-- --------------------------------------------------------

--
-- Структура таблицы `kras_status_gene_nras2`
--

CREATE TABLE IF NOT EXISTS `kras_status_gene_nras2` (
  `id` int(11) NOT NULL,
  `name` varchar(100) NOT NULL,
  `user` varchar(25) DEFAULT NULL
) ENGINE=InnoDB DEFAULT CHARSET=utf8;

--
-- Дамп данных таблицы `kras_status_gene_nras2`
--

INSERT INTO `kras_status_gene_nras2` (`id`, `name`, `user`) VALUES
(-1, 'Нет данных', NULL),
(0, 'Дикий тип', NULL),
(1, 'Мутация G12C', NULL),
(2, 'Мутация G12D', NULL),
(3, 'Мутация G12S', NULL),
(4, 'Мутация G13V', NULL),
(5, 'Мутация G13R', NULL);

-- --------------------------------------------------------

--
-- Структура таблицы `kras_status_gene_nras3`
--

CREATE TABLE IF NOT EXISTS `kras_status_gene_nras3` (
  `id` int(11) NOT NULL,
  `name` varchar(100) NOT NULL,
  `user` varchar(25) DEFAULT NULL
) ENGINE=InnoDB DEFAULT CHARSET=utf8;

--
-- Дамп данных таблицы `kras_status_gene_nras3`
--

INSERT INTO `kras_status_gene_nras3` (`id`, `name`, `user`) VALUES
(-1, 'Нет данных', NULL),
(0, 'Дикий тип', NULL),
(1, 'Мутация Q61K', NULL),
(2, 'Мутация Q61R', NULL),
(3, 'Мутация Q61L', NULL),
(4, 'Мутация Q61H', NULL);

-- --------------------------------------------------------

--
-- Структура таблицы `kras_status_gene_nras4`
--

CREATE TABLE IF NOT EXISTS `kras_status_gene_nras4` (
  `id` int(11) NOT NULL,
  `name` varchar(100) NOT NULL,
  `user` varchar(25) DEFAULT NULL
) ENGINE=InnoDB DEFAULT CHARSET=utf8;

--
-- Дамп данных таблицы `kras_status_gene_nras4`
--

INSERT INTO `kras_status_gene_nras4` (`id`, `name`, `user`) VALUES
(-1, 'Нет данных', NULL),
(0, 'Дикий тип', NULL),
(1, 'Мутация A146T', NULL);

-- --------------------------------------------------------

--
-- Структура таблицы `kras_tumor_differentiation_degree`
--

CREATE TABLE IF NOT EXISTS `kras_tumor_differentiation_degree` (
  `id` int(11) NOT NULL,
  `name` varchar(100) NOT NULL DEFAULT '',
  `user` varchar(25) DEFAULT NULL
) ENGINE=InnoDB DEFAULT CHARSET=utf8;

--
-- Дамп данных таблицы `kras_tumor_differentiation_degree`
--

INSERT INTO `kras_tumor_differentiation_degree` (`id`, `name`, `user`) VALUES
(-1, 'Нет данных', NULL),
(1, 'низкодифференцированная', NULL),
(2, 'умеренно дифференцированная', NULL),
(3, 'высокодифференцированная', NULL);

-- --------------------------------------------------------

--
-- Структура таблицы `kras_tumor_histological_type`
--

CREATE TABLE IF NOT EXISTS `kras_tumor_histological_type` (
  `id` int(11) NOT NULL,
  `name` varchar(100) NOT NULL DEFAULT '',
  `user` varchar(25) DEFAULT NULL
) ENGINE=InnoDB DEFAULT CHARSET=utf8;

--
-- Дамп данных таблицы `kras_tumor_histological_type`
--

INSERT INTO `kras_tumor_histological_type` (`id`, `name`, `user`) VALUES
(-1, 'Нет данных', NULL),
(1, 'аденокарцинома', NULL),
(2, 'муцинозный рак', NULL),
(3, 'муцинозная аденокарцинома', NULL);

-- --------------------------------------------------------

--
-- Структура таблицы `kras_user`
--

CREATE TABLE IF NOT EXISTS `kras_user` (
`id` int(11) NOT NULL,
  `username_email` varchar(50) DEFAULT NULL,
  `password` varchar(50) DEFAULT NULL,
  `active` int(11) DEFAULT '0',
  `last_name` varchar(50) DEFAULT NULL,
  `first_name` varchar(50) DEFAULT NULL,
  `patronymic_name` varchar(50) DEFAULT NULL,
  `sex_id` int(11) DEFAULT '-1' COMMENT 'Пол',
  `date_birth` date DEFAULT NULL COMMENT 'Дата рождения',
  `project` varchar(50) DEFAULT NULL,
  `comments` varchar(100) DEFAULT NULL COMMENT 'Примечание',
  `user` varchar(25) DEFAULT NULL,
  `insert_date` timestamp NOT NULL DEFAULT CURRENT_TIMESTAMP
) ENGINE=InnoDB AUTO_INCREMENT=42 DEFAULT CHARSET=utf8;

--
-- Дамп данных таблицы `kras_user`
--

INSERT INTO `kras_user` (`id`, `username_email`, `password`, `active`, `last_name`, `first_name`, `patronymic_name`, `sex_id`, `date_birth`, `project`, `comments`, `user`, `insert_date`) VALUES
(30, 'sanzhar73@mail.ru', 'd8578edf8458ce06fbc5bb76a58c5ca4', 1, NULL, NULL, NULL, NULL, NULL, NULL, NULL, NULL, '2014-05-07 06:37:11'),
(39, 'sanzhar73@gmail.com', 'd8578edf8458ce06fbc5bb76a58c5ca4', 1, NULL, NULL, NULL, NULL, NULL, NULL, NULL, NULL, '2014-06-05 13:54:50'),
(40, 'surya_esentay@mail.ru', '72d6d4d89e50f20bf6aa3ecc6a01532b', 1, NULL, NULL, NULL, NULL, NULL, NULL, NULL, NULL, '2014-06-06 00:13:08'),
(41, 'gulsum_smagulova@mail.ru', '3e1fcaf6d5289b672b2cf4550c47143c', 1, NULL, NULL, NULL, NULL, NULL, NULL, NULL, NULL, '2014-09-19 17:33:38');

-- --------------------------------------------------------

--
-- Структура таблицы `kras_user_visit`
--

CREATE TABLE IF NOT EXISTS `kras_user_visit` (
`id` int(11) NOT NULL,
  `username` varchar(40) NOT NULL DEFAULT '',
  `date_time` timestamp NOT NULL DEFAULT CURRENT_TIMESTAMP
) ENGINE=InnoDB AUTO_INCREMENT=237 DEFAULT CHARSET=utf8;

--
-- Дамп данных таблицы `kras_user_visit`
--

INSERT INTO `kras_user_visit` (`id`, `username`, `date_time`) VALUES
(1, 'sanzhar@yahoo.com', '2014-05-10 01:44:26'),
(2, 'sanzhar@yahoo.com', '2014-05-10 01:45:28'),
(3, 'sanzhar@yahoo.com', '2014-05-10 01:59:04'),
(4, 'sanzhar@yahoo.com', '2014-05-10 02:23:19'),
(5, 'sanzhar@yahoo.com', '2014-05-10 03:31:23'),
(6, 'sanzhar@yahoo.com', '2014-05-11 01:22:58'),
(7, 'sanzhar73@mail.ru', '2014-05-21 08:23:55'),
(8, 'sanzhar73@gmail.com', '2014-06-05 13:55:19'),
(9, 'surya_esentay@mail.ru', '2014-06-06 00:14:54'),
(10, 'sanzhar73@mail.ru', '2014-06-06 02:49:28'),
(11, 'sanzhar73@mail.ru', '2014-09-05 09:26:50'),
(12, 'sanzhar73@mail.ru', '2014-09-05 09:27:38'),
(13, 'gulsum_smagulova@mail.ru', '2014-09-19 17:41:02'),
(14, 'gulsum_smagulova@mail.ru', '2014-09-29 05:37:29'),
(15, 'gulsum_smagulova@mail.ru', '2014-09-29 16:22:51'),
(16, 'gulsum_smagulova@mail.ru', '2014-10-02 09:53:25'),
(17, 'gulsum_smagulova@mail.ru', '2014-10-02 17:03:54'),
(18, 'gulsum_smagulova@mail.ru', '2014-10-03 03:00:01'),
(19, 'gulsum_smagulova@mail.ru', '2014-10-04 18:14:08'),
(20, 'sanzhar73@mail.ru', '2014-10-11 01:17:35'),
(21, 'sanzhar73@mail.ru', '2014-10-11 01:19:38'),
(22, 'gulsum_smagulova@mail.ru', '2014-10-11 15:45:19'),
(23, 'gulsum_smagulova@mail.ru', '2014-10-13 02:53:42'),
(24, 'gulsum_smagulova@mail.ru', '2014-10-13 13:56:16'),
(25, 'gulsum_smagulova@mail.ru', '2014-10-14 03:41:11'),
(26, 'gulsum_smagulova@mail.ru', '2014-10-14 06:38:29'),
(27, 'gulsum_smagulova@mail.ru', '2014-10-16 17:08:00'),
(28, 'gulsum_smagulova@mail.ru', '2014-10-16 17:10:59'),
(29, 'gulsum_smagulova@mail.ru', '2014-10-17 09:05:00'),
(30, 'gulsum_smagulova@mail.ru', '2014-10-17 10:34:10'),
(31, 'sanzhar73@mail.ru', '2014-10-17 12:39:17'),
(32, 'sanzhar73@mail.ru', '2014-10-17 14:28:54'),
(33, 'sanzhar73@mail.ru', '2014-10-17 14:44:33'),
(34, 'sanzhar73@mail.ru', '2014-10-17 17:29:17'),
(35, 'gulsum_smagulova@mail.ru', '2014-10-20 07:02:56'),
(36, 'sanzhar73@mail.ru', '2014-10-20 11:37:33'),
(37, 'gulsum_smagulova@mail.ru', '2014-10-20 17:03:27'),
(38, 'gulsum_smagulova@mail.ru', '2014-10-21 08:58:22'),
(39, 'gulsum_smagulova@mail.ru', '2014-10-22 05:16:43'),
(40, 'gulsum_smagulova@mail.ru', '2014-10-22 09:59:10'),
(41, 'gulsum_smagulova@mail.ru', '2014-10-24 19:17:16'),
(42, 'gulsum_smagulova@mail.ru', '2014-10-28 05:41:03'),
(43, 'gulsum_smagulova@mail.ru', '2014-11-04 10:02:25'),
(44, 'sanzhar73@mail.ru', '2014-11-10 03:46:58'),
(45, 'sanzhar73@mail.ru', '2014-11-10 03:48:27'),
(46, 'sanzhar73@mail.ru', '2014-11-10 04:29:21'),
(47, 'sanzhar73@mail.ru', '2014-11-10 04:45:38'),
(48, 'sanzhar73@mail.ru', '2014-11-10 04:55:38'),
(49, 'sanzhar73@mail.ru', '2014-11-10 05:49:31'),
(50, 'sanzhar73@mail.ru', '2014-11-10 17:26:28'),
(51, 'gulsum_smagulova@mail.ru', '2014-11-13 16:49:35'),
(52, 'gulsum_smagulova@mail.ru', '2014-11-14 02:39:05'),
(53, 'gulsum_smagulova@mail.ru', '2014-11-14 17:01:59'),
(54, 'gulsum_smagulova@mail.ru', '2014-11-14 18:11:38'),
(55, 'gulsum_smagulova@mail.ru', '2014-11-16 17:37:35'),
(56, 'sanzhar73@mail.ru', '2014-11-20 09:22:06'),
(57, 'gulsum_smagulova@mail.ru', '2014-11-23 07:02:39'),
(58, 'gulsum_smagulova@mail.ru', '2014-11-23 09:53:44'),
(59, 'gulsum_smagulova@mail.ru', '2014-11-23 14:05:38'),
(60, 'gulsum_smagulova@mail.ru', '2014-11-24 15:51:19'),
(61, 'gulsum_smagulova@mail.ru', '2014-11-24 17:09:08'),
(62, 'gulsum_smagulova@mail.ru', '2014-11-26 14:36:40'),
(63, 'gulsum_smagulova@mail.ru', '2014-11-26 15:09:55'),
(64, 'gulsum_smagulova@mail.ru', '2014-11-26 16:49:44'),
(65, 'gulsum_smagulova@mail.ru', '2014-11-27 15:28:58'),
(66, 'gulsum_smagulova@mail.ru', '2014-11-27 16:20:05'),
(67, 'gulsum_smagulova@mail.ru', '2014-11-28 18:22:47'),
(68, 'gulsum_smagulova@mail.ru', '2014-11-29 17:18:51'),
(69, 'gulsum_smagulova@mail.ru', '2014-12-01 15:19:10'),
(70, 'gulsum_smagulova@mail.ru', '2014-12-01 17:02:50'),
(71, 'surya_esentay@mail.ru', '2014-12-02 04:01:19'),
(72, 'sanzhar73@mail.ru', '2014-12-02 09:31:49'),
(73, 'sanzhar73@mail.ru', '2014-12-02 10:25:39'),
(74, 'gulsum_smagulova@mail.ru', '2014-12-02 17:03:11'),
(75, 'sanzhar73@mail.ru', '2014-12-02 23:54:32'),
(76, 'sanzhar73@mail.ru', '2014-12-03 03:21:26'),
(77, 'gulsum_smagulova@mail.ru', '2014-12-03 15:09:20'),
(78, 'gulsum_smagulova@mail.ru', '2014-12-03 16:04:02'),
(79, 'gulsum_smagulova@mail.ru', '2014-12-04 08:50:00'),
(80, 'gulsum_smagulova@mail.ru', '2014-12-04 15:17:00'),
(81, 'gulsum_smagulova@mail.ru', '2014-12-04 16:30:04'),
(82, 'gulsum_smagulova@mail.ru', '2014-12-05 15:35:43'),
(83, 'gulsum_smagulova@mail.ru', '2014-12-05 17:16:15'),
(84, 'gulsum_smagulova@mail.ru', '2014-12-06 06:04:54'),
(85, 'gulsum_smagulova@mail.ru', '2014-12-06 16:57:47'),
(86, 'gulsum_smagulova@mail.ru', '2014-12-06 17:24:02'),
(87, 'gulsum_smagulova@mail.ru', '2014-12-06 18:14:59'),
(88, 'gulsum_smagulova@mail.ru', '2014-12-08 16:07:05'),
(89, 'gulsum_smagulova@mail.ru', '2014-12-09 07:48:36'),
(90, 'gulsum_smagulova@mail.ru', '2014-12-09 08:26:06'),
(91, 'gulsum_smagulova@mail.ru', '2014-12-09 16:57:43'),
(92, 'gulsum_smagulova@mail.ru', '2014-12-09 18:10:09'),
(93, 'gulsum_smagulova@mail.ru', '2014-12-10 03:39:51'),
(94, 'gulsum_smagulova@mail.ru', '2014-12-10 03:44:41'),
(95, 'gulsum_smagulova@mail.ru', '2014-12-10 03:50:59'),
(96, 'gulsum_smagulova@mail.ru', '2014-12-10 15:33:45'),
(97, 'gulsum_smagulova@mail.ru', '2014-12-10 17:36:14'),
(98, 'gulsum_smagulova@mail.ru', '2014-12-11 03:44:44'),
(99, 'gulsum_smagulova@mail.ru', '2014-12-11 04:49:50'),
(100, 'gulsum_smagulova@mail.ru', '2014-12-11 05:42:14'),
(101, 'gulsum_smagulova@mail.ru', '2014-12-11 08:46:51'),
(102, 'gulsum_smagulova@mail.ru', '2014-12-11 15:49:33'),
(103, 'gulsum_smagulova@mail.ru', '2014-12-12 03:14:01'),
(104, 'gulsum_smagulova@mail.ru', '2014-12-12 03:15:24'),
(105, 'surya_esentay@mail.ru', '2014-12-12 04:14:23'),
(106, 'gulsum_smagulova@mail.ru', '2014-12-12 05:15:14'),
(107, 'gulsum_smagulova@mail.ru', '2014-12-12 08:50:19'),
(108, 'gulsum_smagulova@mail.ru', '2014-12-12 16:50:46'),
(109, 'gulsum_smagulova@mail.ru', '2014-12-12 18:33:04'),
(110, 'gulsum_smagulova@mail.ru', '2014-12-13 06:37:22'),
(111, 'gulsum_smagulova@mail.ru', '2014-12-13 12:45:31'),
(112, 'gulsum_smagulova@mail.ru', '2014-12-13 17:32:05'),
(113, 'gulsum_smagulova@mail.ru', '2014-12-13 19:26:36'),
(114, 'gulsum_smagulova@mail.ru', '2014-12-14 08:03:34'),
(115, 'gulsum_smagulova@mail.ru', '2014-12-15 10:18:18'),
(116, 'gulsum_smagulova@mail.ru', '2014-12-15 17:08:35'),
(117, 'gulsum_smagulova@mail.ru', '2014-12-17 15:14:09'),
(118, 'gulsum_smagulova@mail.ru', '2014-12-18 03:54:10'),
(119, 'sanzhar73@mail.ru', '2014-12-18 15:04:21'),
(120, 'sanzhar73@mail.ru', '2014-12-18 16:28:40'),
(121, 'sanzhar73@mail.ru', '2014-12-18 18:10:29'),
(122, 'sanzhar73@mail.ru', '2014-12-19 08:40:45'),
(123, 'sanzhar73@mail.ru', '2014-12-19 14:57:25'),
(124, 'sanzhar73@mail.ru', '2014-12-20 01:41:31'),
(125, 'sanzhar73@mail.ru', '2014-12-20 02:18:14'),
(126, 'gulsum_smagulova@mail.ru', '2014-12-20 06:16:58'),
(127, 'gulsum_smagulova@mail.ru', '2014-12-20 11:56:25'),
(128, 'gulsum_smagulova@mail.ru', '2014-12-20 14:58:13'),
(129, 'sanzhar73@mail.ru', '2014-12-21 03:55:28'),
(130, 'sanzhar73@mail.ru', '2014-12-21 03:55:37'),
(131, 'gulsum_smagulova@mail.ru', '2014-12-21 07:21:08'),
(132, 'gulsum_smagulova@mail.ru', '2014-12-21 08:32:39'),
(133, 'gulsum_smagulova@mail.ru', '2014-12-21 09:15:17'),
(134, 'sanzhar73@mail.ru', '2014-12-21 12:14:32'),
(135, 'sanzhar73@mail.ru', '2014-12-22 04:06:46'),
(136, 'gulsum_smagulova@mail.ru', '2014-12-30 17:37:12'),
(137, 'sanzhar73@mail.ru', '2015-01-03 10:56:18'),
(138, 'gulsum_smagulova@mail.ru', '2015-01-10 14:28:13'),
(139, 'gulsum_smagulova@mail.ru', '2015-01-12 16:48:18'),
(140, 'gulsum_smagulova@mail.ru', '2015-01-12 17:37:23'),
(141, 'gulsum_smagulova@mail.ru', '2015-01-13 03:42:46'),
(142, 'surya_esentay@mail.ru', '2015-02-06 05:38:06'),
(143, 'surya_esentay@mail.ru', '2015-02-09 10:52:30'),
(144, 'surya_esentay@mail.ru', '2015-02-10 03:15:51'),
(145, 'surya_esentay@mail.ru', '2015-02-10 09:14:40'),
(146, 'sanzhar73@mail.ru', '2015-02-10 09:39:04'),
(147, 'sanzhar73@mail.ru', '2015-02-10 10:11:35'),
(148, 'surya_esentay@mail.ru', '2015-02-10 10:11:49'),
(149, 'gulsum_smagulova@mail.ru', '2015-02-10 17:39:12'),
(150, 'surya_esentay@mail.ru', '2015-02-10 23:29:01'),
(151, 'surya_esentay@mail.ru', '2015-02-11 06:34:09'),
(152, 'surya_esentay@mail.ru', '2015-02-11 14:59:20'),
(153, 'gulsum_smagulova@mail.ru', '2015-02-11 17:57:03'),
(154, 'surya_esentay@mail.ru', '2015-02-11 23:49:17'),
(155, 'gulsum_smagulova@mail.ru', '2015-02-12 16:46:59'),
(156, 'sanzhar73@mail.ru', '2015-02-15 16:30:42'),
(157, 'gulsum_smagulova@mail.ru', '2015-02-15 17:56:41'),
(158, 'surya_esentay@mail.ru', '2015-02-16 10:33:16'),
(159, 'surya_esentay@mail.ru', '2015-02-16 14:06:22'),
(160, 'surya_esentay@mail.ru', '2015-02-16 14:06:22'),
(161, 'gulsum_smagulova@mail.ru', '2015-02-16 14:45:20'),
(162, 'gulsum_smagulova@mail.ru', '2015-02-16 15:26:53'),
(163, 'surya_esentay@mail.ru', '2015-02-17 00:31:25'),
(164, 'surya_esentay@mail.ru', '2015-02-17 02:36:38'),
(165, 'gulsum_smagulova@mail.ru', '2015-02-18 05:01:16'),
(166, 'gulsum_smagulova@mail.ru', '2015-02-25 17:21:41'),
(167, 'gulsum_smagulova@mail.ru', '2015-03-02 13:37:41'),
(168, 'gulsum_smagulova@mail.ru', '2015-03-07 20:54:09'),
(169, 'gulsum_smagulova@mail.ru', '2015-03-13 03:14:28'),
(170, 'gulsum_smagulova@mail.ru', '2015-03-13 07:35:50'),
(171, 'gulsum_smagulova@mail.ru', '2015-03-13 08:50:52'),
(172, 'gulsum_smagulova@mail.ru', '2015-03-13 09:34:41'),
(173, 'gulsum_smagulova@mail.ru', '2015-03-13 14:24:26'),
(174, 'gulsum_smagulova@mail.ru', '2015-03-13 17:41:55'),
(175, 'gulsum_smagulova@mail.ru', '2015-03-13 18:39:11'),
(176, 'surya_esentay@mail.ru', '2015-03-14 22:45:31'),
(177, 'surya_esentay@mail.ru', '2015-03-15 22:28:41'),
(178, 'surya_esentay@mail.ru', '2015-03-16 00:02:00'),
(179, 'surya_esentay@mail.ru', '2015-03-16 00:09:27'),
(180, 'gulsum_smagulova@mail.ru', '2015-03-31 04:08:30'),
(181, 'gulsum_smagulova@mail.ru', '2015-03-31 07:49:32'),
(182, 'gulsum_smagulova@mail.ru', '2015-04-07 04:54:42'),
(183, 'gulsum_smagulova@mail.ru', '2015-04-09 07:08:23'),
(184, 'surya_esentay@mail.ru', '2015-04-25 09:26:40'),
(185, 'gulsum_smagulova@mail.ru', '2015-04-29 03:28:36'),
(186, 'surya_esentay@mail.ru', '2015-05-02 08:27:29'),
(187, 'sanzhar73@mail.ru', '2015-05-10 00:24:32'),
(188, 'sanzhar73@mail.ru', '2015-05-10 01:43:36'),
(189, 'sanzhar73@mail.ru', '2015-05-11 13:07:55'),
(190, 'gulsum_smagulova@mail.ru', '2015-05-14 03:43:10'),
(191, 'gulsum_smagulova@mail.ru', '2015-05-19 03:57:06'),
(192, 'gulsum_smagulova@mail.ru', '2015-05-19 06:51:13'),
(193, 'surya_esentay@mail.ru', '2015-06-03 10:27:35'),
(194, 'gulsum_smagulova@mail.ru', '2015-06-03 18:04:54'),
(195, 'gulsum_smagulova@mail.ru', '2015-06-15 04:15:57'),
(196, 'gulsum_smagulova@mail.ru', '2015-06-16 05:00:22'),
(197, 'gulsum_smagulova@mail.ru', '2015-08-11 02:41:42'),
(198, 'gulsum_smagulova@mail.ru', '2015-08-11 06:18:39'),
(199, 'gulsum_smagulova@mail.ru', '2015-08-11 06:56:19'),
(200, 'gulsum_smagulova@mail.ru', '2015-08-11 09:43:40'),
(201, 'gulsum_smagulova@mail.ru', '2015-08-12 02:33:12'),
(202, 'gulsum_smagulova@mail.ru', '2015-08-12 07:55:32'),
(203, 'gulsum_smagulova@mail.ru', '2015-08-12 07:56:17'),
(204, 'gulsum_smagulova@mail.ru', '2015-08-12 09:53:48'),
(205, 'gulsum_smagulova@mail.ru', '2015-08-12 09:54:01'),
(206, 'gulsum_smagulova@mail.ru', '2015-08-13 02:33:44'),
(207, 'sanzhar73@mail.ru', '2015-08-13 08:58:15'),
(208, 'gulsum_smagulova@mail.ru', '2015-08-13 09:55:05'),
(209, 'gulsum_smagulova@mail.ru', '2015-08-13 10:32:40'),
(210, 'gulsum_smagulova@mail.ru', '2015-08-14 08:03:45'),
(211, 'gulsum_smagulova@mail.ru', '2015-08-17 02:49:26'),
(212, 'gulsum_smagulova@mail.ru', '2015-08-17 07:09:34'),
(213, 'sanzhar73@mail.ru', '2015-08-19 09:31:00'),
(214, 'gulsum_smagulova@mail.ru', '2015-08-24 10:01:19'),
(215, 'gulsum_smagulova@mail.ru', '2015-08-25 08:18:59'),
(216, 'sanzhar73@mail.ru', '2015-09-05 12:11:17'),
(217, 'gulsum_smagulova@mail.ru', '2015-09-09 05:05:59'),
(218, 'gulsum_smagulova@mail.ru', '2015-09-15 03:24:31'),
(219, 'gulsum_smagulova@mail.ru', '2015-09-19 09:46:21'),
(220, 'sanzhar73@mail.ru', '2015-10-16 10:26:19'),
(221, 'gulsum_smagulova@mail.ru', '2015-11-05 05:00:31'),
(222, 'gulsum_smagulova@mail.ru', '2015-11-14 08:18:34'),
(223, 'gulsum_smagulova@mail.ru', '2015-11-21 07:13:23'),
(224, 'gulsum_smagulova@mail.ru', '2015-11-26 04:21:47'),
(225, 'surya_esentay@mail.ru', '2015-12-02 11:23:42'),
(226, 'sanzhar73@mail.ru', '2016-01-03 04:11:32'),
(227, 'gulsum_smagulova@mail.ru', '2016-01-07 10:25:17'),
(228, 'gulsum_smagulova@mail.ru', '2016-01-07 10:33:02'),
(229, 'gulsum_smagulova@mail.ru', '2016-01-09 11:27:16'),
(230, 'gulsum_smagulova@mail.ru', '2016-01-09 11:29:19'),
(231, 'gulsum_smagulova@mail.ru', '2016-01-28 04:40:05'),
(232, 'gulsum_smagulova@mail.ru', '2016-01-28 18:13:16'),
(233, 'gulsum_smagulova@mail.ru', '2016-02-01 03:53:22'),
(234, 'gulsum_smagulova@mail.ru', '2016-02-01 17:19:50'),
(235, 'gulsum_smagulova@mail.ru', '2016-02-01 20:32:21'),
(236, 'gulsum_smagulova@mail.ru', '2016-03-09 05:21:24');

-- --------------------------------------------------------

--
-- Структура таблицы `kras_yes_no`
--

CREATE TABLE IF NOT EXISTS `kras_yes_no` (
  `id` int(11) NOT NULL,
  `name` varchar(25) NOT NULL DEFAULT '',
  `user` varchar(25) DEFAULT NULL
) ENGINE=InnoDB DEFAULT CHARSET=utf8;

--
-- Дамп данных таблицы `kras_yes_no`
--

INSERT INTO `kras_yes_no` (`id`, `name`, `user`) VALUES
(-1, 'Нет данных', NULL),
(0, 'Нет', NULL),
(1, 'Да', NULL);

-- --------------------------------------------------------

--
-- Структура таблицы `table1`
--

CREATE TABLE IF NOT EXISTS `table1` (
  `field1` int(11) DEFAULT NULL,
  `field2` int(11) DEFAULT NULL,
  `field3` int(11) DEFAULT NULL
) ENGINE=InnoDB DEFAULT CHARSET=utf8;

--
-- Индексы сохранённых таблиц
--

--
-- Индексы таблицы `bibl_author`
--
ALTER TABLE `bibl_author`
 ADD PRIMARY KEY (`id`), ADD KEY `publication_id` (`publication_id`);

--
-- Индексы таблицы `bibl_conference`
--
ALTER TABLE `bibl_conference`
 ADD PRIMARY KEY (`id`);

--
-- Индексы таблицы `bibl_conference_level`
--
ALTER TABLE `bibl_conference_level`
 ADD PRIMARY KEY (`id`), ADD UNIQUE KEY `name` (`name`);

--
-- Индексы таблицы `bibl_conference_type`
--
ALTER TABLE `bibl_conference_type`
 ADD PRIMARY KEY (`id`), ADD UNIQUE KEY `name` (`name`);

--
-- Индексы таблицы `bibl_conference_type_pub`
--
ALTER TABLE `bibl_conference_type_pub`
 ADD PRIMARY KEY (`id`), ADD UNIQUE KEY `name` (`name`);

--
-- Индексы таблицы `bibl_journal`
--
ALTER TABLE `bibl_journal`
 ADD PRIMARY KEY (`id`);

--
-- Индексы таблицы `bibl_patent_type`
--
ALTER TABLE `bibl_patent_type`
 ADD PRIMARY KEY (`id`), ADD UNIQUE KEY `name` (`name`);

--
-- Индексы таблицы `bibl_publication`
--
ALTER TABLE `bibl_publication`
 ADD PRIMARY KEY (`id`), ADD KEY `type_id` (`type_id`), ADD KEY `journal_id` (`journal_id`), ADD KEY `conference_id` (`conference_id`), ADD KEY `patent_type_id` (`patent_type_id`);

--
-- Индексы таблицы `bibl_publication_user`
--
ALTER TABLE `bibl_publication_user`
 ADD PRIMARY KEY (`id`), ADD UNIQUE KEY `publication_id` (`publication_id`,`user_id`), ADD KEY `publication_id_2` (`publication_id`), ADD KEY `user_id` (`user_id`);

--
-- Индексы таблицы `bibl_reference`
--
ALTER TABLE `bibl_reference`
 ADD PRIMARY KEY (`id`), ADD KEY `publication_id` (`publication_id`), ADD KEY `type_id` (`type_id`);

--
-- Индексы таблицы `bibl_type`
--
ALTER TABLE `bibl_type`
 ADD PRIMARY KEY (`id`), ADD UNIQUE KEY `name` (`name`);

--
-- Индексы таблицы `bibl_user`
--
ALTER TABLE `bibl_user`
 ADD PRIMARY KEY (`id`), ADD UNIQUE KEY `username_email` (`username_email`);

--
-- Индексы таблицы `bibl_user_visit`
--
ALTER TABLE `bibl_user_visit`
 ADD PRIMARY KEY (`id`,`date_time`);

--
-- Индексы таблицы `kras_colon_part`
--
ALTER TABLE `kras_colon_part`
 ADD PRIMARY KEY (`id`), ADD UNIQUE KEY `name` (`name`);

--
-- Индексы таблицы `kras_depth_of_invasion`
--
ALTER TABLE `kras_depth_of_invasion`
 ADD PRIMARY KEY (`id`), ADD UNIQUE KEY `name` (`name`);

--
-- Индексы таблицы `kras_intestinum_crassum_part`
--
ALTER TABLE `kras_intestinum_crassum_part`
 ADD PRIMARY KEY (`id`), ADD UNIQUE KEY `name` (`name`);

--
-- Индексы таблицы `kras_investigation`
--
ALTER TABLE `kras_investigation`
 ADD PRIMARY KEY (`id`), ADD UNIQUE KEY `patient_id` (`patient_id`), ADD KEY `intestinum_crassum_part_id` (`intestinum_crassum_part_id`), ADD KEY `colon_part_id` (`colon_part_id`), ADD KEY `rectum_part_id` (`rectum_part_id`), ADD KEY `tumor_another_existence_yes_no_id` (`tumor_another_existence_yes_no_id`), ADD KEY `metastasis_regional_lymph_nodes_yes_no_id` (`metastasis_regional_lymph_nodes_yes_no_id`), ADD KEY `status_gene_kras_id` (`status_gene_kras_id`), ADD KEY `depth_of_invasion_id` (`depth_of_invasion_id`), ADD KEY `stage_id` (`stage_id`), ADD KEY `tumor_histological_type_id` (`tumor_histological_type_id`), ADD KEY `tumor_differentiation_degree_id` (`tumor_differentiation_degree_id`), ADD KEY `status_gene_kras3_id` (`status_gene_kras3_id`), ADD KEY `status_gene_kras4_id` (`status_gene_kras4_id`), ADD KEY `status_gene_nras2_id` (`status_gene_nras2_id`), ADD KEY `status_gene_nras3_id` (`status_gene_nras3_id`), ADD KEY `status_gene_nras4_id` (`status_gene_nras4_id`);

--
-- Индексы таблицы `kras_nationality`
--
ALTER TABLE `kras_nationality`
 ADD PRIMARY KEY (`id`), ADD UNIQUE KEY `name` (`name`);

--
-- Индексы таблицы `kras_patient`
--
ALTER TABLE `kras_patient`
 ADD PRIMARY KEY (`id`), ADD KEY `prof_or_other_hazards_yes_no_id` (`prof_or_other_hazards_yes_no_id`), ADD KEY `nationality_id` (`nationality_id`), ADD KEY `smoke_yes_no_id` (`smoke_yes_no_id`), ADD KEY `sex_id` (`sex_id`);

--
-- Индексы таблицы `kras_rectum_part`
--
ALTER TABLE `kras_rectum_part`
 ADD PRIMARY KEY (`id`), ADD UNIQUE KEY `name` (`name`);

--
-- Индексы таблицы `kras_sex`
--
ALTER TABLE `kras_sex`
 ADD PRIMARY KEY (`id`), ADD UNIQUE KEY `name` (`name`);

--
-- Индексы таблицы `kras_stage`
--
ALTER TABLE `kras_stage`
 ADD PRIMARY KEY (`id`), ADD UNIQUE KEY `name` (`name`);

--
-- Индексы таблицы `kras_status_gene_kras`
--
ALTER TABLE `kras_status_gene_kras`
 ADD PRIMARY KEY (`id`), ADD UNIQUE KEY `name` (`name`);

--
-- Индексы таблицы `kras_status_gene_kras3`
--
ALTER TABLE `kras_status_gene_kras3`
 ADD PRIMARY KEY (`id`), ADD UNIQUE KEY `name` (`name`);

--
-- Индексы таблицы `kras_status_gene_kras4`
--
ALTER TABLE `kras_status_gene_kras4`
 ADD PRIMARY KEY (`id`), ADD UNIQUE KEY `name` (`name`);

--
-- Индексы таблицы `kras_status_gene_nras2`
--
ALTER TABLE `kras_status_gene_nras2`
 ADD PRIMARY KEY (`id`), ADD UNIQUE KEY `name` (`name`);

--
-- Индексы таблицы `kras_status_gene_nras3`
--
ALTER TABLE `kras_status_gene_nras3`
 ADD PRIMARY KEY (`id`), ADD UNIQUE KEY `name` (`name`);

--
-- Индексы таблицы `kras_status_gene_nras4`
--
ALTER TABLE `kras_status_gene_nras4`
 ADD PRIMARY KEY (`id`), ADD UNIQUE KEY `name` (`name`);

--
-- Индексы таблицы `kras_tumor_differentiation_degree`
--
ALTER TABLE `kras_tumor_differentiation_degree`
 ADD PRIMARY KEY (`id`), ADD UNIQUE KEY `name` (`name`);

--
-- Индексы таблицы `kras_tumor_histological_type`
--
ALTER TABLE `kras_tumor_histological_type`
 ADD PRIMARY KEY (`id`), ADD UNIQUE KEY `name` (`name`);

--
-- Индексы таблицы `kras_user`
--
ALTER TABLE `kras_user`
 ADD PRIMARY KEY (`id`), ADD UNIQUE KEY `username_email` (`username_email`);

--
-- Индексы таблицы `kras_user_visit`
--
ALTER TABLE `kras_user_visit`
 ADD PRIMARY KEY (`id`,`date_time`);

--
-- Индексы таблицы `kras_yes_no`
--
ALTER TABLE `kras_yes_no`
 ADD PRIMARY KEY (`id`);

--
-- AUTO_INCREMENT для сохранённых таблиц
--

--
-- AUTO_INCREMENT для таблицы `bibl_author`
--
ALTER TABLE `bibl_author`
MODIFY `id` int(11) NOT NULL AUTO_INCREMENT,AUTO_INCREMENT=126;
--
-- AUTO_INCREMENT для таблицы `bibl_conference`
--
ALTER TABLE `bibl_conference`
MODIFY `id` int(11) NOT NULL AUTO_INCREMENT,AUTO_INCREMENT=7;
--
-- AUTO_INCREMENT для таблицы `bibl_conference_level`
--
ALTER TABLE `bibl_conference_level`
MODIFY `id` int(11) NOT NULL AUTO_INCREMENT,AUTO_INCREMENT=4;
--
-- AUTO_INCREMENT для таблицы `bibl_conference_type`
--
ALTER TABLE `bibl_conference_type`
MODIFY `id` int(11) NOT NULL AUTO_INCREMENT,AUTO_INCREMENT=7;
--
-- AUTO_INCREMENT для таблицы `bibl_conference_type_pub`
--
ALTER TABLE `bibl_conference_type_pub`
MODIFY `id` int(11) NOT NULL AUTO_INCREMENT,AUTO_INCREMENT=5;
--
-- AUTO_INCREMENT для таблицы `bibl_journal`
--
ALTER TABLE `bibl_journal`
MODIFY `id` int(11) NOT NULL AUTO_INCREMENT,AUTO_INCREMENT=7;
--
-- AUTO_INCREMENT для таблицы `bibl_patent_type`
--
ALTER TABLE `bibl_patent_type`
MODIFY `id` int(11) NOT NULL AUTO_INCREMENT,AUTO_INCREMENT=8;
--
-- AUTO_INCREMENT для таблицы `bibl_publication`
--
ALTER TABLE `bibl_publication`
MODIFY `id` int(11) NOT NULL AUTO_INCREMENT,AUTO_INCREMENT=31;
--
-- AUTO_INCREMENT для таблицы `bibl_publication_user`
--
ALTER TABLE `bibl_publication_user`
MODIFY `id` int(11) NOT NULL AUTO_INCREMENT,AUTO_INCREMENT=32;
--
-- AUTO_INCREMENT для таблицы `bibl_reference`
--
ALTER TABLE `bibl_reference`
MODIFY `id` int(11) NOT NULL AUTO_INCREMENT,AUTO_INCREMENT=18;
--
-- AUTO_INCREMENT для таблицы `bibl_type`
--
ALTER TABLE `bibl_type`
MODIFY `id` int(11) NOT NULL AUTO_INCREMENT,AUTO_INCREMENT=9;
--
-- AUTO_INCREMENT для таблицы `bibl_user`
--
ALTER TABLE `bibl_user`
MODIFY `id` int(11) NOT NULL AUTO_INCREMENT,AUTO_INCREMENT=5;
--
-- AUTO_INCREMENT для таблицы `bibl_user_visit`
--
ALTER TABLE `bibl_user_visit`
MODIFY `id` int(11) NOT NULL AUTO_INCREMENT,AUTO_INCREMENT=48;
--
-- AUTO_INCREMENT для таблицы `kras_investigation`
--
ALTER TABLE `kras_investigation`
MODIFY `id` int(11) NOT NULL AUTO_INCREMENT,AUTO_INCREMENT=633;
--
-- AUTO_INCREMENT для таблицы `kras_nationality`
--
ALTER TABLE `kras_nationality`
MODIFY `id` int(11) NOT NULL AUTO_INCREMENT,AUTO_INCREMENT=9;
--
-- AUTO_INCREMENT для таблицы `kras_patient`
--
ALTER TABLE `kras_patient`
MODIFY `id` int(11) NOT NULL AUTO_INCREMENT,AUTO_INCREMENT=633;
--
-- AUTO_INCREMENT для таблицы `kras_user`
--
ALTER TABLE `kras_user`
MODIFY `id` int(11) NOT NULL AUTO_INCREMENT,AUTO_INCREMENT=42;
--
-- AUTO_INCREMENT для таблицы `kras_user_visit`
--
ALTER TABLE `kras_user_visit`
MODIFY `id` int(11) NOT NULL AUTO_INCREMENT,AUTO_INCREMENT=237;
--
-- Ограничения внешнего ключа сохраненных таблиц
--

--
-- Ограничения внешнего ключа таблицы `bibl_author`
--
ALTER TABLE `bibl_author`
ADD CONSTRAINT `bibl_author_fk` FOREIGN KEY (`publication_id`) REFERENCES `bibl_publication` (`id`);

--
-- Ограничения внешнего ключа таблицы `bibl_publication`
--
ALTER TABLE `bibl_publication`
ADD CONSTRAINT `bibl_publication_fk` FOREIGN KEY (`type_id`) REFERENCES `bibl_type` (`id`),
ADD CONSTRAINT `bibl_publication_fk1` FOREIGN KEY (`journal_id`) REFERENCES `bibl_journal` (`id`),
ADD CONSTRAINT `bibl_publication_fk2` FOREIGN KEY (`conference_id`) REFERENCES `bibl_conference` (`id`),
ADD CONSTRAINT `bibl_publication_fk3` FOREIGN KEY (`patent_type_id`) REFERENCES `bibl_patent_type` (`id`);

--
-- Ограничения внешнего ключа таблицы `bibl_publication_user`
--
ALTER TABLE `bibl_publication_user`
ADD CONSTRAINT `bibl_publication_user_fk` FOREIGN KEY (`publication_id`) REFERENCES `bibl_publication` (`id`),
ADD CONSTRAINT `bibl_publication_user_fk1` FOREIGN KEY (`user_id`) REFERENCES `bibl_user` (`id`);

--
-- Ограничения внешнего ключа таблицы `bibl_reference`
--
ALTER TABLE `bibl_reference`
ADD CONSTRAINT `bibl_reference_fk` FOREIGN KEY (`publication_id`) REFERENCES `bibl_publication` (`id`),
ADD CONSTRAINT `bibl_reference_fk1` FOREIGN KEY (`type_id`) REFERENCES `bibl_type` (`id`);

--
-- Ограничения внешнего ключа таблицы `kras_investigation`
--
ALTER TABLE `kras_investigation`
ADD CONSTRAINT `kras_investigation_ibfk_1` FOREIGN KEY (`patient_id`) REFERENCES `kras_patient` (`id`),
ADD CONSTRAINT `kras_investigation_ibfk_10` FOREIGN KEY (`tumor_histological_type_id`) REFERENCES `kras_tumor_histological_type` (`id`),
ADD CONSTRAINT `kras_investigation_ibfk_11` FOREIGN KEY (`tumor_differentiation_degree_id`) REFERENCES `kras_tumor_differentiation_degree` (`id`),
ADD CONSTRAINT `kras_investigation_ibfk_12` FOREIGN KEY (`status_gene_kras3_id`) REFERENCES `kras_status_gene_kras3` (`id`),
ADD CONSTRAINT `kras_investigation_ibfk_13` FOREIGN KEY (`status_gene_kras4_id`) REFERENCES `kras_status_gene_kras4` (`id`),
ADD CONSTRAINT `kras_investigation_ibfk_14` FOREIGN KEY (`status_gene_nras2_id`) REFERENCES `kras_status_gene_nras2` (`id`),
ADD CONSTRAINT `kras_investigation_ibfk_15` FOREIGN KEY (`status_gene_nras3_id`) REFERENCES `kras_status_gene_nras3` (`id`),
ADD CONSTRAINT `kras_investigation_ibfk_16` FOREIGN KEY (`status_gene_nras4_id`) REFERENCES `kras_status_gene_nras4` (`id`),
ADD CONSTRAINT `kras_investigation_ibfk_2` FOREIGN KEY (`intestinum_crassum_part_id`) REFERENCES `kras_intestinum_crassum_part` (`id`),
ADD CONSTRAINT `kras_investigation_ibfk_3` FOREIGN KEY (`colon_part_id`) REFERENCES `kras_colon_part` (`id`),
ADD CONSTRAINT `kras_investigation_ibfk_4` FOREIGN KEY (`rectum_part_id`) REFERENCES `kras_rectum_part` (`id`),
ADD CONSTRAINT `kras_investigation_ibfk_5` FOREIGN KEY (`tumor_another_existence_yes_no_id`) REFERENCES `kras_yes_no` (`id`),
ADD CONSTRAINT `kras_investigation_ibfk_6` FOREIGN KEY (`metastasis_regional_lymph_nodes_yes_no_id`) REFERENCES `kras_yes_no` (`id`),
ADD CONSTRAINT `kras_investigation_ibfk_7` FOREIGN KEY (`status_gene_kras_id`) REFERENCES `kras_status_gene_kras` (`id`),
ADD CONSTRAINT `kras_investigation_ibfk_8` FOREIGN KEY (`depth_of_invasion_id`) REFERENCES `kras_depth_of_invasion` (`id`),
ADD CONSTRAINT `kras_investigation_ibfk_9` FOREIGN KEY (`stage_id`) REFERENCES `kras_stage` (`id`);

--
-- Ограничения внешнего ключа таблицы `kras_patient`
--
ALTER TABLE `kras_patient`
ADD CONSTRAINT `kras_patient_ibfk_1` FOREIGN KEY (`prof_or_other_hazards_yes_no_id`) REFERENCES `kras_yes_no` (`id`),
ADD CONSTRAINT `kras_patient_ibfk_2` FOREIGN KEY (`nationality_id`) REFERENCES `kras_nationality` (`id`),
ADD CONSTRAINT `kras_patient_ibfk_3` FOREIGN KEY (`smoke_yes_no_id`) REFERENCES `kras_yes_no` (`id`),
ADD CONSTRAINT `kras_patient_ibfk_4` FOREIGN KEY (`sex_id`) REFERENCES `kras_sex` (`id`);

/*!40101 SET CHARACTER_SET_CLIENT=@OLD_CHARACTER_SET_CLIENT */;
/*!40101 SET CHARACTER_SET_RESULTS=@OLD_CHARACTER_SET_RESULTS */;
/*!40101 SET COLLATION_CONNECTION=@OLD_COLLATION_CONNECTION */;
